Known As,Full Name,Overall,Potential,Value(in Euro),Positions Played,Best Position,Nationality,Image Link,Age,Height(in cm),Weight(in kg),TotalStats,BaseStats,Club Name,Wage(in Euro),Release Clause,Club Position,Contract Until,Club Jersey Number,Joined On,On Loan,Preferred Foot,Weak Foot Rating,Skill Moves,International Reputation,National Team Name,National Team Image Link,National Team Position,National Team Jersey Number,Attacking Work Rate,Defensive Work Rate,Pace Total,Shooting Total,Passing Total,Dribbling Total,Defending Total,Physicality Total,Crossing,Finishing,Heading Accuracy,Short Passing,Volleys,Dribbling,Curve,Freekick Accuracy,LongPassing,BallControl,Acceleration,Sprint Speed,Agility,Reactions,Balance,Shot Power,Jumping,Stamina,Strength,Long Shots,Aggression,Interceptions,Positioning,Vision,Penalties,Composure,Marking,Standing Tackle,Sliding Tackle,Goalkeeper Diving,Goalkeeper Handling,GoalkeeperKicking,Goalkeeper Positioning,Goalkeeper Reflexes,ST Rating,LW Rating,LF Rating,CF Rating,RF Rating,RW Rating,CAM Rating,LM Rating,CM Rating,RM Rating,LWB Rating,CDM Rating,RWB Rating,LB Rating,CB Rating,RB Rating,GK Rating,player,overall,potential,value_eur,age,total_stats,best_position,nationality,position_group,ability_tier,cell
Canales,Sergio Canales Madrazo,84,84,35000000,"RM,CAM,CDM",RM,Spain,https://cdn.sofifa.net/players/190/286/23_60.png,31,176,65,2213,468,Real Betis Balompié,42000,73500000,RM,2026,10,2018,-,Left,3,4,2,-,https://cdn.sofifa.net/flags/es.png,-,-,High,Medium,83,79,85,82,68,71,81,78,50,84,67,82,85,84,86,83,84,82,83,84,81,78,39,80,71,84,68,77,84,90,80,80,64,74,62,15,12,16,13,12,80,83,82,82,82,83,84,84,84,84,80,80,80,77,71,77,23,Canales,84,84,35000000,31,2213,RM,Spain,Midfield,Starter 78-84,Midfield / Starter 78-84
Muniain,Iker Muniain Goñi,84,84,41500000,"LM,CAM",LM,Spain,https://cdn.sofifa.net/players/189/575/23_60.png,29,170,66,2088,439,Athletic Club de Bilbao,49000,87200000,CAM,2024,10,2009,-,Right,3,4,2,-,https://cdn.sofifa.net/flags/es.png,-,-,High,Medium,81,77,82,87,51,61,81,79,43,85,75,87,84,79,74,87,84,78,91,81,94,73,72,77,49,78,66,45,82,84,64,84,58,55,38,10,5,5,13,12,78,83,82,82,82,83,84,84,81,84,71,69,71,67,58,67,20,Muniain,84,84,41500000,29,2088,LM,Spain,Midfield,Starter 78-84,Midfield / Starter 78-84
J. Bellingham,Jude Bellingham,84,91,81500000,"CM,LM",CM,England,https://cdn.sofifa.net/players/252/371/23_60.png,19,186,75,2182,469,Borussia Dortmund,41000,154900000,CDM,2025,22,2020,-,Right,4,4,2,England,https://cdn.sofifa.net/flags/gb-eng.png,SUB,26,High,High,75,75,78,84,77,80,66,77,67,84,71,85,68,49,82,84,78,73,81,84,79,78,76,89,74,74,85,80,77,84,56,79,79,78,76,14,11,10,5,8,80,80,81,81,81,80,84,82,85,82,81,84,81,80,80,80,20,J. Bellingham,84,91,81500000,19,2182,CM,England,Midfield,Starter 78-84,Midfield / Starter 78-84
M. Diaby,Moussa Diaby,84,88,61500000,"RM,LM,LW",RM,France,https://cdn.sofifa.net/players/241/852/23_60.png,22,171,67,1960,429,Bayer 04 Leverkusen,70000,109200000,RM,2025,19,2019,-,Left,3,4,2,-,https://cdn.sofifa.net/flags/fr.png,-,-,High,Low,93,73,75,87,42,59,76,80,28,80,67,88,71,42,73,85,95,92,92,76,93,73,62,82,44,64,67,48,79,77,50,75,48,35,46,8,9,8,8,14,75,83,80,80,80,83,83,84,77,84,70,65,70,65,52,65,19,M. Diaby,84,88,61500000,22,1960,RM,France,Midfield,Starter 78-84,Midfield / Starter 78-84
J. Tartt,Jamie Tartt,84,91,85500000,ST,CAM,England,https://cdn.sofifa.net/players/269/761/23_60.png,24,178,84,2073,438,AFC Richmond,78000,179600000,ST,2025,9,2020,-,Right,4,5,1,-,https://cdn.sofifa.net/flags/gb-eng.png,-,-,High,Low,83,87,80,85,29,74,74,86,72,83,83,88,77,90,77,85,81,85,81,81,77,90,66,78,79,85,58,27,84,81,89,84,22,28,17,5,12,6,12,14,86,83,84,84,84,83,86,85,79,85,61,59,61,56,49,56,20,J. Tartt,84,91,85500000,24,2073,CAM,England,Midfield,Starter 78-84,Midfield / Starter 78-84
L. Sané,Leroy Sané,84,85,49500000,LM,LM,Germany,https://cdn.sofifa.net/players/222/492/23_60.png,26,183,80,2086,438,FC Bayern München,90000,85400000,LM,2025,10,2020,-,Left,2,4,3,Germany,https://cdn.sofifa.net/flags/de.png,LM,19,Medium,Medium,88,81,80,85,38,66,82,80,72,82,84,86,84,83,70,85,89,88,87,82,81,86,64,70,66,80,63,34,81,81,71,82,36,32,35,8,12,9,9,14,84,84,83,83,83,84,85,85,78,85,67,63,67,63,55,63,21,L. Sané,84,85,49500000,26,2086,LM,Germany,Midfield,Starter 78-84,Midfield / Starter 78-84
K. Havertz,Kai Havertz,84,91,84500000,"CAM,CF,ST",CAM,Germany,https://cdn.sofifa.net/players/235/790/23_60.png,23,189,82,2042,434,Chelsea,130000,173200000,LW,2025,29,2020,-,Left,4,4,3,Germany,https://cdn.sofifa.net/flags/de.png,SUB,7,Medium,Medium,81,79,79,84,45,66,74,81,80,84,80,85,84,53,79,85,76,85,77,84,75,74,75,77,69,78,42,38,82,82,73,84,39,46,38,6,8,11,10,12,84,82,82,82,82,82,86,85,81,85,68,66,68,65,59,65,20,K. Havertz,84,91,84500000,23,2042,CAM,Germany,Midfield,Starter 78-84,Midfield / Starter 78-84
D. Rice,Declan Rice,84,87,52000000,CDM,CDM,England,https://cdn.sofifa.net/players/234/378/23_60.png,23,185,80,2075,450,West Ham United,83000,102700000,CDM,2024,41,2016,-,Right,3,2,1,England,https://cdn.sofifa.net/flags/gb-eng.png,CM,4,Medium,High,71,64,74,76,82,83,55,61,72,83,50,78,58,58,84,79,68,74,55,81,67,74,74,90,79,65,84,85,58,79,71,83,82,84,80,8,11,14,5,9,72,71,73,73,73,71,77,76,81,76,80,85,80,81,83,81,19,D. Rice,84,87,52000000,23,2075,CDM,England,Midfield,Starter 78-84,Midfield / Starter 78-84
M. Mount,Mason Mount,84,87,57500000,"CAM,RW",CAM,England,https://cdn.sofifa.net/players/233/064/23_60.png,23,180,74,2119,444,Chelsea,130000,110700000,RW,2024,19,2016,-,Right,4,3,3,England,https://cdn.sofifa.net/flags/gb-eng.png,CAM,19,High,High,74,81,85,82,55,67,83,81,59,87,75,82,82,84,84,85,76,72,77,84,76,81,54,86,58,83,68,59,82,83,69,84,55,57,41,11,12,13,8,12,81,82,82,82,82,82,86,85,85,85,74,74,74,71,64,71,22,M. Mount,84,87,57500000,23,2119,CAM,England,Midfield,Starter 78-84,Midfield / Starter 78-84
J. Sancho,Jadon Sancho,84,88,61500000,"LW,RW,LM",CAM,England,https://cdn.sofifa.net/players/233/049/23_60.png,22,180,76,1977,420,Manchester United,155000,121500000,LM,2026,25,2021,-,Right,3,5,3,England,https://cdn.sofifa.net/flags/gb-eng.png,SUB,17,High,Medium,81,74,81,89,36,59,80,77,38,86,83,91,84,65,70,88,84,78,90,81,89,71,51,66,62,65,44,39,81,85,74,85,32,39,32,7,11,10,11,13,78,83,82,82,82,83,86,86,80,86,67,63,67,61,50,61,21,J. Sancho,84,88,61500000,22,1977,CAM,England,Midfield,Starter 78-84,Midfield / Starter 78-84
Marcos Llorente,Marcos Llorente Moreno,84,85,48000000,"CM,RM,RB",CAM,Spain,https://cdn.sofifa.net/players/226/161/23_60.png,27,184,74,2244,489,Atlético de Madrid,81000,102000000,SUB,2027,14,2019,-,Right,4,3,3,Spain,https://cdn.sofifa.net/flags/es.png,SUB,6,High,Medium,88,79,81,82,78,81,74,80,67,86,66,82,75,63,81,84,85,90,82,85,68,84,69,90,77,77,82,81,84,84,65,83,79,79,74,13,6,6,11,15,84,83,83,83,83,83,85,85,85,85,85,85,85,84,81,84,22,Marcos Llorente,84,85,48000000,27,2244,CAM,Spain,Midfield,Starter 78-84,Midfield / Starter 78-84
Angeliño,José Ángel Esmoris Tasende,83,85,42000000,"LWB,LM",LM,Spain,https://cdn.sofifa.net/players/220/651/23_60.png,25,171,69,2209,461,TSG Hoffenheim,64000,0,LWB,2023,11,2021,TRUE,Left,3,4,2,-,https://cdn.sofifa.net/flags/es.png,-,-,High,High,78,71,82,84,76,70,88,70,65,81,63,84,83,76,81,84,85,72,85,82,85,80,72,85,60,69,77,80,79,79,55,81,77,74,80,13,6,13,13,13,78,81,79,79,79,81,82,84,82,84,83,81,83,82,77,82,21,Angeliño,83,85,42000000,25,2209,LM,Spain,Midfield,Starter 78-84,Midfield / Starter 78-84
O. Dembélé,Ousmane Dembélé,83,86,48000000,"RW,LW",LM,France,https://cdn.sofifa.net/players/231/443/23_60.png,25,178,67,2002,428,FC Barcelona,180000,102000000,RW,2024,7,2017,-,Left,5,5,3,-,https://cdn.sofifa.net/flags/fr.png,-,-,High,Medium,93,77,79,87,36,56,85,75,43,78,76,89,82,64,76,85,94,93,90,78,81,83,58,68,51,76,54,36,77,81,75,80,42,30,33,6,6,14,10,13,79,83,81,81,81,83,85,86,78,86,67,62,67,62,50,62,20,O. Dembélé,83,86,48000000,25,2002,LM,France,Midfield,Starter 78-84,Midfield / Starter 78-84
Merino,Mikel Merino Zazón,83,86,47000000,CM,CM,Spain,https://cdn.sofifa.net/players/225/193/23_60.png,26,189,83,2247,477,Real Sociedad,49000,102200000,CM,2025,8,2018,-,Left,3,3,1,-,https://cdn.sofifa.net/flags/es.png,-,-,High,High,73,78,81,82,82,81,77,79,86,84,58,83,80,69,82,85,73,73,75,84,72,84,81,84,79,78,81,84,78,81,60,80,80,84,76,9,12,9,13,14,83,80,81,81,81,80,83,83,85,83,83,85,83,83,84,83,22,Merino,83,86,47000000,26,2247,CM,Spain,Midfield,Starter 78-84,Midfield / Starter 78-84
Fabián,Fabián Ruiz Peña,83,85,44500000,"CM,CDM",CM,Spain,https://cdn.sofifa.net/players/226/271/23_60.png,26,189,70,2125,449,Paris Saint-Germain,105000,85700000,SUB,2027,8,2022,-,Left,3,4,2,-,https://cdn.sofifa.net/flags/es.png,-,-,Medium,Medium,61,79,80,83,74,72,72,79,67,85,67,85,75,61,80,88,67,56,71,81,67,77,46,90,67,85,68,76,81,84,67,85,70,78,75,16,11,7,13,13,79,80,81,81,81,80,84,82,85,82,80,81,80,78,75,78,22,Fabián,83,85,44500000,26,2125,CM,Spain,Midfield,Starter 78-84,Midfield / Starter 78-84
Ronaldo Cabrais,Ronaldo Jailson Cabrais Petri,83,83,35000000,"CAM,RM",RM,Brazil,https://cdn.sofifa.net/players/230/481/23_60.png,30,177,75,2098,439,Palmeiras,59000,63000000,RM,2025,10,2022,-,Right,4,4,1,Brazil,https://cdn.sofifa.net/flags/br.png,RM,7,Medium,Low,88,77,83,84,35,72,83,74,64,83,76,85,86,78,82,83,90,87,86,84,71,82,69,88,68,78,62,40,82,83,77,81,24,35,33,12,12,13,15,13,81,83,82,82,82,83,83,83,80,83,68,64,68,63,53,63,23,Ronaldo Cabrais,83,83,35000000,30,2098,RM,Brazil,Midfield,Starter 78-84,Midfield / Starter 78-84
Raphinha,Raphael Dias Belloli,83,86,48000000,"RW,RM",LM,Brazil,https://cdn.sofifa.net/players/233/419/23_60.png,25,176,68,2129,455,FC Barcelona,180000,102000000,SUB,2027,22,2022,-,Left,4,4,2,-,https://cdn.sofifa.net/flags/br.png,-,-,High,High,91,79,77,85,50,73,79,77,45,76,72,87,81,79,74,84,90,91,88,83,79,83,74,86,65,79,76,55,82,77,78,80,47,54,38,8,7,13,8,14,79,83,82,82,82,83,83,84,79,84,72,69,72,68,60,68,20,Raphinha,83,86,48000000,25,2129,LM,Brazil,Midfield,Starter 78-84,Midfield / Starter 78-84
Carlos Soler,Carlos Soler Barragán,83,88,53000000,"CM,RM,CDM",CM,Spain,https://cdn.sofifa.net/players/234/153/23_60.png,25,180,76,2183,463,Paris Saint-Germain,100000,102000000,SUB,2027,28,2022,-,Right,4,3,2,Spain,https://cdn.sofifa.net/flags/es.png,SUB,17,Medium,Medium,80,77,83,80,71,72,77,78,56,85,66,80,80,85,84,81,78,82,76,83,73,77,58,84,71,76,65,74,78,85,86,76,67,79,68,6,14,7,13,11,78,80,80,80,80,80,83,83,84,83,80,80,80,78,74,78,21,Carlos Soler,83,88,53000000,25,2183,CM,Spain,Midfield,Starter 78-84,Midfield / Starter 78-84
T. Lemar,Thomas Lemar,83,86,47000000,"CM,LM,RM",CAM,France,https://cdn.sofifa.net/players/213/565/23_60.png,26,171,66,2215,462,Atlético de Madrid,74000,99900000,SUB,2023,11,2018,-,Left,3,4,3,-,https://cdn.sofifa.net/flags/fr.png,-,-,High,High,82,78,83,87,68,64,82,77,54,84,77,88,85,81,80,86,84,81,90,82,85,79,68,80,56,79,63,78,81,85,69,80,55,77,69,11,15,13,7,14,80,83,82,82,82,83,86,86,86,86,81,79,81,79,72,79,23,T. Lemar,83,86,47000000,26,2215,CAM,France,Midfield,Starter 78-84,Midfield / Starter 78-84
J. Henderson,Jordan Henderson,83,83,28500000,"CM,CDM",CM,England,https://cdn.sofifa.net/players/183/711/23_60.png,32,182,80,2190,460,Liverpool,135000,52700000,SUB,2025,14,2011,-,Right,3,3,3,England,https://cdn.sofifa.net/flags/gb-eng.png,SUB,8,High,High,66,74,83,78,78,81,82,73,64,85,71,78,80,74,87,83,66,66,66,85,67,77,78,86,78,75,83,81,78,80,64,80,77,81,76,7,13,7,9,13,79,78,78,78,78,78,82,82,83,82,83,83,83,82,81,82,22,J. Henderson,83,83,28500000,32,2190,CM,England,Midfield,Starter 78-84,Midfield / Starter 78-84
Fernando,Fernando Reges Mouta,83,83,12500000,"CDM,CB",CDM,Brazil,https://cdn.sofifa.net/players/184/134/23_60.png,34,183,76,2045,440,Sevilla FC,39000,26300000,CDM,2024,20,2019,-,Right,3,3,2,-,https://cdn.sofifa.net/flags/br.png,-,-,Medium,Medium,65,62,76,73,83,81,62,54,74,86,56,71,65,53,80,78,62,67,70,82,62,76,76,81,81,68,84,84,62,79,54,78,83,84,82,7,5,9,3,5,71,70,72,72,72,70,76,74,81,74,80,83,80,80,83,80,16,Fernando,83,83,12500000,34,2045,CDM,Brazil,Midfield,Starter 78-84,Midfield / Starter 78-84
David Silva,David Josué Jiménez Silva,83,83,12000000,"CAM,CM",CAM,Spain,https://cdn.sofifa.net/players/168/542/23_60.png,36,173,67,2015,409,Real Sociedad,37000,25200000,CAM,2023,21,2020,-,Left,2,4,4,-,https://cdn.sofifa.net/flags/es.png,-,-,High,Medium,61,72,86,85,52,53,83,70,53,89,81,84,82,77,84,86,69,55,80,82,89,72,58,65,45,71,56,50,84,89,75,90,58,53,29,6,15,7,6,12,76,80,79,79,79,80,83,83,83,83,69,70,69,64,58,64,21,David Silva,83,83,12000000,36,2015,CAM,Spain,Midfield,Starter 78-84,Midfield / Starter 78-84
A. Griezmann,Antoine Griezmann,83,83,30500000,"ST,CF,RW",CAM,France,https://cdn.sofifa.net/players/194/765/23_60.png,31,176,73,2235,454,Atlético de Madrid,185000,0,SUB,2023,8,2019,TRUE,Left,3,4,4,France,https://cdn.sofifa.net/flags/fr.png,CAM,7,Medium,Medium,80,82,83,85,52,72,83,82,83,81,85,84,86,85,80,85,79,80,90,85,83,82,88,85,64,81,73,49,88,85,79,89,43,54,50,14,8,14,13,14,83,83,83,83,83,83,83,83,83,83,73,71,73,71,65,71,23,A. Griezmann,83,83,30500000,31,2235,CAM,France,Midfield,Starter 78-84,Midfield / Starter 78-84
Luis Alberto,Luis Alberto Romero Alconchel,83,83,35500000,CM,CM,Spain,https://cdn.sofifa.net/players/198/706/23_60.png,29,183,74,1982,412,Lazio,74000,60400000,CM,2025,10,2016,-,Right,3,4,2,-,https://cdn.sofifa.net/flags/es.png,-,-,Medium,Medium,54,75,86,83,57,57,69,75,49,91,76,82,86,79,89,90,55,54,68,75,83,78,53,68,64,75,29,59,76,92,56,80,58,58,52,6,8,6,12,11,75,77,79,79,79,77,83,80,83,80,70,73,70,66,61,66,18,Luis Alberto,83,83,35500000,29,1982,CM,Spain,Midfield,Starter 78-84,Midfield / Starter 78-84
Koke,Jorge Resurrección,83,83,34500000,"CM,CDM",CM,Spain,https://cdn.sofifa.net/players/193/747/23_60.png,30,176,75,2192,462,Atlético de Madrid,74000,70700000,CM,2024,6,2011,-,Right,4,3,3,Spain,https://cdn.sofifa.net/flags/es.png,CM,8,Medium,Medium,70,72,84,79,78,79,85,69,61,86,56,77,84,77,84,81,72,69,72,84,81,81,59,91,75,75,78,82,76,83,67,85,81,82,70,14,12,5,10,13,77,78,78,78,78,78,82,83,83,83,83,83,83,82,80,82,23,Koke,83,83,34500000,30,2192,CM,Spain,Midfield,Starter 78-84,Midfield / Starter 78-84
J. Maddison,James Maddison,82,84,38000000,"CAM,RM",CAM,England,https://cdn.sofifa.net/players/220/697/23_60.png,25,175,73,2090,436,Leicester City,100000,75100000,RM,2024,10,2018,-,Right,4,4,1,-,https://cdn.sofifa.net/flags/gb-eng.png,-,-,High,Medium,73,78,84,85,54,62,81,76,35,84,73,85,86,84,83,86,77,69,84,78,83,83,51,76,53,80,68,44,81,85,74,84,59,65,42,11,14,14,12,14,76,81,80,80,80,81,84,83,82,83,71,71,71,67,59,67,22,J. Maddison,82,84,38000000,25,2090,CAM,England,Midfield,Starter 78-84,Midfield / Starter 78-84
J. Brandt,Julian Brandt,82,85,40000000,"CAM,CM,RM",CAM,Germany,https://cdn.sofifa.net/players/212/194/23_60.png,26,185,83,2027,425,Borussia Dortmund,60000,71000000,SUB,2024,19,2019,-,Right,4,4,3,Germany,https://cdn.sofifa.net/flags/de.png,SUB,20,High,Medium,67,78,82,85,48,65,79,78,52,85,79,86,77,65,81,86,66,67,84,82,83,81,62,80,68,79,39,58,80,84,54,83,44,45,48,11,16,11,8,9,80,81,81,81,81,81,85,84,83,84,71,70,71,67,59,67,22,J. Brandt,82,85,40000000,26,2027,CAM,Germany,Midfield,Starter 78-84,Midfield / Starter 78-84
F. Wirtz,Florian Wirtz,82,91,66000000,"CAM,CM",CAM,Germany,https://cdn.sofifa.net/players/256/630/23_60.png,19,176,72,1994,428,Bayer 04 Leverkusen,38000,125400000,RES,2027,27,2020,-,Right,4,4,2,-,https://cdn.sofifa.net/flags/de.png,-,-,High,Medium,78,73,80,86,51,60,77,78,39,82,68,86,76,54,82,88,76,79,85,80,82,67,52,79,50,70,63,45,78,85,60,80,55,57,44,14,14,13,6,10,75,81,80,80,80,81,84,84,81,84,71,70,71,67,58,67,21,F. Wirtz,82,91,66000000,19,1994,CAM,Germany,Midfield,Starter 78-84,Midfield / Starter 78-84
Antony,Antony Matheus dos Santos,82,88,49000000,"RW,RM",LM,Brazil,https://cdn.sofifa.net/players/255/475/23_60.png,22,174,63,2010,436,Manchester United,130000,102900000,RM,2027,21,2022,-,Left,3,5,3,-,https://cdn.sofifa.net/flags/br.png,-,-,High,Medium,93,74,75,86,39,69,79,76,45,75,67,85,80,74,62,88,95,91,92,75,85,73,57,79,62,76,76,39,76,79,66,80,46,37,21,9,10,14,8,13,78,82,80,80,80,82,83,84,76,84,67,63,67,62,53,62,20,Antony,82,88,49000000,22,2010,LM,Brazil,Midfield,Starter 78-84,Midfield / Starter 78-84
B. Saka,Bukayo Saka,82,89,60500000,"RM,LM",LM,England,https://cdn.sofifa.net/players/246/669/23_60.png,20,178,65,2101,449,Arsenal,76000,127100000,RM,2024,7,2018,-,Left,3,3,2,England,https://cdn.sofifa.net/flags/gb-eng.png,SUB,11,High,Medium,84,74,78,83,65,65,81,77,45,80,70,84,80,69,65,82,87,82,83,82,83,72,54,80,58,69,66,68,82,81,70,79,65,69,67,7,8,13,9,13,77,81,80,80,80,81,82,83,79,83,78,74,78,76,68,76,19,B. Saka,82,89,60500000,20,2101,LM,England,Midfield,Starter 78-84,Midfield / Starter 78-84
Dani Olmo,Daniel Olmo Carvajal,82,87,46000000,"CAM,CF",CAM,Spain,https://cdn.sofifa.net/players/244/260/23_60.png,24,179,72,2034,419,RB Leipzig,59000,81700000,SUB,2024,7,2020,-,Right,4,4,3,Spain,https://cdn.sofifa.net/flags/es.png,SUB,19,Medium,High,67,76,81,86,50,59,78,74,43,84,76,86,72,75,79,86,77,58,86,83,86,79,55,77,54,77,51,57,82,83,66,82,50,50,44,15,15,13,12,11,77,80,80,80,80,80,85,83,82,83,71,70,71,67,58,67,24,Dani Olmo,82,87,46000000,24,2034,CAM,Spain,Midfield,Starter 78-84,Midfield / Starter 78-84
A. Tchouaméni,Aurélien Tchouaméni,82,89,61500000,"CM,CDM",CDM,France,https://cdn.sofifa.net/players/241/637/23_60.png,22,187,81,2142,460,Real Madrid CF,145000,138400000,CDM,2028,18,2022,-,Right,3,3,2,France,https://cdn.sofifa.net/flags/fr.png,SUB,8,Medium,High,70,70,79,78,81,82,68,67,74,85,50,78,76,53,84,80,68,71,73,83,70,78,74,84,82,75,82,85,75,82,55,83,81,83,78,9,8,12,12,7,77,76,77,77,77,76,81,79,84,79,81,85,81,81,83,81,19,A. Tchouaméni,82,89,61500000,22,2142,CDM,France,Midfield,Starter 78-84,Midfield / Starter 78-84
Lucas Paquetá,Lucas Tolentino Coelho de Lima,82,87,46000000,"CAM,CM,CF",CAM,Brazil,https://cdn.sofifa.net/players/233/927/23_60.png,24,180,72,2188,461,West Ham United,77000,90900000,SUB,2027,11,2022,-,Left,4,5,2,-,https://cdn.sofifa.net/flags/br.png,-,-,High,High,72,78,79,85,69,78,72,79,68,82,74,88,77,74,78,86,71,73,75,81,77,77,78,81,77,77,76,71,80,82,75,88,67,72,63,14,9,12,11,11,81,80,81,81,81,80,84,82,83,82,77,78,77,75,74,75,21,Lucas Paquetá,82,87,46000000,24,2188,CAM,Brazil,Midfield,Starter 78-84,Midfield / Starter 78-84
Sergi Darder,Sergi Darder Moll,82,82,30500000,"CM,CDM,CAM",CM,Spain,https://cdn.sofifa.net/players/202/648/23_60.png,28,180,71,2188,472,RCD Espanyol de Barcelona,30000,64099999,CM,2026,10,2018,-,Right,3,3,1,-,https://cdn.sofifa.net/flags/es.png,-,-,Medium,Medium,82,74,82,83,74,77,75,69,60,86,74,83,84,65,85,84,81,83,81,77,75,83,60,86,75,78,76,75,75,84,60,85,76,77,75,8,9,9,8,12,78,80,80,80,80,80,82,82,82,82,81,82,81,80,77,80,19,Sergi Darder,82,82,30500000,28,2188,CM,Spain,Midfield,Starter 78-84,Midfield / Starter 78-84
D. Payet,Dimitri Payet,82,82,12500000,"CAM,LW,ST",CAM,France,https://cdn.sofifa.net/players/177/388/23_60.png,35,175,77,2015,420,Olympique de Marseille,40000,23800000,LF,2024,10,2017,-,Right,4,4,3,-,https://cdn.sofifa.net/flags/fr.png,-,-,High,Medium,70,78,84,83,40,65,85,75,59,83,76,84,83,81,80,85,71,69,81,79,74,82,34,67,71,80,54,37,82,87,81,83,38,37,39,11,15,9,14,12,80,81,80,80,80,81,82,82,80,82,66,65,66,62,54,62,23,D. Payet,82,82,12500000,35,2015,CAM,France,Midfield,Starter 78-84,Midfield / Starter 78-84
Coutinho,Philippe Coutinho Correia,82,82,29500000,"CAM,LW,CM",CAM,Brazil,https://cdn.sofifa.net/players/189/242/23_60.png,30,172,68,2076,420,Aston Villa,100000,56100000,LW,2026,23,2022,-,Right,4,5,4,-,https://cdn.sofifa.net/flags/br.png,-,-,High,Medium,62,79,80,88,52,59,78,75,48,80,78,89,90,86,77,89,74,53,91,80,92,82,58,74,52,86,59,49,80,82,70,79,55,54,47,12,7,9,14,6,78,81,80,80,80,81,82,82,82,82,70,70,70,66,59,66,20,Coutinho,82,82,29500000,30,2076,CAM,Brazil,Midfield,Starter 78-84,Midfield / Starter 78-84
Isco,Francisco Román Alarcón Suárez,82,82,29500000,"CAM,LW,CM",CAM,Spain,https://cdn.sofifa.net/players/197/781/23_60.png,30,176,79,2051,425,Sevilla FC,39000,62000000,SUB,2024,22,2022,-,Right,3,4,3,-,https://cdn.sofifa.net/flags/es.png,-,-,Medium,Medium,65,75,80,88,59,58,78,76,55,81,67,91,88,76,80,90,68,62,79,75,88,69,60,58,58,78,57,61,77,81,74,82,58,64,51,10,8,12,15,6,77,80,79,79,79,80,82,82,82,82,72,72,72,69,65,69,20,Isco,82,82,29500000,30,2051,CAM,Spain,Midfield,Starter 78-84,Midfield / Starter 78-84
Matheus Cunha,Matheus Santos Carneiro Da Cunha,81,86,39500000,"ST,CAM,LM",CAM,Brazil,https://cdn.sofifa.net/players/240/243/23_60.png,23,184,75,2018,431,Atlético de Madrid,60000,83900000,SUB,2026,9,2021,-,Right,4,4,2,-,https://cdn.sofifa.net/flags/br.png,-,-,Medium,Medium,84,82,75,84,32,74,75,84,65,78,75,86,77,64,67,84,81,86,85,82,70,83,74,81,72,82,68,24,83,77,74,82,29,28,32,8,7,13,13,11,83,82,82,82,82,82,83,83,76,83,63,59,63,59,51,59,20,Matheus Cunha,81,86,39500000,23,2018,CAM,Brazil,Midfield,Starter 78-84,Midfield / Starter 78-84
Rodrygo,Rodrygo Silva de Goes,81,88,52500000,"RW,LW",RM,Brazil,https://cdn.sofifa.net/players/243/812/23_60.png,21,174,64,1950,410,Real Madrid CF,130000,118100000,RW,2028,21,2019,-,Right,4,4,1,-,https://cdn.sofifa.net/flags/br.png,-,-,Medium,Medium,88,76,74,84,32,56,74,80,62,77,67,84,80,73,64,83,88,88,87,78,85,73,74,81,42,74,54,21,79,73,74,82,25,36,32,9,8,12,8,5,78,81,80,80,80,81,81,82,74,82,62,56,62,59,47,59,17,Rodrygo,81,88,52500000,21,1950,RM,Brazil,Midfield,Starter 78-84,Midfield / Starter 78-84
Bruno Guimarães,Bruno Guimarães Moura,81,86,38500000,"CM,CDM",CM,Brazil,https://cdn.sofifa.net/players/247/851/23_60.png,24,182,74,2110,449,Newcastle United,88000,76000000,CM,2026,39,2022,-,Right,2,3,2,-,https://cdn.sofifa.net/flags/br.png,-,-,High,High,69,67,79,81,76,77,68,68,61,84,66,81,75,62,83,82,68,69,74,80,78,64,62,84,75,67,77,78,72,82,65,83,77,79,74,7,11,15,11,11,74,76,76,76,76,76,80,79,83,79,79,82,79,78,77,78,20,Bruno Guimarães,81,86,38500000,24,2110,CM,Brazil,Midfield,Starter 78-84,Midfield / Starter 78-84
J. Musiala,Jamal Musiala,81,90,55500000,"CM,LM,CAM",CAM,Germany,https://cdn.sofifa.net/players/256/790/23_60.png,19,183,70,2012,434,FC Bayern München,39000,102700000,SUB,2026,42,2020,-,Right,4,4,1,Germany,https://cdn.sofifa.net/flags/de.png,SUB,14,Medium,Medium,76,73,75,87,63,60,66,76,49,83,63,88,64,48,75,86,81,72,91,82,92,71,55,77,53,73,59,65,76,78,51,82,64,63,69,6,9,8,8,11,76,80,80,80,80,80,83,82,81,82,75,74,75,73,66,73,19,J. Musiala,81,90,55500000,19,2012,CAM,Germany,Midfield,Starter 78-84,Midfield / Starter 78-84
Nailton Padrenda,Nailton Padrenda Mendes,81,81,28000000,"CAM,CF,ST",CAM,Brazil,https://cdn.sofifa.net/players/230/384/23_60.png,26,180,75,2005,436,Clube Atlético Mineiro,47000,50400000,CAM,2025,11,2022,-,Right,4,2,1,Brazil,https://cdn.sofifa.net/flags/br.png,SUB,17,Medium,Medium,82,73,77,82,52,70,67,72,64,85,63,84,70,67,83,85,85,79,75,80,67,75,68,75,74,79,54,53,82,75,55,78,50,52,42,8,9,12,8,8,79,80,80,80,80,80,81,81,80,81,69,70,69,67,62,67,18,Nailton Padrenda,81,81,28000000,26,2005,CAM,Brazil,Midfield,Starter 78-84,Midfield / Starter 78-84
Rosival Dourado,Rosival Jailson Dourado Santos,81,81,27000000,"CDM,CM,CAM",CDM,Brazil,https://cdn.sofifa.net/players/230/258/23_60.png,22,175,70,2033,435,Sport Club Corinthians Paulista,31000,51300000,CDM,2025,5,2022,-,Right,4,2,1,Brazil,https://cdn.sofifa.net/flags/br.png,CDM,6,High,Medium,77,57,74,77,82,68,61,53,70,82,57,77,54,57,78,76,75,78,72,80,77,60,40,91,56,59,75,82,58,77,77,81,83,86,80,15,14,14,10,9,68,71,71,71,71,71,75,76,79,76,81,81,81,81,79,81,22,Rosival Dourado,81,81,27000000,22,2033,CDM,Brazil,Midfield,Starter 78-84,Midfield / Starter 78-84
M. Götze,Mario Götze,81,81,25000000,"CAM,ST,CM",CAM,Germany,https://cdn.sofifa.net/players/192/318/23_60.png,30,176,72,2071,430,Eintracht Frankfurt,38000,42500000,CAM,2025,27,2022,-,Right,4,4,4,-,https://cdn.sofifa.net/flags/de.png,-,-,Medium,Medium,67,74,83,84,55,67,80,75,47,85,84,83,81,72,81,88,69,66,78,80,83,75,58,75,67,68,59,65,80,86,78,87,64,42,53,14,7,12,6,10,77,80,79,79,79,80,81,81,81,81,74,74,74,70,63,70,20,M. Götze,81,81,25000000,30,2071,CAM,Germany,Midfield,Starter 78-84,Midfield / Starter 78-84
Oscar,Oscar dos Santos Emboaba,81,81,25000000,"CAM,CM,LW",CAM,Brazil,https://cdn.sofifa.net/players/188/152/23_60.png,30,179,70,2152,448,Shanghai Port FC,28000,38800000,RES,2024,8,2017,-,Right,3,4,3,-,https://cdn.sofifa.net/flags/br.png,-,-,High,Medium,79,78,82,83,59,67,81,77,59,85,72,81,77,78,84,83,82,76,92,77,84,80,76,84,60,82,60,52,81,78,70,79,66,59,55,12,10,15,12,12,80,81,80,80,80,81,81,81,81,81,75,74,75,72,66,72,22,Oscar,81,81,25000000,30,2152,CAM,Brazil,Midfield,Starter 78-84,Midfield / Starter 78-84
J. Ward-Prowse,James Ward-Prowse,81,82,29500000,CM,CM,England,https://cdn.sofifa.net/players/205/569/23_60.png,27,173,66,2149,437,Southampton,69000,58300000,CDM,2026,8,2011,-,Right,3,3,2,-,https://cdn.sofifa.net/flags/gb-eng.png,-,-,High,High,59,74,86,78,67,73,90,71,57,85,51,76,93,94,84,82,66,54,75,75,76,82,65,91,64,79,76,67,68,82,79,79,64,74,65,12,12,10,15,15,73,76,75,75,75,76,79,80,82,80,77,78,77,75,70,75,22,J. Ward-Prowse,81,82,29500000,27,2149,CM,England,Midfield,Starter 78-84,Midfield / Starter 78-84
T. Savanier,Téji Savanier,81,81,25000000,"CAM,CM",CAM,France,https://cdn.sofifa.net/players/205/686/23_60.png,30,172,69,2150,444,Montpellier Hérault SC,33000,47500000,CAM,2026,11,2019,-,Right,5,4,2,-,https://cdn.sofifa.net/flags/fr.png,-,-,High,Medium,64,76,84,83,69,68,84,74,47,84,68,82,83,82,84,83,68,61,85,80,90,79,32,77,62,81,83,78,76,85,77,85,67,71,69,12,11,15,10,10,75,79,78,78,78,79,81,81,81,81,78,80,78,76,71,76,21,T. Savanier,81,81,25000000,30,2150,CAM,France,Midfield,Starter 78-84,Midfield / Starter 78-84
J. Hofmann,Jonas Hofmann,81,81,25500000,"CAM,RM,LM",CAM,Germany,https://cdn.sofifa.net/players/210/324/23_60.png,29,176,73,2093,445,Borussia Mönchengladbach,40000,43400000,RM,2025,23,2016,-,Right,4,3,2,Germany,https://cdn.sofifa.net/flags/de.png,RM,23,High,High,73,76,80,80,64,72,80,79,48,81,64,79,77,71,81,80,75,72,79,83,78,74,61,86,66,74,70,75,82,81,71,81,70,57,57,6,6,10,10,10,77,79,79,79,79,79,81,81,81,81,77,76,77,74,68,74,18,J. Hofmann,81,81,25500000,29,2093,CAM,Germany,Midfield,Starter 78-84,Midfield / Starter 78-84
K. Demirbay,Kerem Demirbay,81,81,25500000,"CM,CDM,CAM",CM,Germany,https://cdn.sofifa.net/players/211/748/23_60.png,28,183,75,2171,451,Bayer 04 Leverkusen,65000,43400000,CDM,2024,10,2019,-,Left,4,4,2,-,https://cdn.sofifa.net/flags/de.png,-,-,High,Medium,69,76,81,82,71,72,74,75,48,81,59,83,85,80,84,85,62,75,78,80,78,80,69,79,67,80,75,72,78,85,70,78,75,75,71,14,15,11,14,14,76,79,79,79,79,79,81,81,81,81,78,80,78,76,73,76,23,K. Demirbay,81,81,25500000,28,2171,CM,Germany,Midfield,Starter 78-84,Midfield / Starter 78-84
R. Andrich,Robert Andrich,81,82,26500000,"CDM,CM",CDM,Germany,https://cdn.sofifa.net/players/212/242/23_60.png,27,186,86,2156,452,Bayer 04 Leverkusen,57000,47000000,CDM,2026,8,2021,-,Right,4,3,2,-,https://cdn.sofifa.net/flags/de.png,-,-,High,High,63,76,76,73,79,85,71,74,74,79,66,74,78,80,78,76,59,67,59,79,61,84,81,87,83,81,88,80,72,73,62,71,80,79,77,7,9,10,13,15,77,73,75,75,75,73,76,76,79,76,79,82,79,79,81,79,20,R. Andrich,81,82,26500000,27,2156,CDM,Germany,Midfield,Starter 78-84,Midfield / Starter 78-84
K. Phillips,Kalvin Phillips,81,85,32000000,"CDM,CM",CDM,England,https://cdn.sofifa.net/players/224/081/23_60.png,26,178,72,2100,445,Manchester City,120000,61600000,SUB,2028,4,2022,-,Right,3,3,2,England,https://cdn.sofifa.net/flags/gb-eng.png,CM,14,Medium,High,66,65,77,76,79,82,70,62,66,82,55,73,62,71,81,80,69,64,72,77,73,75,82,85,78,68,86,78,66,75,58,79,80,82,80,8,8,8,12,14,72,72,72,72,72,72,76,76,80,76,80,82,80,79,81,79,20,K. Phillips,81,85,32000000,26,2100,CDM,England,Midfield,Starter 78-84,Midfield / Starter 78-84
C. Tolisso,Corentin Tolisso,81,81,27500000,"CM,CDM",CM,France,https://cdn.sofifa.net/players/219/683/23_60.png,27,181,81,2193,457,Olympique Lyonnais,75000,52300000,CDM,2027,88,2022,-,Right,3,3,3,-,https://cdn.sofifa.net/flags/fr.png,-,-,High,Medium,69,78,77,79,77,77,65,75,83,82,73,78,72,67,84,83,69,69,76,83,76,86,83,72,76,83,82,77,80,79,61,75,75,78,72,7,10,14,9,14,81,77,79,79,79,77,81,80,81,80,78,81,78,78,81,78,21,C. Tolisso,81,81,27500000,27,2193,CM,France,Midfield,Starter 78-84,Midfield / Starter 78-84
A. Saint-Maximin,Allan Saint-Maximin,81,83,32500000,LM,CAM,France,https://cdn.sofifa.net/players/216/388/23_60.png,25,173,67,1916,419,Newcastle United,95000,64200000,LW,2026,10,2019,-,Right,4,5,2,-,https://cdn.sofifa.net/flags/fr.png,-,-,High,Low,90,73,73,88,27,68,73,72,53,76,63,92,76,58,64,83,91,90,93,78,89,82,73,77,73,70,43,20,76,75,58,83,29,21,23,10,9,12,7,7,78,81,80,80,80,81,82,82,73,82,60,55,60,55,45,55,18,A. Saint-Maximin,81,83,32500000,25,1916,CAM,France,Midfield,Starter 78-84,Midfield / Starter 78-84
F. Neuhaus,Florian Neuhaus,80,84,29000000,CM,CM,Germany,https://cdn.sofifa.net/players/234/943/23_60.png,25,185,77,2030,433,Borussia Mönchengladbach,34000,51500000,RES,2024,32,2017,-,Right,4,3,2,-,https://cdn.sofifa.net/flags/de.png,-,-,Medium,Medium,68,73,79,80,66,67,68,73,51,84,63,80,77,55,85,80,64,72,79,79,78,75,54,81,65,80,60,72,70,81,53,75,67,67,64,6,11,10,11,15,74,76,76,76,76,76,81,79,82,79,75,77,75,73,69,73,20,F. Neuhaus,80,84,29000000,25,2030,CM,Germany,Midfield,Starter 78-84,Midfield / Starter 78-84
H. Barnes,Harvey Barnes,80,83,29000000,"LM,LW",CAM,England,https://cdn.sofifa.net/players/234/742/23_60.png,24,180,66,1971,428,Leicester City,77000,57300000,LM,2025,7,2016,-,Right,4,3,1,-,https://cdn.sofifa.net/flags/gb-eng.png,-,-,High,Medium,86,77,75,81,45,64,78,78,46,76,68,82,76,69,69,81,85,86,79,81,79,80,59,73,64,79,53,43,80,77,54,78,45,47,44,6,5,11,8,10,78,80,80,80,80,80,81,81,76,81,68,64,68,65,56,65,18,H. Barnes,80,83,29000000,24,1971,CAM,England,Midfield,Starter 78-84,Midfield / Starter 78-84
Arthur,Arthur Henrique Ramos Oliveira Melo,80,82,26500000,"CM,CDM",CM,Brazil,https://cdn.sofifa.net/players/230/658/23_60.png,25,171,73,2129,443,Liverpool,100000,0,SUB,2023,29,2020,TRUE,Right,3,4,2,-,https://cdn.sofifa.net/flags/br.png,-,-,Medium,Medium,71,65,80,86,72,69,79,56,51,84,69,84,80,60,83,89,73,69,85,81,90,76,69,78,65,73,70,75,70,77,69,86,74,74,71,6,13,13,11,12,73,77,76,76,76,77,81,81,82,81,80,80,80,77,74,77,20,Arthur,80,82,26500000,25,2129,CM,Brazil,Midfield,Starter 78-84,Midfield / Starter 78-84
Laure Santeiro,Laureano Thomas Santeiro Marre,80,80,25000000,"CAM,LM,LW",CAM,Brazil,https://cdn.sofifa.net/players/230/271/23_60.png,22,171,63,1834,382,Fluminense,27000,47500000,CAM,2025,9,2022,-,Left,5,4,1,Brazil,https://cdn.sofifa.net/flags/br.png,SUB,16,Medium,Medium,80,72,77,82,26,45,73,72,44,79,67,82,56,75,80,82,87,75,85,80,89,67,43,67,35,75,41,31,82,80,74,77,29,13,23,9,7,8,14,10,74,79,78,78,78,79,80,80,75,80,59,55,59,54,39,54,20,Laure Santeiro,80,80,25000000,22,1834,CAM,Brazil,Midfield,Starter 78-84,Midfield / Starter 78-84
M. Guendouzi,Mattéo Guendouzi,80,86,33000000,"CM,CDM",CDM,France,https://cdn.sofifa.net/players/236/496/23_60.png,23,185,68,2127,452,Olympique de Marseille,41000,69300000,RF,2025,6,2022,-,Right,3,4,1,France,https://cdn.sofifa.net/flags/fr.png,SUB,20,Medium,High,73,66,79,77,77,80,66,64,67,85,55,75,76,67,80,80,72,73,81,76,72,74,72,88,75,66,84,83,72,83,62,78,75,79,76,6,13,6,13,11,74,74,75,75,75,74,79,78,82,78,80,83,80,79,79,79,20,M. Guendouzi,80,86,33000000,23,2127,CDM,France,Midfield,Starter 78-84,Midfield / Starter 78-84
B. Kamara,Boubacar Kamara,80,86,31000000,CDM,CDM,France,https://cdn.sofifa.net/players/236/987/23_60.png,22,184,68,1975,427,Aston Villa,69000,65099999,CDM,2027,44,2022,-,Right,3,3,2,-,https://cdn.sofifa.net/flags/fr.png,-,-,Medium,High,70,54,71,73,80,79,64,47,72,77,28,71,59,47,75,77,71,70,68,74,66,67,79,82,76,63,84,86,52,72,63,84,78,82,80,8,12,8,6,11,66,67,67,67,67,67,71,72,76,72,79,81,79,79,81,79,18,B. Kamara,80,86,31000000,22,1975,CDM,France,Midfield,Starter 78-84,Midfield / Starter 78-84
R. Baku,Ridle Baku,80,84,30000000,"RM,RB,CM",RM,Germany,https://cdn.sofifa.net/players/240/709/23_60.png,24,176,75,2122,457,VfL Wolfsburg,46000,53300000,RB,2025,20,2020,-,Right,4,3,2,-,https://cdn.sofifa.net/flags/de.png,-,-,High,Medium,82,73,73,81,70,78,79,74,49,74,63,83,79,48,69,78,83,82,82,78,90,77,73,91,73,73,74,74,76,75,60,76,74,70,75,12,8,7,10,9,76,78,77,77,77,78,79,81,78,81,80,77,80,78,73,78,19,R. Baku,80,84,30000000,24,2122,RM,Germany,Midfield,Starter 78-84,Midfield / Starter 78-84
E. Smith Rowe,Emile Smith Rowe,80,87,43000000,"LM,CAM",CAM,England,https://cdn.sofifa.net/players/240/273/23_60.png,21,182,72,1830,399,Arsenal,65000,90300000,SUB,2026,10,2017,-,Right,4,4,1,-,https://cdn.sofifa.net/flags/gb-eng.png,-,-,High,High,78,71,76,81,32,61,74,74,36,81,60,84,72,58,67,81,80,76,75,77,75,70,34,75,61,67,52,28,80,80,64,78,37,30,31,11,8,14,8,10,74,79,78,78,78,79,81,81,75,81,62,59,62,57,46,57,19,E. Smith Rowe,80,87,43000000,21,1830,CAM,England,Midfield,Starter 78-84,Midfield / Starter 78-84
Jonathan Viera,Jonathan Viera Ramos,80,80,16500000,"CAM,CM,LM",CAM,Spain,https://cdn.sofifa.net/players/198/164/23_60.png,32,171,67,2131,450,Unión Deportiva Las Palmas,14000,26400000,CAM,2026,21,2021,-,Right,4,4,2,-,https://cdn.sofifa.net/flags/es.png,-,-,High,Medium,80,75,79,81,63,72,73,77,65,81,65,81,77,79,79,80,84,76,90,77,76,70,62,84,70,76,63,66,77,84,74,77,63,63,55,16,16,9,14,9,77,79,79,79,79,79,80,80,80,80,74,74,74,72,68,72,22,Jonathan Viera,80,80,16500000,32,2131,CAM,Spain,Midfield,Starter 78-84,Midfield / Starter 78-84
Allan,Allan Marques Loureiro,80,80,15000000,"CDM,CM",CDM,Brazil,https://cdn.sofifa.net/players/199/914/23_60.png,31,175,74,2081,447,Everton,46000,28500000,SUB,2023,6,2020,-,Right,3,4,2,-,https://cdn.sofifa.net/flags/br.png,-,-,Medium,High,70,69,73,79,79,77,70,71,56,78,56,78,68,49,75,79,74,67,76,81,86,73,64,89,68,66,89,74,77,71,53,85,82,85,82,13,13,5,5,8,74,75,75,75,75,75,78,78,79,78,80,80,80,80,79,80,19,Allan,80,80,15000000,31,2081,CDM,Brazil,Midfield,Starter 78-84,Midfield / Starter 78-84
Raúl García,Raúl García Escudero,80,80,9000000,ST,CM,Spain,https://cdn.sofifa.net/players/171/579/23_60.png,35,184,83,2133,421,Athletic Club de Bilbao,28000,18900000,SUB,2023,22,2015,-,Right,3,3,2,-,https://cdn.sofifa.net/flags/es.png,-,-,Medium,Medium,35,83,82,78,59,84,80,81,90,84,73,80,78,68,82,84,38,33,51,83,61,85,92,74,87,86,86,69,85,83,85,83,44,59,57,14,16,14,16,15,80,75,78,78,78,75,80,78,80,78,70,75,70,68,72,68,25,Raúl García,80,80,9000000,35,2133,CM,Spain,Midfield,Starter 78-84,Midfield / Starter 78-84
E. Capoue,Etienne Capoue,80,80,13000000,"CM,CDM",CM,France,https://cdn.sofifa.net/players/178/213/23_60.png,33,190,80,2090,436,Villarreal CF,39000,27300000,CM,2024,6,2021,-,Right,3,3,2,-,https://cdn.sofifa.net/flags/fr.png,-,-,Medium,Medium,53,73,78,75,79,78,69,72,73,83,69,78,69,71,79,80,55,52,49,80,63,80,74,79,80,75,75,84,76,79,54,76,77,79,76,12,11,11,14,12,77,73,76,76,76,73,78,77,80,77,78,80,78,77,80,77,22,E. Capoue,80,80,13000000,33,2090,CM,France,Midfield,Starter 78-84,Midfield / Starter 78-84
M. Kruse,Max Kruse,80,80,10500000,"CF,CAM",CAM,Germany,https://cdn.sofifa.net/players/183/574/23_60.png,34,180,76,1974,399,VfL Wolfsburg,58000,17900000,RES,2023,9,2022,-,Left,4,4,2,-,https://cdn.sofifa.net/flags/de.png,-,-,High,Low,51,81,81,82,40,64,79,81,63,83,80,83,83,69,80,84,51,51,72,84,76,81,65,50,73,79,58,34,85,85,91,87,43,36,29,12,7,5,13,9,79,78,80,80,80,78,80,79,78,79,60,63,60,56,54,56,20,M. Kruse,80,80,10500000,34,1974,CAM,Germany,Midfield,Starter 78-84,Midfield / Starter 78-84
F. Coquelin,Francis Coquelin,80,80,17500000,"CM,LM,CDM",CM,France,https://cdn.sofifa.net/players/189/271/23_60.png,31,176,74,2119,451,Villarreal CF,39000,36800000,SUB,2024,19,2020,-,Right,4,3,2,-,https://cdn.sofifa.net/flags/fr.png,-,-,Medium,High,68,68,78,79,78,80,69,65,63,84,60,80,71,53,81,81,69,68,73,81,77,75,80,76,80,72,85,78,77,80,52,78,80,79,79,9,9,8,10,15,75,76,76,76,76,76,80,79,80,79,79,80,79,79,80,79,20,F. Coquelin,80,80,17500000,31,2119,CM,France,Midfield,Starter 78-84,Midfield / Starter 78-84
M. Arnold,Maximilian Arnold,80,81,20500000,"CDM,CM",CM,Germany,https://cdn.sofifa.net/players/206/511/23_60.png,28,184,74,2154,452,VfL Wolfsburg,51000,36400000,CDM,2026,27,2011,-,Left,2,3,2,-,https://cdn.sofifa.net/flags/de.png,-,-,High,Medium,65,80,78,78,76,75,69,75,58,79,84,78,83,81,82,81,63,66,68,81,67,88,61,81,73,87,77,79,76,78,57,79,78,79,74,11,9,11,10,10,78,76,77,77,77,76,80,78,81,78,78,81,78,77,77,77,20,M. Arnold,80,81,20500000,28,2154,CM,Germany,Midfield,Starter 78-84,Midfield / Starter 78-84
M. Dahoud,Mahmoud Dahoud,80,82,26000000,"CM,CDM",CM,Germany,https://cdn.sofifa.net/players/218/339/23_60.png,26,178,68,2082,438,Borussia Dortmund,52000,46200000,SUB,2023,8,2017,-,Right,4,4,2,-,https://cdn.sofifa.net/flags/de.png,-,-,High,High,70,69,77,85,67,70,67,63,44,83,66,86,78,53,79,84,78,63,87,80,87,81,71,90,59,77,74,78,69,80,55,75,74,64,59,14,7,9,12,11,73,77,77,77,77,77,81,80,82,80,77,78,77,74,70,74,20,M. Dahoud,80,82,26000000,26,2082,CM,Germany,Midfield,Starter 78-84,Midfield / Starter 78-84
Joan Jordán,Joan Jordán Moreno,80,80,22500000,"CM,CDM",CM,Spain,https://cdn.sofifa.net/players/224/309/23_60.png,27,183,74,2059,434,Sevilla FC,33000,47300000,CM,2027,8,2019,-,Right,4,3,1,-,https://cdn.sofifa.net/flags/es.png,-,-,Medium,Medium,59,75,81,76,68,75,70,74,47,85,59,77,83,81,84,81,55,62,66,77,57,80,53,79,73,77,80,73,72,83,69,77,67,77,59,13,12,13,12,9,74,74,76,76,76,74,80,78,80,78,75,79,75,72,72,72,21,Joan Jordán,80,80,22500000,27,2059,CM,Spain,Midfield,Starter 78-84,Midfield / Starter 78-84
J. Bowen,Jarrod Bowen,80,83,28000000,"RM,ST",LM,England,https://cdn.sofifa.net/players/224/371/23_60.png,25,175,70,1991,421,West Ham United,73000,55300000,RM,2025,20,2020,-,Left,3,4,1,-,https://cdn.sofifa.net/flags/gb-eng.png,-,-,High,Medium,78,77,75,81,44,66,79,80,64,76,69,82,71,70,67,81,79,77,79,78,83,74,65,81,63,76,57,37,80,75,70,77,49,40,36,14,8,14,10,7,78,79,79,79,79,79,80,81,75,81,66,62,66,63,55,63,19,J. Bowen,80,83,28000000,25,1991,LM,England,Midfield,Starter 78-84,Midfield / Starter 78-84
Álex Berenguer,Alejandro Berenguer Remiro,80,80,23000000,"RM,LM",RM,Spain,https://cdn.sofifa.net/players/225/201/23_60.png,26,175,73,2114,443,Athletic Club de Bilbao,33000,48300000,LM,2024,7,2020,-,Right,4,3,1,-,https://cdn.sofifa.net/flags/es.png,-,-,High,Medium,81,76,76,82,64,64,78,78,49,77,70,82,74,75,70,81,84,79,85,79,85,76,73,72,55,72,73,65,79,78,69,79,65,68,66,14,16,8,6,13,76,80,79,79,79,80,80,80,78,80,75,73,75,74,68,74,21,Álex Berenguer,80,80,23000000,26,2114,RM,Spain,Midfield,Starter 78-84,Midfield / Starter 78-84
Morales,José Luis Morales Nogales,80,80,10000000,"LM,ST",LM,Spain,https://cdn.sofifa.net/players/216/475/23_60.png,34,180,70,2089,439,Villarreal CF,39000,21000000,ST,2024,22,2022,-,Right,4,4,2,-,https://cdn.sofifa.net/flags/es.png,-,-,High,Medium,83,81,74,82,52,67,75,83,64,75,82,84,82,68,70,80,84,83,80,78,83,83,63,74,67,78,58,58,80,74,76,82,44,54,45,14,13,13,16,8,80,80,80,80,80,80,80,80,76,80,70,67,70,67,61,67,22,Morales,80,80,10000000,34,2089,LM,Spain,Midfield,Starter 78-84,Midfield / Starter 78-84
Saúl,Saúl Ñíguez Esclápez,80,81,24000000,"CM,LM,LWB",CM,Spain,https://cdn.sofifa.net/players/208/421/23_60.png,27,184,75,2163,455,Atlético de Madrid,58000,51000000,SUB,2026,17,2013,-,Left,4,3,3,-,https://cdn.sofifa.net/flags/es.png,-,-,Medium,Medium,69,76,77,79,78,76,69,73,80,81,76,80,73,60,80,80,69,69,73,79,68,80,80,76,76,79,75,79,77,80,68,80,77,78,77,7,13,12,10,9,80,76,78,78,78,76,81,80,81,80,79,81,79,79,81,79,20,Saúl,80,81,24000000,27,2163,CM,Spain,Midfield,Starter 78-84,Midfield / Starter 78-84
Fred,Frederico de Paula Santos,80,80,20500000,"CM,CDM",CM,Brazil,https://cdn.sofifa.net/players/209/297/23_60.png,29,169,62,2186,449,Manchester United,120000,39000000,SUB,2023,17,2018,-,Left,3,4,3,-,https://cdn.sofifa.net/flags/br.png,-,-,High,High,76,67,79,81,75,71,74,61,56,83,62,80,78,74,80,80,78,74,89,87,88,78,82,94,52,68,85,83,73,76,64,75,72,81,70,7,16,15,11,15,74,77,76,76,76,77,80,80,80,80,80,80,80,80,77,80,24,Fred,80,80,20500000,29,2186,CM,Brazil,Midfield,Starter 78-84,Midfield / Starter 78-84
A. Rabiot,Adrien Rabiot,80,81,24000000,"CM,LM",CM,France,https://cdn.sofifa.net/players/210/008/23_60.png,27,192,80,2126,458,Juventus,105000,42600000,SUB,2023,25,2019,-,Left,3,3,2,France,https://cdn.sofifa.net/flags/fr.png,SUB,14,Medium,Medium,75,73,76,79,76,79,70,68,69,83,69,80,55,59,80,83,70,79,69,80,69,86,73,87,80,75,69,80,76,74,67,80,70,81,73,9,12,9,7,15,78,77,78,78,78,77,80,80,81,80,80,81,80,79,78,79,20,A. Rabiot,80,81,24000000,27,2126,CM,France,Midfield,Starter 78-84,Midfield / Starter 78-84
Carles Gil,Carles Gil Pareja,80,80,20500000,"CAM,RM",CAM,Spain,https://cdn.sofifa.net/players/210/930/23_60.png,29,170,65,1926,405,New England Revolution,13000,30800000,CAM,2024,10,2019,-,Left,4,4,2,-,https://cdn.sofifa.net/flags/es.png,-,-,High,Medium,71,70,81,80,39,64,78,72,34,83,71,81,76,65,78,81,75,68,74,80,75,63,62,85,62,72,41,40,79,86,69,77,36,43,39,12,15,16,9,6,72,78,77,77,77,78,80,80,79,80,66,64,66,61,51,61,20,Carles Gil,80,80,20500000,29,1926,CAM,Spain,Midfield,Starter 78-84,Midfield / Starter 78-84
A. Gouiri,Amine Gouiri,79,86,36000000,"ST,LM",CAM,France,https://cdn.sofifa.net/players/240/753/23_60.png,22,181,83,2024,429,Stade Rennais FC,49000,75600000,ST,2027,19,2022,-,Right,3,4,2,-,https://cdn.sofifa.net/flags/fr.png,-,-,High,Medium,78,81,76,80,45,69,76,81,68,79,78,82,78,76,69,80,81,75,76,77,72,81,69,72,71,82,61,44,82,76,78,78,45,41,32,6,12,8,9,7,81,79,80,80,80,79,81,80,76,80,65,63,65,62,57,62,18,A. Gouiri,79,86,36000000,22,2024,CAM,France,Midfield,Starter 78-84,Midfield / Starter 78-84
Luis Milla,Luis Milla Manzanares,79,81,19000000,"CDM,CM",CDM,Spain,https://cdn.sofifa.net/players/242/201/23_60.png,27,175,67,2083,439,Getafe CF,30000,41300000,SUB,2027,5,2022,-,Right,3,3,1,-,https://cdn.sofifa.net/flags/es.png,-,-,High,High,70,70,76,74,75,74,72,67,48,80,51,71,71,73,76,78,74,66,70,77,77,76,71,85,70,72,72,78,75,74,73,80,77,80,76,12,13,8,10,10,72,73,73,73,73,73,77,77,79,77,79,80,79,78,75,78,20,Luis Milla,79,81,19000000,27,2083,CDM,Spain,Midfield,Starter 78-84,Midfield / Starter 78-84
C. Gallagher,Conor Gallagher,79,86,35500000,CM,CM,England,https://cdn.sofifa.net/players/238/216/23_60.png,22,182,77,2052,444,Chelsea,89000,72800000,SUB,2025,23,2017,-,Right,2,3,1,England,https://cdn.sofifa.net/flags/gb-eng.png,SUB,18,High,High,74,76,75,78,67,74,69,77,49,77,63,78,65,70,76,82,69,78,68,80,68,79,58,93,64,78,79,71,78,78,55,72,62,75,67,7,6,15,9,9,76,77,78,78,78,77,80,80,81,80,77,77,77,75,71,75,18,C. Gallagher,79,86,35500000,22,2052,CM,England,Midfield,Starter 78-84,Midfield / Starter 78-84
David Neres,David Neres Campos,79,82,23000000,"RW,LW,CAM",CAM,Brazil,https://cdn.sofifa.net/players/236/632/23_60.png,25,176,71,1906,414,SL Benfica,18000,47700000,RM,2027,7,2022,-,Left,3,5,3,-,https://cdn.sofifa.net/flags/br.png,-,-,Medium,Medium,85,72,73,83,37,64,67,74,45,78,72,83,70,52,69,84,86,85,86,75,86,73,56,73,64,67,53,35,74,79,69,79,42,32,29,14,10,5,13,6,76,79,78,78,78,79,82,81,75,81,64,61,64,59,51,59,21,David Neres,79,82,23000000,25,1906,CAM,Brazil,Midfield,Starter 78-84,Midfield / Starter 78-84
Y. Fofana,Youssouf Fofana,79,84,24500000,"CDM,CM",CDM,France,https://cdn.sofifa.net/players/245/630/23_60.png,23,176,69,2029,437,AS Monaco,43000,48400000,CM,2024,19,2020,-,Right,3,3,2,-,https://cdn.sofifa.net/flags/fr.png,-,-,Medium,High,68,67,74,76,75,77,66,64,58,78,46,77,66,56,77,78,68,68,70,77,75,76,59,83,75,69,77,78,74,77,64,76,74,80,74,12,7,12,5,9,73,73,74,74,74,73,77,76,79,76,77,80,77,77,76,77,18,Y. Fofana,79,84,24500000,23,2029,CDM,France,Midfield,Starter 78-84,Midfield / Starter 78-84
L. Stindl,Lars Stindl,79,79,11000000,CAM,CAM,Germany,https://cdn.sofifa.net/players/187/072/23_60.png,33,181,80,2100,426,Borussia Mönchengladbach,34000,18700000,CAM,2023,13,2015,-,Right,4,4,3,-,https://cdn.sofifa.net/flags/de.png,-,-,Medium,Medium,55,79,79,79,60,74,74,78,65,81,85,79,77,75,78,82,55,55,70,83,79,80,72,75,73,79,74,60,84,83,75,80,59,62,55,7,10,13,11,12,79,77,78,78,78,77,79,79,79,79,72,74,72,69,69,69,21,L. Stindl,79,79,11000000,33,2100,CAM,Germany,Midfield,Starter 78-84,Midfield / Starter 78-84
Ansu Fati,Anssumane Fati,79,90,38000000,LW,CAM,Spain,https://cdn.sofifa.net/players/253/004/23_60.png,19,178,66,1913,402,FC Barcelona,84000,85500000,LW,2027,10,2018,-,Right,4,4,2,-,https://cdn.sofifa.net/flags/es.png,-,-,High,Medium,88,77,72,82,30,53,69,82,66,73,69,82,75,73,69,80,90,87,89,77,82,74,75,63,48,72,48,19,80,74,74,82,23,32,28,6,9,8,10,7,79,79,79,79,79,79,80,80,72,80,58,54,58,55,45,55,18,Ansu Fati,79,90,38000000,19,1913,CAM,Spain,Midfield,Starter 78-84,Midfield / Starter 78-84
Pedro,Pedro Rodríguez Ledesma,79,79,8000000,"LW,RW,CF",CAM,Spain,https://cdn.sofifa.net/players/189/505/23_60.png,34,169,65,1912,396,Lazio,57000,13600000,SUB,2023,9,2021,-,Right,5,4,3,-,https://cdn.sofifa.net/flags/es.png,-,-,High,Low,73,74,76,86,36,51,69,74,39,81,70,84,82,57,72,88,79,68,90,77,91,73,65,69,40,76,53,42,77,82,66,80,41,29,26,5,11,12,15,9,75,79,79,79,79,79,79,79,78,79,63,62,63,58,48,58,20,Pedro,79,79,8000000,34,1912,CAM,Spain,Midfield,Starter 78-84,Midfield / Starter 78-84
M. Bumbercatch,Moe Bumbercatch,79,82,23000000,"CM,CDM,CAM",CM,England,https://cdn.sofifa.net/players/269/771/23_60.png,25,174,65,2042,440,AFC Richmond,53000,45400000,CM,2024,21,2018,-,Right,5,3,1,-,https://cdn.sofifa.net/flags/gb-eng.png,-,-,Medium,Medium,87,61,78,81,72,61,70,58,49,85,46,81,69,61,80,82,88,87,85,76,80,67,61,80,49,61,69,76,68,80,66,78,76,75,68,10,11,7,14,7,70,77,75,75,75,77,80,80,81,80,79,79,79,78,72,78,20,M. Bumbercatch,79,82,23000000,25,2042,CM,England,Midfield,Starter 78-84,Midfield / Starter 78-84
Gavi,Pablo Martín Páez Gavira,79,88,36000000,"CM,LW,RW",CAM,Spain,https://cdn.sofifa.net/players/264/240/23_60.png,17,173,68,2022,432,FC Barcelona,17000,81000000,SUB,2026,30,2020,-,Right,3,3,1,-,https://cdn.sofifa.net/flags/es.png,-,-,High,High,76,64,77,83,65,67,69,68,42,83,49,83,74,47,79,82,77,75,86,79,90,56,70,79,55,67,82,74,78,81,51,74,59,72,66,8,10,11,7,13,71,78,77,77,77,78,81,80,81,80,76,77,76,74,69,74,19,Gavi,79,88,36000000,17,2022,CAM,Spain,Midfield,Starter 78-84,Midfield / Starter 78-84
Yeremy Pino,Yeremy Jesús Pino Santos,79,87,38000000,"RM,ST",CAM,Spain,https://cdn.sofifa.net/players/259/377/23_60.png,19,172,60,1828,388,Villarreal CF,21000,87400000,RM,2027,21,2020,-,Right,4,3,1,-,https://cdn.sofifa.net/flags/es.png,-,-,High,Low,77,73,76,79,38,45,77,79,46,78,67,81,73,60,74,80,78,77,80,74,79,68,34,70,33,69,48,29,79,76,54,60,31,48,41,9,7,14,6,9,73,78,77,77,77,78,80,80,75,80,63,59,63,60,47,60,17,Yeremy Pino,79,87,38000000,19,1828,CAM,Spain,Midfield,Starter 78-84,Midfield / Starter 78-84
E. Camavinga,Eduardo Camavinga,79,89,38000000,"CM,CDM",CDM,France,https://cdn.sofifa.net/players/248/243/23_60.png,19,182,68,2125,455,Real Madrid CF,78000,85500000,SUB,2027,12,2021,-,Left,3,4,3,-,https://cdn.sofifa.net/flags/fr.png,-,-,High,High,76,66,78,81,76,78,70,62,64,84,59,80,72,59,81,83,75,76,81,79,78,73,70,81,78,69,78,77,73,77,62,82,75,80,79,12,6,8,12,12,76,76,76,76,76,76,81,80,82,80,81,83,81,81,80,81,21,E. Camavinga,79,89,38000000,19,2125,CDM,France,Midfield,Starter 78-84,Midfield / Starter 78-84
Zubimendi,Martín Zubimendi Ibáñez,79,86,35000000,"CM,CDM",CM,Spain,https://cdn.sofifa.net/players/248/148/23_60.png,23,181,74,1994,420,Real Sociedad,32000,80500000,CM,2025,3,2018,-,Right,4,3,1,-,https://cdn.sofifa.net/flags/es.png,-,-,Medium,Medium,59,64,74,74,79,70,65,67,65,82,42,69,62,47,77,79,65,54,71,84,73,58,78,79,66,69,66,83,79,78,45,82,78,83,78,7,6,12,14,13,72,72,73,73,73,72,77,75,81,75,78,81,78,78,78,78,20,Zubimendi,79,86,35000000,23,1994,CM,Spain,Midfield,Starter 78-84,Midfield / Starter 78-84
M. Caqueret,Maxence Caqueret,79,85,26000000,"CDM,CM",CM,France,https://cdn.sofifa.net/players/246/646/23_60.png,22,174,63,1982,428,Olympique Lyonnais,52000,54600000,CM,2026,6,2018,-,Right,3,3,2,-,https://cdn.sofifa.net/flags/fr.png,-,-,High,High,73,58,73,81,75,68,59,55,48,81,49,80,66,52,77,80,75,71,86,78,84,63,42,85,56,59,83,80,69,79,53,78,75,81,71,8,5,12,5,15,68,73,73,73,73,73,78,77,80,77,78,80,78,77,74,77,18,M. Caqueret,79,85,26000000,22,1982,CM,France,Midfield,Starter 78-84,Midfield / Starter 78-84
L. Blas,Ludovic Blas,79,83,25000000,"CAM,RM,ST",CAM,France,https://cdn.sofifa.net/players/231/102/23_60.png,24,180,70,2069,430,FC Nantes,28000,51900000,RW,2024,10,2019,-,Left,2,4,2,-,https://cdn.sofifa.net/flags/fr.png,-,-,High,Medium,73,76,77,82,58,64,73,72,58,80,77,85,77,69,75,82,78,69,79,73,76,80,66,73,63,83,55,66,74,78,74,84,47,64,59,12,9,14,14,15,76,78,78,78,78,78,81,79,79,79,72,71,72,70,64,70,21,L. Blas,79,83,25000000,24,2069,CAM,France,Midfield,Starter 78-84,Midfield / Starter 78-84
Jorge Andrão,Everton Jorge Andrade Zanon,79,79,17000000,"CDM,CM",CDM,Brazil,https://cdn.sofifa.net/players/230/234/23_60.png,26,177,75,2040,432,Fluminense,27000,32299999,CDM,2025,26,2022,-,Right,4,2,1,Brazil,https://cdn.sofifa.net/flags/br.png,CM,8,High,High,67,62,74,75,78,76,75,58,59,78,58,75,48,73,75,77,68,66,76,78,71,72,71,89,68,64,81,79,54,73,61,68,80,81,77,9,9,14,15,8,68,71,69,69,69,71,74,75,77,75,79,79,79,79,78,79,20,Jorge Andrão,79,79,17000000,26,2040,CDM,Brazil,Midfield,Starter 78-84,Midfield / Starter 78-84
Pablo Fornals,Pablo Fornals Malla,79,81,21500000,"CAM,LM",CM,Spain,https://cdn.sofifa.net/players/226/456/23_60.png,26,178,67,2069,439,West Ham United,72000,42500000,LM,2024,8,2019,-,Right,3,4,2,-,https://cdn.sofifa.net/flags/es.png,-,-,High,High,67,74,79,79,69,71,77,72,50,81,72,79,71,70,78,83,68,66,76,75,75,77,50,84,67,78,71,71,76,80,55,77,70,72,71,9,11,12,7,15,75,77,76,76,76,77,80,79,81,79,77,78,77,75,71,75,20,Pablo Fornals,79,81,21500000,26,2069,CM,Spain,Midfield,Starter 78-84,Midfield / Starter 78-84
J. Weigl,Julian Weigl,79,80,20500000,"CM,CDM",CDM,Germany,https://cdn.sofifa.net/players/222/028/23_60.png,26,187,80,2029,429,Borussia Mönchengladbach,17000,0,CDM,2023,8,2020,TRUE,Right,3,3,2,-,https://cdn.sofifa.net/flags/de.png,-,-,Low,Medium,59,64,75,77,79,75,59,65,65,84,57,76,63,46,83,80,67,52,76,82,65,68,68,85,68,61,83,80,69,79,52,83,81,81,80,6,14,16,11,7,72,72,73,73,73,72,78,76,80,76,78,80,78,78,79,78,20,J. Weigl,79,80,20500000,26,2029,CDM,Germany,Midfield,Starter 78-84,Midfield / Starter 78-84
B. White,Benjamin White,79,86,32500000,CB,CDM,England,https://cdn.sofifa.net/players/231/936/23_60.png,24,185,77,1761,395,Arsenal,65000,68300000,RB,2026,4,2021,-,Right,4,2,1,-,https://cdn.sofifa.net/flags/gb-eng.png,-,-,High,Medium,70,29,67,72,81,76,53,22,74,80,21,72,45,20,79,76,68,71,63,80,55,50,79,75,76,25,78,83,39,68,24,80,82,82,79,8,11,12,5,6,58,61,61,61,61,61,67,68,73,68,77,81,77,78,81,78,18,B. White,79,86,32500000,24,1761,CDM,England,Midfield,Starter 78-84,Midfield / Starter 78-84
Fran Beltrán,Francisco José Beltrán Peinado,79,84,24500000,"CDM,CM",CDM,Spain,https://cdn.sofifa.net/players/235/997/23_60.png,23,165,64,1958,412,RC Celta de Vigo,22000,53300000,CM,2026,8,2018,-,Right,3,3,1,-,https://cdn.sofifa.net/flags/es.png,-,-,Medium,High,60,56,77,77,77,65,72,53,60,84,55,78,54,55,82,77,62,58,77,75,78,61,57,67,63,60,68,78,63,79,49,66,77,81,80,14,11,8,13,9,67,71,70,70,70,71,76,74,79,74,77,80,77,76,76,76,21,Fran Beltrán,79,84,24500000,23,1958,CDM,Spain,Midfield,Starter 78-84,Midfield / Starter 78-84
T. Ndombele,Tanguy Ndombele,79,82,23000000,"CM,CDM,CAM",CAM,France,https://cdn.sofifa.net/players/235/569/23_60.png,25,181,76,2051,438,Napoli,85000,0,SUB,2023,91,2019,TRUE,Right,3,4,1,-,https://cdn.sofifa.net/flags/fr.png,-,-,Low,Low,66,71,79,86,68,68,73,68,56,84,62,88,74,59,79,86,68,64,81,77,86,79,58,52,75,74,73,69,70,84,58,86,67,72,69,8,10,13,8,7,75,78,78,78,78,78,82,79,81,79,74,77,74,72,72,72,18,T. Ndombele,79,82,23000000,25,2051,CAM,France,Midfield,Starter 78-84,Midfield / Starter 78-84
H. Aouar,Houssem Aouar,79,84,26500000,"CAM,LM,CM",CAM,France,https://cdn.sofifa.net/players/234/906/23_60.png,24,175,70,2073,434,Olympique Lyonnais,57000,52300000,SUB,2023,8,2016,-,Right,3,4,2,-,https://cdn.sofifa.net/flags/fr.png,-,-,High,Low,71,70,78,83,64,68,69,69,59,82,68,84,80,72,78,85,72,71,82,76,81,69,65,72,66,71,68,68,74,82,74,80,66,64,58,14,6,11,7,10,75,77,77,77,77,77,81,79,80,79,73,75,73,71,69,71,19,H. Aouar,79,84,26500000,24,2073,CAM,France,Midfield,Starter 78-84,Midfield / Starter 78-84
K. Bellarabi,Karim Bellarabi,79,79,14000000,"RM,RW",RM,Germany,https://cdn.sofifa.net/players/202/857/23_60.png,32,184,79,1965,425,Bayer 04 Leverkusen,55000,23800000,SUB,2023,38,2011,-,Right,3,4,2,-,https://cdn.sofifa.net/flags/de.png,-,-,High,Medium,86,75,72,81,39,72,78,74,51,72,73,83,72,58,62,81,85,87,78,77,78,82,75,69,71,77,75,43,75,75,57,80,39,33,35,10,12,7,11,10,77,79,78,78,78,79,79,79,72,79,64,61,64,61,54,61,20,K. Bellarabi,79,79,14000000,32,1965,RM,Germany,Midfield,Starter 78-84,Midfield / Starter 78-84
Suso,Jesús Joaquín Fernández Sáez,79,79,17500000,RW,CAM,Spain,https://cdn.sofifa.net/players/202/651/23_60.png,28,176,70,1907,395,Sevilla FC,36000,36800000,SUB,2025,7,2020,-,Left,3,4,2,-,https://cdn.sofifa.net/flags/es.png,-,-,High,Low,73,76,80,83,32,51,80,72,50,81,72,84,87,81,75,85,75,72,79,78,82,78,44,66,50,84,38,20,75,82,72,77,48,23,18,15,15,9,8,9,75,79,79,79,79,79,79,79,76,79,60,57,60,54,44,54,21,Suso,79,79,17500000,28,1907,CAM,Spain,Midfield,Starter 78-84,Midfield / Starter 78-84
J. Draxler,Julian Draxler,79,79,17500000,"LW,CAM",CAM,Germany,https://cdn.sofifa.net/players/202/166/23_60.png,28,187,77,2064,433,SL Benfica,88000,0,SUB,2023,93,2017,TRUE,Right,5,4,3,-,https://cdn.sofifa.net/flags/de.png,-,-,Medium,Medium,72,76,80,82,58,65,79,74,64,81,77,83,77,76,77,84,74,70,79,78,73,80,76,66,66,78,56,66,78,81,65,82,48,64,44,11,13,5,13,8,79,79,79,79,79,79,79,79,79,79,72,72,72,69,65,69,21,J. Draxler,79,79,17500000,28,2064,CAM,Germany,Midfield,Starter 78-84,Midfield / Starter 78-84
J. Veretout,Jordan Veretout,79,79,15000000,"CDM,CM",CDM,France,https://cdn.sofifa.net/players/201/519/23_60.png,29,177,67,2170,460,Olympique de Marseille,42000,28500000,CM,2025,27,2022,-,Right,3,3,2,-,https://cdn.sofifa.net/flags/fr.png,-,-,Medium,Medium,76,75,76,78,76,79,69,70,59,81,72,77,69,71,77,81,78,75,77,76,81,83,74,78,79,77,82,76,74,74,80,78,77,79,77,9,10,11,8,9,77,76,76,76,76,76,79,78,79,78,79,79,79,78,78,78,18,J. Veretout,79,79,15000000,29,2170,CDM,France,Midfield,Starter 78-84,Midfield / Starter 78-84
Ander Herrera,Ander Herrera Agüera,79,79,14000000,"CM,CDM",CDM,Spain,https://cdn.sofifa.net/players/191/740/23_60.png,32,182,71,2123,439,Athletic Club de Bilbao,78000,0,SUB,2023,23,2019,TRUE,Right,4,3,3,-,https://cdn.sofifa.net/flags/es.png,-,-,High,High,61,71,77,78,78,74,71,68,63,80,70,77,79,64,80,80,65,57,73,82,75,76,61,79,69,72,82,82,76,80,74,82,79,80,76,9,12,15,9,8,75,74,75,75,75,74,79,78,79,78,79,79,79,79,79,79,21,Ander Herrera,79,79,14000000,32,2123,CDM,Spain,Midfield,Starter 78-84,Midfield / Starter 78-84
B. André,Benjamin André,79,79,12500000,"CDM,CM",CDM,France,https://cdn.sofifa.net/players/190/674/23_60.png,31,180,76,2087,439,LOSC Lille,35000,23800000,CDM,2023,21,2019,-,Right,3,3,2,-,https://cdn.sofifa.net/flags/fr.png,-,-,High,High,65,64,73,75,78,84,70,61,80,78,56,75,68,46,75,75,62,67,70,78,71,69,93,90,79,65,87,80,70,72,66,76,75,80,75,8,14,15,7,10,73,71,71,71,71,71,74,75,78,75,78,79,78,78,79,78,20,B. André,79,79,12500000,31,2087,CDM,France,Midfield,Starter 78-84,Midfield / Starter 78-84
Rubén García,Rubén García Santos,79,79,17500000,"LM,CM,CAM",LM,Spain,https://cdn.sofifa.net/players/211/022/23_60.png,28,171,71,1984,410,CA Osasuna,35000,36800000,SUB,2024,14,2018,-,Left,2,4,1,-,https://cdn.sofifa.net/flags/es.png,-,-,High,Medium,77,76,79,79,45,54,80,79,56,80,59,79,77,79,79,80,84,72,81,73,86,76,65,64,46,78,58,38,74,78,69,67,45,48,41,9,14,13,14,10,75,78,77,77,77,78,79,79,76,79,65,63,65,62,54,62,21,Rubén García,79,79,17500000,28,1984,LM,Spain,Midfield,Starter 78-84,Midfield / Starter 78-84
Manu Trigueros,Manuel Trigueros Muñoz,79,79,17000000,"CM,LM,RM",CM,Spain,https://cdn.sofifa.net/players/206/545/23_60.png,30,178,75,2042,414,Villarreal CF,37000,35700000,SUB,2025,14,2011,-,Right,4,4,2,-,https://cdn.sofifa.net/flags/es.png,-,-,High,Medium,50,73,78,75,72,66,75,70,71,80,65,74,78,69,79,79,47,52,69,79,67,78,69,71,61,80,69,73,77,80,65,76,69,77,69,9,14,12,7,8,74,73,74,74,74,73,78,75,79,75,74,77,74,73,73,73,19,Manu Trigueros,79,79,17000000,30,2042,CM,Spain,Midfield,Starter 78-84,Midfield / Starter 78-84
Denis Suárez,Denis Suárez Fernández,79,79,17500000,CM,CAM,Spain,https://cdn.sofifa.net/players/205/192/23_60.png,28,178,66,2017,425,RC Celta de Vigo,30000,36800000,SUB,2023,6,2019,-,Right,3,3,2,-,https://cdn.sofifa.net/flags/es.png,-,-,Medium,Medium,72,72,81,81,64,55,75,71,49,84,68,82,82,70,80,81,72,72,81,81,76,74,57,61,54,73,47,70,78,85,63,75,69,65,49,10,14,10,7,7,74,78,78,78,78,78,79,79,79,79,73,73,73,70,65,70,19,Denis Suárez,79,79,17500000,28,2017,CAM,Spain,Midfield,Starter 78-84,Midfield / Starter 78-84
S. Diop,Sofiane Diop,78,86,31500000,"LM,RM,CF",CAM,France,https://cdn.sofifa.net/players/244/892/23_60.png,22,175,65,1959,409,OGC Nice,38000,66200000,LM,2027,10,2022,-,Right,3,4,1,-,https://cdn.sofifa.net/flags/fr.png,-,-,High,High,71,72,75,83,54,54,77,71,39,76,62,83,76,74,68,83,74,69,82,76,85,76,48,78,37,74,68,56,76,78,60,80,56,58,46,14,13,8,9,9,72,77,76,76,76,77,79,79,77,79,70,68,70,66,58,66,20,S. Diop,78,86,31500000,22,1959,CAM,France,Midfield,Starter 78-84,Midfield / Starter 78-84
Gabriel Martinelli,Gabriel Teodoro Martinelli Silva,78,88,31500000,LM,RM,Brazil,https://cdn.sofifa.net/players/251/566/23_60.png,21,178,75,1916,419,Arsenal,56000,66200000,LM,2024,11,2019,-,Right,3,4,1,-,https://cdn.sofifa.net/flags/br.png,-,-,High,High,87,71,68,80,45,68,73,76,72,71,61,82,72,49,50,79,88,86,82,77,79,70,55,78,61,65,77,37,76,74,60,75,44,44,43,10,6,7,6,6,77,78,77,77,77,78,78,79,71,79,66,61,66,64,57,64,17,Gabriel Martinelli,78,88,31500000,21,1916,RM,Brazil,Midfield,Starter 78-84,Midfield / Starter 78-84
Melendo,Óscar Melendo Jiménez,78,82,20000000,"CAM,RM,CM",CAM,Spain,https://cdn.sofifa.net/players/236/679/23_60.png,24,167,63,1916,407,Granada CF,12000,33500000,SUB,2023,21,2022,-,Left,2,4,1,-,https://cdn.sofifa.net/flags/es.png,-,-,High,Medium,80,64,79,79,47,58,74,65,45,84,63,78,81,50,78,80,81,79,86,72,88,66,60,62,53,63,63,50,75,83,50,70,50,45,40,9,7,13,15,8,71,77,75,75,75,77,80,79,76,79,66,66,66,63,56,63,19,Melendo,78,82,20000000,24,1916,CAM,Spain,Midfield,Starter 78-84,Midfield / Starter 78-84
C. Hudson-Odoi,Callum Hudson-Odoi,78,84,22500000,"LM,RM,RWB",RM,England,https://cdn.sofifa.net/players/240/740/23_60.png,21,182,76,1926,412,Bayer 04 Leverkusen,69000,0,LM,2023,17,2017,TRUE,Right,3,4,2,-,https://cdn.sofifa.net/flags/gb-eng.png,-,-,High,Medium,81,68,74,82,48,59,77,71,53,76,59,84,73,71,69,81,86,76,84,70,78,67,64,66,58,66,51,44,72,74,55,72,47,51,45,14,13,11,15,5,73,77,75,75,75,77,78,79,73,79,66,63,66,63,56,63,20,C. Hudson-Odoi,78,84,22500000,21,1926,RM,England,Midfield,Starter 78-84,Midfield / Starter 78-84
R. Faivre,Romain Faivre,78,84,22000000,"RM,CAM",CAM,France,https://cdn.sofifa.net/players/242/577/23_60.png,23,180,69,2086,434,Olympique Lyonnais,52000,46200000,CM,2026,15,2022,-,Left,3,4,2,-,https://cdn.sofifa.net/flags/fr.png,-,-,High,Medium,75,74,76,80,62,67,78,73,61,76,66,81,81,79,69,80,80,70,79,76,73,74,64,80,63,76,59,66,74,79,80,79,58,64,58,14,13,13,14,15,75,77,76,76,76,77,79,79,77,79,74,71,74,71,66,71,23,R. Faivre,78,84,22000000,23,2086,CAM,France,Midfield,Starter 78-84,Midfield / Starter 78-84
Portu,Cristian Portugues Manzanera,78,78,13500000,"RM,LM",RM,Spain,https://cdn.sofifa.net/players/205/070/23_60.png,30,167,66,2103,443,Getafe CF,33000,0,LM,2023,9,2019,TRUE,Right,4,3,1,-,https://cdn.sofifa.net/flags/es.png,-,-,High,Medium,87,74,72,76,57,77,75,74,74,71,72,75,78,64,70,76,85,88,83,73,82,80,75,83,72,71,80,55,78,74,65,74,55,55,53,14,10,15,15,13,78,76,76,76,76,76,77,78,74,78,71,68,71,69,66,69,22,Portu,78,78,13500000,30,2103,RM,Spain,Midfield,Starter 78-84,Midfield / Starter 78-84
M. Özil,Mesut Özil,78,78,9000000,"CAM,RM",CAM,Germany,https://cdn.sofifa.net/players/176/635/23_60.png,33,180,70,1790,370,İstanbul Başakşehir FK,40000,18000000,RES,2023,10,2022,-,Left,2,4,4,-,https://cdn.sofifa.net/flags/de.png,-,-,Medium,Low,69,70,83,79,24,45,82,70,51,85,77,79,84,75,80,82,70,68,75,65,74,68,33,45,46,66,44,24,77,82,79,85,24,16,19,6,14,10,6,14,73,76,75,75,75,76,78,78,74,78,56,54,56,50,40,50,19,M. Özil,78,78,9000000,33,1790,CAM,Germany,Midfield,Starter 78-84,Midfield / Starter 78-84
A. Plea,Alassane Plea,78,78,14000000,CF,CAM,France,https://cdn.sofifa.net/players/206/467/23_60.png,29,181,79,2048,420,Borussia Mönchengladbach,35000,23800000,LM,2025,14,2018,-,Right,3,4,2,-,https://cdn.sofifa.net/flags/fr.png,-,-,High,Medium,72,79,79,78,39,73,79,79,73,79,80,77,82,73,78,78,77,67,81,82,79,79,71,77,74,79,67,39,81,81,68,79,29,40,30,11,15,16,12,15,78,78,78,78,78,78,78,78,77,78,63,63,63,60,55,60,23,A. Plea,78,78,14000000,29,2048,CAM,France,Midfield,Starter 78-84,Midfield / Starter 78-84
J. Lingard,Jesse Lingard,78,78,14000000,CAM,CAM,England,https://cdn.sofifa.net/players/207/494/23_60.png,29,175,60,2046,426,Nottingham Forest,65000,26600000,CAM,2023,11,2022,-,Right,3,4,2,-,https://cdn.sofifa.net/flags/gb-eng.png,-,-,High,Medium,75,77,73,79,57,65,70,76,63,77,76,80,79,64,62,78,77,74,78,78,84,78,65,74,58,79,72,51,82,78,70,77,63,57,49,14,10,8,13,9,78,77,78,78,78,77,78,78,75,78,69,68,69,67,63,67,21,J. Lingard,78,78,14000000,29,2046,CAM,England,Midfield,Starter 78-84,Midfield / Starter 78-84
Óliver Torres,Óliver Torres Muñoz,78,79,16000000,"CM,LW",CM,Spain,https://cdn.sofifa.net/players/208/777/23_60.png,27,175,70,1948,399,Sevilla FC,29000,34800000,SUB,2024,21,2019,-,Right,4,3,2,-,https://cdn.sofifa.net/flags/es.png,-,-,High,Medium,59,67,78,81,64,50,73,66,52,81,63,82,80,64,80,83,65,54,77,76,78,69,50,72,34,68,61,67,77,80,65,81,65,66,58,7,7,14,6,8,70,75,75,75,75,75,79,78,79,78,72,73,72,70,63,70,17,Óliver Torres,78,79,16000000,27,1948,CM,Spain,Midfield,Starter 78-84,Midfield / Starter 78-84
J. Milner,James Milner,78,78,4400000,"CM,LB,RB",CDM,England,https://cdn.sofifa.net/players/138/412/23_60.png,36,175,70,2124,429,Liverpool,69000,8100000,SUB,2023,7,2015,-,Right,4,3,2,-,https://cdn.sofifa.net/flags/gb-eng.png,-,-,Medium,High,52,70,80,76,77,74,83,62,65,81,76,76,81,75,79,80,54,51,64,84,72,82,62,76,70,70,86,78,71,77,89,81,77,80,78,12,9,10,8,6,73,73,73,73,73,73,76,76,78,76,78,78,78,78,78,78,19,J. Milner,78,78,4400000,36,2124,CDM,England,Midfield,Starter 78-84,Midfield / Starter 78-84
V. Rongier,Valentin Rongier,78,79,16000000,"CM,CDM,RB",CDM,France,https://cdn.sofifa.net/players/223/874/23_60.png,27,172,70,2121,448,Olympique de Marseille,40000,31600000,CM,2024,21,2019,-,Right,4,3,2,-,https://cdn.sofifa.net/flags/fr.png,-,-,Medium,Medium,71,66,76,78,77,80,65,61,53,81,66,75,74,69,80,80,70,72,74,80,88,75,73,82,79,68,80,82,70,76,65,79,78,81,75,11,8,12,7,11,72,73,74,74,74,73,77,77,79,77,79,79,79,78,79,78,19,V. Rongier,78,79,16000000,27,2121,CDM,France,Midfield,Starter 78-84,Midfield / Starter 78-84
M. Lopez,Maxime Lopez,78,81,19000000,"CM,CDM",CAM,France,https://cdn.sofifa.net/players/224/030/23_60.png,24,167,58,2091,428,U.S. Sassuolo Calcio,30000,33700000,CDM,2025,27,2020,-,Right,3,4,1,-,https://cdn.sofifa.net/flags/fr.png,-,-,Medium,Medium,72,71,79,82,67,57,75,72,62,83,65,79,79,73,76,83,73,72,90,77,93,70,69,85,34,73,77,68,63,81,68,73,68,69,63,7,14,13,11,6,72,77,75,75,75,77,80,79,80,79,76,76,76,75,68,75,19,M. Lopez,78,81,19000000,24,2091,CAM,France,Midfield,Starter 78-84,Midfield / Starter 78-84
Douglas Luiz,Douglas Luiz Soares de Paulo,78,83,19500000,"CDM,CM",CM,Brazil,https://cdn.sofifa.net/players/236/499/23_60.png,24,175,66,2034,432,Aston Villa,59000,38500000,SUB,2023,6,2019,-,Right,2,3,2,-,https://cdn.sofifa.net/flags/br.png,-,-,High,Medium,67,68,77,77,73,70,69,64,62,82,58,75,80,63,80,82,69,65,74,77,74,80,66,76,66,76,74,77,58,77,44,81,75,75,68,12,6,13,10,7,72,73,73,73,73,73,77,76,79,76,76,79,76,75,75,75,18,Douglas Luiz,78,83,19500000,24,2034,CM,Brazil,Midfield,Starter 78-84,Midfield / Starter 78-84
Pozuelo,Alejandro Pozuelo Melero,78,78,13500000,"CAM,CF",CAM,Spain,https://cdn.sofifa.net/players/203/895/23_60.png,30,170,74,2004,416,Inter Miami CF,11000,19600000,CAM,2023,8,2022,-,Right,5,4,2,-,https://cdn.sofifa.net/flags/es.png,-,-,High,Medium,64,73,79,80,53,67,74,70,54,81,68,80,78,74,75,81,69,59,77,78,85,75,61,79,64,76,59,55,77,84,76,82,54,55,36,10,8,14,10,8,74,76,76,76,76,76,78,78,78,78,68,69,68,64,60,64,19,Pozuelo,78,78,13500000,30,2004,CAM,Spain,Midfield,Starter 78-84,Midfield / Starter 78-84
S. Rode,Sebastian Rode,78,78,10000000,"CDM,CM",CDM,Germany,https://cdn.sofifa.net/players/200/215/23_60.png,31,180,71,1995,421,Eintracht Frankfurt,28000,17000000,CDM,2024,17,2019,-,Right,3,3,2,-,https://cdn.sofifa.net/flags/de.png,-,-,High,High,59,65,72,74,77,74,67,61,64,78,55,72,56,52,76,78,69,50,67,77,74,73,76,69,72,68,84,80,72,72,51,80,78,78,77,9,8,14,7,11,71,70,71,71,71,70,74,73,77,73,76,78,76,75,78,75,19,S. Rode,78,78,10000000,31,1995,CDM,Germany,Midfield,Starter 78-84,Midfield / Starter 78-84
Campaña,José Gómez Campaña,78,78,13500000,"CM,LM,RM",CM,Spain,https://cdn.sofifa.net/players/199/823/23_60.png,29,179,70,2083,437,Levante Unión Deportiva,16000,21600000,CM,2023,24,2016,-,Right,3,4,1,-,https://cdn.sofifa.net/flags/es.png,-,-,Medium,Medium,65,72,81,78,70,71,79,70,64,81,66,78,85,78,80,81,68,62,73,76,78,76,60,80,70,73,63,71,74,82,69,81,72,71,61,8,11,6,7,10,75,76,76,76,76,76,78,78,78,78,76,77,76,74,71,74,18,Campaña,78,78,13500000,29,2083,CM,Spain,Midfield,Starter 78-84,Midfield / Starter 78-84
Oriol Romeu,Oriol Romeu Vidal,78,78,12000000,"CDM,CM",CDM,Spain,https://cdn.sofifa.net/players/199/576/23_60.png,30,183,83,1808,371,Girona FC,26000,26400000,CDM,2025,18,2022,-,Right,3,2,2,-,https://cdn.sofifa.net/flags/es.png,-,-,Low,High,41,44,62,65,80,79,37,25,69,78,52,63,49,53,72,70,50,33,54,72,56,76,65,72,79,48,89,82,48,55,54,72,80,83,81,12,14,10,11,16,58,54,57,57,57,54,62,60,70,60,70,78,70,71,78,71,22,Oriol Romeu,78,78,12000000,30,1808,CDM,Spain,Midfield,Starter 78-84,Midfield / Starter 78-84
Brahim,Brahim Díaz,78,86,31500000,CAM,CAM,Spain,https://cdn.sofifa.net/players/231/410/23_60.png,22,171,59,1816,385,AC Milan,110000,0,CAM,2023,10,2019,TRUE,Right,5,4,1,-,https://cdn.sofifa.net/flags/es.png,-,-,High,Medium,78,69,76,82,30,50,66,69,30,83,55,82,74,61,74,83,81,75,89,72,91,70,66,65,44,71,41,30,73,78,58,72,40,23,21,13,9,13,10,6,70,77,76,76,76,77,80,78,74,78,59,57,59,53,42,53,19,Brahim,78,86,31500000,22,1816,CAM,Spain,Midfield,Starter 78-84,Midfield / Starter 78-84
Zubeldia,Igor Zubeldia Elorza,78,82,17500000,CB,CDM,Spain,https://cdn.sofifa.net/players/233/738/23_60.png,25,181,73,2037,430,Real Sociedad,29000,38100000,CB,2024,5,2015,-,Right,3,2,1,-,https://cdn.sofifa.net/flags/es.png,-,-,Medium,Medium,65,63,75,70,78,79,65,62,72,82,47,67,73,65,77,73,56,72,69,80,74,75,79,81,76,60,86,81,63,72,51,73,80,78,75,6,8,9,10,13,71,69,70,70,70,69,73,73,77,73,77,81,77,78,80,78,19,Zubeldia,78,82,17500000,25,2037,CDM,Spain,Midfield,Starter 78-84,Midfield / Starter 78-84
Luiz Araújo,Luiz Araújo,78,78,15500000,"RM,LM,CAM",RM,Brazil,https://cdn.sofifa.net/players/234/128/23_60.png,26,175,70,1906,408,Atlanta United,11000,23300000,LM,2022,19,2021,-,Left,2,4,2,-,https://cdn.sofifa.net/flags/br.png,-,-,High,Medium,88,69,72,83,39,57,75,66,54,71,66,84,75,64,65,81,87,89,90,77,79,74,56,67,52,73,55,33,71,75,62,79,31,44,41,6,12,13,9,9,74,78,76,76,76,78,78,78,72,78,64,59,64,61,51,61,19,Luiz Araújo,78,78,15500000,26,1906,RM,Brazil,Midfield,Starter 78-84,Midfield / Starter 78-84
J. Ikoné,Jonathan Ikoné,78,82,20000000,"RW,RM",LM,France,https://cdn.sofifa.net/players/234/612/23_60.png,24,175,73,1899,409,Fiorentina,50000,35500000,SUB,2026,11,2022,-,Left,3,4,3,-,https://cdn.sofifa.net/flags/fr.png,-,-,High,Medium,89,69,73,83,35,60,73,68,39,73,59,85,78,72,64,79,90,89,92,75,82,75,34,72,55,68,65,34,74,78,70,78,32,36,36,9,8,13,8,14,74,78,77,77,77,78,80,81,73,81,64,59,64,60,49,60,20,J. Ikoné,78,82,20000000,24,1899,LM,France,Midfield,Starter 78-84,Midfield / Starter 78-84
M. Edwards,Marcus Edwards,78,84,22000000,"RW,LW",CAM,England,https://cdn.sofifa.net/players/235/619/23_60.png,23,168,65,1837,391,Sporting CP,15000,48400000,ST,2026,10,2022,-,Left,3,4,1,-,https://cdn.sofifa.net/flags/gb-eng.png,-,-,High,Low,85,71,70,84,33,48,69,70,37,73,69,84,76,60,60,81,88,82,92,78,92,70,45,71,38,75,43,30,74,73,58,78,38,32,24,7,12,15,15,6,72,78,76,76,76,78,79,78,71,78,61,55,61,56,43,56,20,M. Edwards,78,84,22000000,23,1837,CAM,England,Midfield,Starter 78-84,Midfield / Starter 78-84
Gerson,Gerson Santos da Silva,78,82,19500000,CM,CDM,Brazil,https://cdn.sofifa.net/players/229/927/23_60.png,25,184,76,2117,449,Olympique de Marseille,38000,38500000,SUB,2026,8,2021,-,Left,3,3,2,-,https://cdn.sofifa.net/flags/br.png,-,-,Medium,Medium,69,69,78,78,76,79,77,69,58,82,56,76,78,60,77,79,67,71,78,76,79,74,66,80,78,65,81,81,76,76,68,83,74,80,77,14,13,13,9,9,74,75,75,75,75,75,78,78,80,78,80,81,80,79,78,79,20,Gerson,78,82,19500000,25,2117,CDM,Brazil,Midfield,Starter 78-84,Midfield / Starter 78-84
Arturo Inálcio,Arturo Adolfo Inálcio Dutra,78,78,16500000,"CM,CAM",CM,Brazil,https://cdn.sofifa.net/players/230/426/23_60.png,22,170,60,1914,408,Flamengo,35000,29700000,CM,2025,19,2022,-,Right,3,2,1,-,https://cdn.sofifa.net/flags/br.png,-,-,Medium,Medium,83,72,75,78,52,48,63,70,46,85,68,78,54,48,83,80,80,86,90,69,74,80,55,74,35,75,45,71,74,77,45,60,24,66,62,10,13,14,9,11,73,77,76,76,76,77,78,78,78,78,71,69,71,69,58,69,19,Arturo Inálcio,78,78,16500000,22,1914,CM,Brazil,Midfield,Starter 78-84,Midfield / Starter 78-84
Guilson Paiva,G. Pierre Paiva Souza,78,78,15500000,"RM,RW",RM,Brazil,https://cdn.sofifa.net/players/230/406/23_60.png,26,173,72,1896,415,Flamengo,40000,27900000,RW,2025,21,2022,-,Right,4,3,1,-,https://cdn.sofifa.net/flags/br.png,-,-,Medium,Medium,83,69,75,78,42,68,75,69,34,78,61,81,67,72,72,77,90,78,73,77,77,77,50,69,72,68,63,40,73,75,44,62,36,49,48,7,11,10,16,7,73,77,76,76,76,77,78,78,74,78,66,64,66,62,54,62,20,Guilson Paiva,78,78,15500000,26,1896,RM,Brazil,Midfield,Starter 78-84,Midfield / Starter 78-84
K. Koné,Kouadio Manu Koné,77,86,23500000,CM,CAM,France,https://cdn.sofifa.net/players/250/723/23_60.png,21,185,80,2027,434,Borussia Mönchengladbach,21000,44700000,CDM,2025,17,2021,-,Right,3,4,1,-,https://cdn.sofifa.net/flags/fr.png,-,-,High,High,71,69,74,81,69,70,70,71,68,78,55,84,70,50,77,82,75,67,76,75,76,74,70,75,68,68,71,67,69,78,54,76,64,74,70,11,10,11,9,10,75,76,76,76,76,76,79,78,79,78,75,75,75,74,72,74,19,K. Koné,77,86,23500000,21,2027,CAM,France,Midfield,Rotation 70-77,Midfield / Rotation 70-77
Igor Coronado,Igor Caique Coronado,77,77,10500000,"CAM,CF,LM",CAM,Brazil,https://cdn.sofifa.net/players/202/599/23_60.png,29,170,68,2019,422,Al Ittihad,41000,17900000,LF,2023,10,2021,-,Right,4,5,2,-,https://cdn.sofifa.net/flags/br.png,-,-,High,Medium,80,75,75,82,49,61,75,76,52,72,69,81,76,77,77,82,85,75,91,70,88,73,73,72,57,77,53,57,70,76,76,76,43,50,48,12,7,12,10,7,74,77,76,76,76,77,77,77,75,77,68,65,68,65,57,65,18,Igor Coronado,77,77,10500000,29,2019,CAM,Brazil,Midfield,Rotation 70-77,Midfield / Rotation 70-77
A. Tameze,Adrien Tameze,77,77,10500000,"CM,CDM",CDM,France,https://cdn.sofifa.net/players/213/242/23_60.png,28,180,78,2087,442,Hellas Verona,29000,17900000,CM,2024,61,2020,-,Right,3,3,1,-,https://cdn.sofifa.net/flags/fr.png,-,-,Medium,High,72,65,73,79,78,75,66,63,73,81,50,80,60,52,79,80,74,70,78,77,76,73,71,80,72,67,77,77,72,71,60,75,76,80,80,13,16,14,15,14,74,74,74,74,74,74,77,77,77,77,77,77,77,77,77,77,23,A. Tameze,77,77,10500000,28,2087,CDM,France,Midfield,Rotation 70-77,Midfield / Rotation 70-77
F. Tait,Flavien Tait,77,77,10500000,"CM,LM",CM,France,https://cdn.sofifa.net/players/213/388/23_60.png,29,176,73,2037,430,Stade Rennais FC,46000,20000000,CDM,2024,20,2019,-,Right,3,3,2,-,https://cdn.sofifa.net/flags/fr.png,-,-,High,Medium,70,71,76,79,67,67,72,70,52,78,65,80,76,68,75,79,74,67,72,77,78,72,53,82,60,75,70,69,74,77,61,77,69,69,65,12,15,14,8,9,73,75,75,75,75,75,77,77,77,77,75,75,75,73,69,73,20,F. Tait,77,77,10500000,29,2037,CM,France,Midfield,Rotation 70-77,Midfield / Rotation 70-77
C. Izquierdoz,Carlos Izquierdoz,77,77,5000000,CB,CB,Argentina,https://cdn.sofifa.net/players/214/766/23_60.png,33,185,85,1733,372,Real Sporting de Gijón,11000,8000000,CB,2024,24,2022,-,Right,3,2,1,-,https://cdn.sofifa.net/flags/ar.png,-,-,Low,High,50,54,54,54,78,82,44,47,76,71,50,48,32,41,65,63,49,50,35,74,48,74,84,77,85,52,78,79,32,36,71,68,80,76,74,8,11,7,8,8,60,51,54,54,54,51,55,56,63,56,69,74,69,71,77,71,18,C. Izquierdoz,77,77,5000000,33,1733,CB,Argentina,Defender,Rotation 70-77,Defender / Rotation 70-77
D. Benedetto,Darío Benedetto,77,77,8500000,ST,ST,Argentina,https://cdn.sofifa.net/players/215/061/23_60.png,32,177,75,1969,406,Boca Juniors,20000,11900000,ST,2024,9,2022,-,Right,3,3,2,-,https://cdn.sofifa.net/flags/ar.png,-,-,Medium,Medium,75,79,69,75,38,70,60,79,76,71,78,73,81,64,73,77,74,75,72,76,74,82,90,74,67,76,66,35,80,72,74,81,45,25,25,10,14,12,8,11,77,74,76,76,76,74,77,75,72,75,58,59,58,56,53,56,20,D. Benedetto,77,77,8500000,32,1969,ST,Argentina,Forward,Rotation 70-77,Forward / Rotation 70-77
C. Kramer,Christoph Kramer,77,77,7500000,CDM,CDM,Germany,https://cdn.sofifa.net/players/204/024/23_60.png,31,191,80,1823,382,Borussia Mönchengladbach,26000,12800000,SUB,2023,6,2016,-,Right,3,3,2,-,https://cdn.sofifa.net/flags/de.png,-,-,High,High,42,50,70,71,76,73,61,48,61,78,58,72,54,58,73,77,52,34,54,79,54,54,51,82,72,43,72,79,70,70,47,76,80,75,71,8,13,9,6,8,64,65,66,66,66,65,70,70,75,70,74,77,74,73,75,73,18,C. Kramer,77,77,7500000,31,1823,CDM,Germany,Midfield,Rotation 70-77,Midfield / Rotation 70-77
D. Demme,Diego Demme,77,77,9000000,"CDM,CM",CDM,Germany,https://cdn.sofifa.net/players/202/325/23_60.png,30,172,71,1953,397,Napoli,44000,15300000,SUB,2024,4,2020,-,Right,4,3,2,-,https://cdn.sofifa.net/flags/de.png,-,-,Medium,High,56,47,74,75,73,72,70,39,57,78,48,72,65,62,76,78,60,52,75,73,87,62,79,84,63,41,77,77,65,74,58,73,76,74,72,14,10,14,12,9,62,66,66,66,66,66,71,72,75,72,75,77,75,74,74,74,20,D. Demme,77,77,9000000,30,1953,CDM,Germany,Midfield,Rotation 70-77,Midfield / Rotation 70-77
N. Dorsch,Niklas Dorsch,77,82,14500000,"CDM,CM",CM,Germany,https://cdn.sofifa.net/players/231/227/23_60.png,24,178,76,2076,442,FC Augsburg,23000,27200000,RES,2026,30,2021,-,Right,3,3,1,-,https://cdn.sofifa.net/flags/de.png,-,-,Medium,Medium,72,72,74,78,73,73,65,66,61,80,65,77,63,63,77,80,74,70,80,75,84,82,77,77,69,80,78,71,64,74,62,73,75,76,71,12,9,5,9,5,74,74,74,74,74,74,77,76,78,76,76,78,76,75,75,75,18,N. Dorsch,77,82,14500000,24,2076,CM,Germany,Midfield,Rotation 70-77,Midfield / Rotation 70-77
David López,David López Silva,77,77,7000000,"CDM,CB",CDM,Spain,https://cdn.sofifa.net/players/201/505/23_60.png,32,183,81,1868,394,Girona FC,25000,15400000,CB,2023,5,2022,-,Right,3,2,1,-,https://cdn.sofifa.net/flags/es.png,-,-,Medium,High,50,58,68,65,78,75,55,50,79,78,55,63,50,45,76,75,51,49,38,74,53,77,78,60,81,60,78,77,60,69,50,70,78,77,78,9,12,7,11,15,68,62,65,65,65,62,68,66,73,66,71,77,71,72,77,72,20,David López,77,77,7000000,32,1868,CDM,Spain,Midfield,Rotation 70-77,Midfield / Rotation 70-77
M. Icardi,Mauro Icardi,77,77,10500000,ST,ST,Argentina,https://cdn.sofifa.net/players/201/399/23_60.png,29,181,75,1829,378,Galatasaray SK,75000,0,ST,2023,99,2020,TRUE,Right,4,3,3,-,https://cdn.sofifa.net/flags/ar.png,-,-,Medium,Medium,62,77,64,72,35,68,47,78,79,75,77,71,70,52,54,75,62,62,61,76,71,80,88,62,72,70,58,24,84,72,79,78,40,27,20,13,9,5,7,9,77,71,75,75,75,71,76,72,69,72,53,55,53,51,52,51,20,M. Icardi,77,77,10500000,29,1829,ST,Argentina,Forward,Rotation 70-77,Forward / Rotation 70-77
Cristian Tello,Cristian Tello Herrera,77,77,10000000,"LM,RM",LM,Spain,https://cdn.sofifa.net/players/200/315/23_60.png,30,178,65,1971,420,Los Angeles FC,10000,15000000,SUB,2022,37,2022,-,Right,4,4,2,-,https://cdn.sofifa.net/flags/es.png,-,-,Medium,Medium,89,72,74,76,48,61,74,71,47,76,71,77,80,78,72,75,87,90,79,71,81,79,71,71,60,69,48,39,75,70,58,71,55,49,42,15,12,9,7,13,74,76,75,75,75,76,77,77,72,77,66,63,66,63,56,63,20,Cristian Tello,77,77,10000000,30,1971,LM,Spain,Midfield,Rotation 70-77,Midfield / Rotation 70-77
Vitolo,Víctor Machín Pérez,77,77,8500000,"LM,ST",LM,Spain,https://cdn.sofifa.net/players/199/715/23_60.png,32,185,79,1948,411,Unión Deportiva Las Palmas,47000,0,LM,2023,7,2017,TRUE,Right,4,3,2,-,https://cdn.sofifa.net/flags/es.png,-,-,Medium,Medium,72,76,76,76,41,70,75,76,65,76,75,79,78,62,77,77,69,74,70,78,59,77,70,70,74,75,61,25,78,77,74,74,68,21,23,11,16,8,14,16,77,76,76,76,76,76,77,77,73,77,60,60,60,56,53,56,23,Vitolo,77,77,8500000,32,1948,LM,Spain,Midfield,Rotation 70-77,Midfield / Rotation 70-77
N. Pallois,Nicolas Pallois,77,77,3400000,CB,CB,France,https://cdn.sofifa.net/players/199/393/23_60.png,34,189,89,1762,374,FC Nantes,25000,6800000,CB,2024,4,2017,-,Left,2,2,2,-,https://cdn.sofifa.net/flags/fr.png,-,-,Medium,High,37,54,61,61,77,84,59,44,73,70,64,63,41,41,71,64,33,40,50,67,33,79,78,66,92,57,89,76,22,51,45,74,77,79,76,15,16,10,15,6,59,53,54,54,54,53,58,58,65,58,69,75,69,69,77,69,21,N. Pallois,77,77,3400000,34,1762,CB,France,Defender,Rotation 70-77,Defender / Rotation 70-77
A. Oxlade-Chamberlain,Alex Oxlade-Chamberlain,77,77,10500000,CM,CAM,England,https://cdn.sofifa.net/players/198/784/23_60.png,28,175,70,2104,452,Liverpool,90000,19400000,RES,2023,15,2017,-,Right,4,4,2,-,https://cdn.sofifa.net/flags/gb-eng.png,-,-,High,High,80,74,76,81,67,74,78,70,39,78,60,82,73,60,74,81,79,80,76,77,87,83,69,79,70,78,77,73,78,77,69,77,68,72,68,16,9,6,9,9,75,77,77,77,77,77,77,77,77,77,77,77,77,75,71,75,20,A. Oxlade-Chamberlain,77,77,10500000,28,2104,CAM,England,Midfield,Rotation 70-77,Midfield / Rotation 70-77
Rodrigo,Rodrigo Moreno Machado,77,77,8500000,"CAM,ST,CM",LW,Spain,https://cdn.sofifa.net/players/198/329/23_60.png,31,182,77,2017,422,Leeds United,40000,16200000,SUB,2024,19,2020,-,Left,3,4,3,-,https://cdn.sofifa.net/flags/es.png,-,-,High,Medium,77,77,76,78,45,69,77,75,76,79,75,79,83,67,65,79,77,77,77,78,74,84,75,75,67,76,64,33,77,78,77,78,46,43,38,7,13,10,11,5,77,77,77,77,77,77,77,77,75,77,66,63,66,63,58,63,20,Rodrigo,77,77,8500000,31,2017,LW,Spain,Forward,Rotation 70-77,Forward / Rotation 70-77
D. Burn,Dan Burn,77,77,8500000,"CB,LB",CB,England,https://cdn.sofifa.net/players/198/032/23_60.png,30,198,87,1662,365,Newcastle United,69000,16200000,SUB,2024,33,2022,-,Left,3,2,1,-,https://cdn.sofifa.net/flags/gb-eng.png,-,-,Medium,High,47,33,65,63,77,80,67,25,78,74,22,69,48,46,67,67,37,55,33,75,30,53,50,67,89,29,83,76,37,53,48,74,78,78,75,15,13,7,8,10,56,55,55,55,55,55,59,62,66,62,72,76,72,73,77,73,20,D. Burn,77,77,8500000,30,1662,CB,England,Defender,Rotation 70-77,Defender / Rotation 70-77
I. Toney,Ivan Toney,77,79,13000000,ST,ST,England,https://cdn.sofifa.net/players/212/228/23_60.png,26,187,76,2007,423,Brentford,51000,25700000,ST,2025,17,2020,-,Right,3,3,1,-,https://cdn.sofifa.net/flags/gb-eng.png,-,-,High,High,78,77,64,73,49,82,54,80,78,70,76,70,61,64,56,76,75,81,78,77,70,77,89,79,83,67,82,49,79,69,89,78,41,48,42,16,8,8,7,8,79,73,75,75,75,73,75,74,70,74,63,64,63,62,63,62,19,I. Toney,77,79,13000000,26,2007,ST,England,Forward,Rotation 70-77,Forward / Rotation 70-77
I. Diop,Issa Diop,77,82,14000000,CB,CB,France,https://cdn.sofifa.net/players/231/633/23_60.png,25,194,92,1664,362,Fulham,48000,27700000,SUB,2027,31,2022,-,Right,3,2,2,-,https://cdn.sofifa.net/flags/fr.png,-,-,Medium,Medium,62,36,52,56,78,78,37,30,76,67,48,50,32,34,63,62,54,69,52,73,47,50,74,63,85,31,79,79,42,43,44,70,77,79,78,10,7,6,14,9,56,51,53,53,53,51,55,56,61,56,68,73,68,71,79,71,19,I. Diop,77,82,14000000,25,1664,CB,France,Defender,Rotation 70-77,Defender / Rotation 70-77
J. Harrison,Jack Harrison,77,80,14000000,"LM,RM",LM,England,https://cdn.sofifa.net/players/232/080/23_60.png,25,175,70,1945,420,Leeds United,38000,27700000,LM,2024,11,2021,-,Left,3,4,1,-,https://cdn.sofifa.net/flags/gb-eng.png,-,-,High,High,80,72,71,79,49,69,76,72,45,74,62,79,70,56,60,78,83,78,81,75,81,78,63,85,64,68,65,44,76,75,64,73,60,43,44,11,8,10,6,11,74,76,76,76,76,76,77,78,73,78,68,64,68,65,57,65,18,J. Harrison,77,80,14000000,25,1945,LM,England,Midfield,Rotation 70-77,Midfield / Rotation 70-77
Isi Palazón,Isaac Palazón Camacho,77,77,11000000,"RM,LM,CAM",RM,Spain,https://cdn.sofifa.net/players/232/498/23_60.png,27,169,71,1945,411,Rayo Vallecano,22000,23100000,RM,2025,7,2020,-,Left,3,3,1,-,https://cdn.sofifa.net/flags/es.png,-,-,High,Medium,84,73,72,80,39,63,74,73,35,73,65,80,75,74,70,79,87,82,86,73,81,73,81,69,62,74,53,41,71,70,70,74,39,41,37,11,8,10,13,15,72,77,75,75,75,77,77,77,72,77,64,60,64,60,51,60,20,Isi Palazón,77,77,11000000,27,1945,RM,Spain,Midfield,Rotation 70-77,Midfield / Rotation 70-77
Bruno Viana,Bruno Viana Willemen Da Silva,77,80,12000000,CB,CB,Brazil,https://cdn.sofifa.net/players/234/226/23_60.png,27,187,79,1744,381,Wuhan FC,15000,0,CB,2022,5,2018,TRUE,Right,3,2,1,-,https://cdn.sofifa.net/flags/br.png,-,-,Medium,Medium,67,42,56,57,78,81,44,37,78,71,39,52,44,42,64,61,68,66,53,75,58,57,81,82,83,37,76,77,34,42,52,67,80,77,74,7,7,14,6,6,58,54,54,54,54,54,57,59,63,59,71,74,71,73,79,73,16,Bruno Viana,77,80,12000000,27,1744,CB,Brazil,Defender,Rotation 70-77,Defender / Rotation 70-77
Iago,Iago Amaral Borduchi,77,80,13000000,"LWB,LM",LWB,Brazil,https://cdn.sofifa.net/players/251/182/23_60.png,25,181,67,1947,428,FC Augsburg,25000,24400000,LB,2024,22,2019,-,Left,2,3,1,-,https://cdn.sofifa.net/flags/br.png,-,-,High,Medium,84,58,69,74,72,71,75,58,67,72,39,74,68,35,69,73,77,89,76,71,74,65,65,75,69,56,72,73,67,67,46,74,71,73,76,7,8,15,12,13,70,71,70,70,70,71,72,74,72,74,77,74,77,76,74,76,19,Iago,77,80,13000000,25,1947,LWB,Brazil,Defender,Rotation 70-77,Defender / Rotation 70-77
Brais Méndez,Brais Méndez Portela,77,80,14000000,"RM,CM",CAM,Spain,https://cdn.sofifa.net/players/235/944/23_60.png,25,187,76,1943,415,Real Sociedad,30000,30500000,CM,2028,23,2022,-,Left,3,4,1,-,https://cdn.sofifa.net/flags/es.png,-,-,Medium,Medium,69,74,77,75,56,64,76,75,52,78,65,78,74,75,75,79,69,69,69,78,37,73,64,60,68,72,59,55,79,79,72,78,49,65,54,10,5,10,12,8,75,76,76,76,76,76,79,78,77,78,69,69,69,66,63,66,18,Brais Méndez,77,80,14000000,25,1943,CAM,Spain,Midfield,Rotation 70-77,Midfield / Rotation 70-77
Davidson,Davidson Da Luz Pereira,77,77,8500000,"LM,ST",LM,Brazil,https://cdn.sofifa.net/players/237/135/23_60.png,31,177,63,1988,422,Wuhan Three Towns,21000,13200000,ST,2025,11,2022,-,Right,3,4,1,-,https://cdn.sofifa.net/flags/br.png,-,-,High,Medium,81,75,71,80,41,74,72,73,60,72,64,79,80,69,61,79,82,80,85,76,80,83,74,89,67,76,72,32,77,73,71,80,40,40,41,9,7,8,9,8,77,77,77,77,77,77,77,77,72,77,65,61,65,62,55,62,18,Davidson,77,77,8500000,31,1988,LM,Brazil,Midfield,Rotation 70-77,Midfield / Rotation 70-77
D. Alli,Dele Alli,77,80,14000000,"CAM,CM",ST,England,https://cdn.sofifa.net/players/211/117/23_60.png,26,188,80,2054,430,Beşiktaş JK,40000,0,CM,2023,11,2022,TRUE,Right,3,4,3,-,https://cdn.sofifa.net/flags/gb-eng.png,-,-,Medium,Medium,65,77,75,78,64,71,70,80,78,79,77,79,76,60,76,81,63,66,72,75,66,76,71,66,75,72,68,60,80,77,80,78,63,65,62,7,6,9,11,8,80,76,77,77,77,76,80,78,79,78,72,73,72,71,71,71,18,D. Alli,77,80,14000000,26,2054,ST,England,Forward,Rotation 70-77,Forward / Rotation 70-77
P. Max,Philipp Max,77,77,9500000,LB,LB,Germany,https://cdn.sofifa.net/players/212/187/23_60.png,28,177,77,2071,439,PSV,18000,13300000,LB,2024,31,2020,-,Left,3,3,2,-,https://cdn.sofifa.net/flags/de.png,-,-,High,Medium,78,65,77,75,70,74,84,63,60,76,45,73,78,75,74,76,79,78,76,77,74,79,72,82,70,63,73,73,69,73,60,74,69,72,71,15,12,11,8,11,72,74,73,73,73,74,75,77,76,77,77,76,77,77,73,77,21,P. Max,77,77,9500000,28,2071,LB,Germany,Defender,Rotation 70-77,Defender / Rotation 70-77
F. Lejeune,Florian Lejeune,77,77,7000000,CB,CB,France,https://cdn.sofifa.net/players/197/948/23_60.png,31,189,81,1804,384,Rayo Vallecano,13000,0,CB,2023,19,2021,TRUE,Right,3,2,2,-,https://cdn.sofifa.net/flags/fr.png,-,-,Medium,High,52,57,62,64,77,72,51,50,75,77,42,62,47,47,70,70,48,55,52,77,52,75,77,48,80,66,80,80,46,46,43,77,79,76,73,11,15,15,12,7,65,59,61,61,61,59,64,62,68,62,69,75,69,71,77,71,21,F. Lejeune,77,77,7000000,31,1804,CB,France,Defender,Rotation 70-77,Defender / Rotation 70-77
Hugo Mallo,Hugo Mallo Novegil,77,77,7500000,RB,RB,Spain,https://cdn.sofifa.net/players/194/229/23_60.png,31,173,69,1813,386,RC Celta de Vigo,22000,15800000,RB,2023,2,2009,-,Right,3,3,2,-,https://cdn.sofifa.net/flags/es.png,-,-,Medium,Medium,64,39,68,67,75,73,78,28,67,72,28,62,65,38,61,70,60,67,73,80,63,67,79,81,68,39,76,78,46,64,23,70,69,79,78,14,9,7,9,15,59,62,60,60,60,62,64,67,69,67,77,75,77,77,76,77,21,Hugo Mallo,77,77,7500000,31,1813,RB,Spain,Defender,Rotation 70-77,Defender / Rotation 70-77
M. Casco,Milton Casco,77,77,3900000,"LB,RB,CM",RM,Argentina,https://cdn.sofifa.net/players/215/071/23_60.png,34,170,69,2148,455,River Plate,17000,5500000,RB,2025,20,2015,-,Right,5,3,1,-,https://cdn.sofifa.net/flags/ar.png,-,-,High,Low,83,68,76,80,69,79,75,62,65,76,66,79,80,59,75,82,88,79,85,74,80,78,74,85,74,69,86,69,78,80,66,80,65,71,74,15,8,13,12,6,76,77,77,77,77,77,77,77,77,77,77,77,77,77,74,77,19,M. Casco,77,77,3900000,34,2148,RM,Argentina,Midfield,Rotation 70-77,Midfield / Rotation 70-77
Ander Capa,Ander Capa Rodríguez,77,77,9000000,RB,RB,Spain,https://cdn.sofifa.net/players/216/189/23_60.png,30,175,75,2108,449,Athletic Club de Bilbao,25000,18900000,SUB,2024,21,2018,-,Right,3,3,2,-,https://cdn.sofifa.net/flags/es.png,-,-,High,High,79,64,74,74,73,85,77,56,60,76,54,72,78,58,67,72,80,79,80,72,86,82,82,88,84,67,83,75,76,74,54,78,73,75,74,12,13,6,12,11,72,73,72,72,72,73,74,76,75,76,77,77,77,77,77,77,20,Ander Capa,77,77,9000000,30,2108,RB,Spain,Defender,Rotation 70-77,Defender / Rotation 70-77
J. Beauguel,Jean-David Beauguel,77,77,10500000,ST,ST,France,https://cdn.sofifa.net/players/216/793/23_60.png,30,196,96,1738,379,Al Wehda,30000,17300000,ST,2024,9,2022,-,Left,3,3,1,-,https://cdn.sofifa.net/flags/fr.png,-,-,Medium,Medium,68,75,53,71,32,80,30,78,82,64,69,73,55,52,52,77,67,68,56,75,43,78,54,70,92,67,67,34,80,58,74,68,20,28,23,8,10,12,14,8,77,68,73,73,73,68,71,68,65,68,51,54,51,50,51,50,19,J. Beauguel,77,77,10500000,30,1738,ST,France,Forward,Rotation 70-77,Forward / Rotation 70-77
M. Targett,Matt Targett,77,78,11500000,LB,LB,England,https://cdn.sofifa.net/players/218/659/23_60.png,26,183,70,1910,403,Newcastle United,69000,22700000,LB,2026,13,2022,-,Left,2,3,1,-,https://cdn.sofifa.net/flags/gb-eng.png,-,-,High,Medium,69,47,72,72,74,69,81,40,60,74,40,73,77,68,66,75,69,69,63,75,63,65,64,80,66,44,63,77,62,63,51,67,76,76,72,10,15,8,11,14,64,67,65,65,65,67,69,72,72,72,78,75,78,77,74,77,21,M. Targett,77,78,11500000,26,1910,LB,England,Defender,Rotation 70-77,Defender / Rotation 70-77
D. Gray,Demarai Gray,77,78,12500000,"LM,LW,CAM",RW,England,https://cdn.sofifa.net/players/220/633/23_60.png,26,183,75,1842,407,Everton,40000,24700000,LM,2024,11,2021,-,Right,4,4,2,-,https://cdn.sofifa.net/flags/gb-eng.png,-,-,High,Medium,86,76,69,81,37,58,73,77,31,70,54,84,72,60,60,82,87,86,81,68,78,82,51,70,59,75,41,25,74,72,61,73,42,45,31,6,11,11,13,10,74,78,77,77,77,78,78,78,71,78,62,56,62,58,47,58,18,D. Gray,77,78,12500000,26,1842,RW,England,Forward,Rotation 70-77,Forward / Rotation 70-77
F. Honorat,Franck Honorat,77,78,12500000,"LM,RM,ST",LM,France,https://cdn.sofifa.net/players/220/876/23_60.png,25,180,70,1957,412,Stade Brestois 29,24000,25900000,LM,2025,9,2020,-,Right,3,4,2,-,https://cdn.sofifa.net/flags/fr.png,-,-,High,Medium,81,75,71,77,47,61,77,74,59,72,74,78,69,60,65,77,82,81,79,72,67,77,80,80,55,78,48,43,74,72,68,75,51,45,39,10,15,7,14,15,75,76,75,75,75,76,77,78,72,78,66,62,66,63,55,63,22,F. Honorat,77,78,12500000,25,1957,LM,France,Midfield,Rotation 70-77,Midfield / Rotation 70-77
L. Boyé,Lucas Boyé,77,80,14000000,ST,ST,Argentina,https://cdn.sofifa.net/players/222/041/23_60.png,26,183,79,1954,419,Elche CF,23000,31900000,SUB,2024,9,2021,-,Right,2,4,1,-,https://cdn.sofifa.net/flags/ar.png,-,-,High,Low,70,78,64,78,49,80,60,82,74,68,67,81,65,55,57,80,70,70,72,73,68,77,76,69,87,76,78,52,74,67,71,67,45,45,41,14,7,11,15,7,79,74,75,75,75,74,75,74,71,74,63,63,63,61,62,61,20,L. Boyé,77,80,14000000,26,1954,ST,Argentina,Forward,Rotation 70-77,Forward / Rotation 70-77
M. Friedrich,Marvin Friedrich,77,79,11500000,CB,CB,Germany,https://cdn.sofifa.net/players/222/493/23_60.png,26,193,84,1702,369,Borussia Mönchengladbach,26000,20400000,SUB,2026,5,2022,-,Right,3,2,1,-,https://cdn.sofifa.net/flags/de.png,-,-,Medium,Medium,63,41,57,53,79,76,43,39,78,67,35,43,39,26,68,61,54,71,53,76,52,58,74,64,82,35,74,77,32,59,38,68,78,83,78,10,13,13,15,14,57,52,53,53,53,52,57,57,63,57,69,74,69,72,79,72,22,M. Friedrich,77,79,11500000,26,1702,CB,Germany,Defender,Rotation 70-77,Defender / Rotation 70-77
Dani Ceballos,Daniel Ceballos Fernández,77,80,14000000,"CM,CDM",CM,Spain,https://cdn.sofifa.net/players/222/509/23_60.png,25,179,68,2007,417,Real Madrid CF,110000,29800000,SUB,2023,19,2017,-,Right,3,4,2,-,https://cdn.sofifa.net/flags/es.png,-,-,Medium,Medium,58,68,77,82,66,66,74,65,41,80,62,83,77,67,77,83,64,53,79,75,78,76,50,74,60,72,75,71,72,76,55,80,66,70,69,12,15,16,7,13,70,74,74,74,74,74,78,77,79,77,74,76,74,72,68,72,21,Dani Ceballos,77,80,14000000,25,2007,CM,Spain,Midfield,Rotation 70-77,Midfield / Rotation 70-77
R. Aguilar,Ruben Aguilar,77,77,9500000,RB,RB,France,https://cdn.sofifa.net/players/223/597/23_60.png,29,172,71,1972,421,AS Monaco,45000,18100000,SUB,2025,26,2019,-,Right,2,3,2,-,https://cdn.sofifa.net/flags/fr.png,-,-,High,High,73,53,71,75,73,76,76,49,60,76,52,75,62,33,70,75,78,68,77,75,76,70,80,92,65,45,83,73,70,69,38,72,73,75,75,15,8,16,10,13,68,70,69,69,69,70,72,75,75,75,77,77,77,77,75,77,21,R. Aguilar,77,77,9500000,29,1972,RB,France,Defender,Rotation 70-77,Defender / Rotation 70-77
Pedro Chirivella,Pedro Chirivella Burgos,77,80,12500000,"CDM,CM",CDM,Spain,https://cdn.sofifa.net/players/224/019/23_60.png,25,178,66,1893,400,FC Nantes,24000,25900000,CM,2026,5,2020,-,Right,3,3,1,-,https://cdn.sofifa.net/flags/es.png,-,-,Medium,Medium,59,54,73,74,70,70,63,46,58,79,54,71,62,48,83,79,58,60,72,79,64,68,48,80,65,57,74,74,55,73,51,74,69,72,70,13,14,12,8,14,65,67,67,67,67,67,72,72,77,72,74,78,74,73,72,73,22,Pedro Chirivella,77,80,12500000,25,1893,CDM,Spain,Midfield,Rotation 70-77,Midfield / Rotation 70-77
G. Pezzella,Germán Pezzella,77,77,7000000,CB,CB,Argentina,https://cdn.sofifa.net/players/193/601/23_60.png,31,186,81,1639,354,Real Betis Balompié,22000,14700000,CB,2025,16,2021,-,Right,3,2,1,-,https://cdn.sofifa.net/flags/ar.png,-,-,Medium,Medium,50,49,49,56,79,71,40,48,80,70,40,54,46,32,56,65,51,49,32,69,43,54,82,51,77,50,79,78,47,22,35,72,78,80,77,7,9,13,10,15,60,52,54,54,54,52,55,55,59,55,66,71,66,69,77,69,19,G. Pezzella,77,77,7000000,31,1639,CB,Argentina,Defender,Rotation 70-77,Defender / Rotation 70-77
Negredo,Álvaro Negredo Sánchez,77,77,3600000,ST,ST,Spain,https://cdn.sofifa.net/players/146/439/23_60.png,36,186,86,1862,379,Cádiz CF,25000,7600000,ST,2023,18,2020,-,Left,2,3,3,-,https://cdn.sofifa.net/flags/es.png,-,-,Medium,Low,53,80,64,70,36,76,43,80,83,73,79,70,63,69,64,72,54,53,65,75,64,84,81,56,85,79,77,28,79,67,77,70,33,31,30,11,6,11,7,13,77,68,73,73,73,68,74,69,69,69,52,57,52,51,55,51,20,Negredo,77,77,3600000,36,1862,ST,Spain,Forward,Rotation 70-77,Forward / Rotation 70-77
L. Rodríguez,Luis Miguel Rodríguez,77,77,3600000,"ST,CF,CAM",CAM,Argentina,https://cdn.sofifa.net/players/192/906/23_60.png,37,167,67,2058,418,Club Atlético Colón,13000,5400000,ST,2023,10,2022,-,Right,4,4,1,-,https://cdn.sofifa.net/flags/ar.png,-,-,High,Low,67,79,76,83,43,70,75,78,68,75,82,84,87,79,70,83,71,64,78,81,85,81,69,72,68,78,73,40,81,82,81,86,32,48,42,7,7,14,10,13,77,77,77,77,77,77,77,77,77,77,64,64,64,61,57,61,19,L. Rodríguez,77,77,3600000,37,2058,CAM,Argentina,Midfield,Rotation 70-77,Midfield / Rotation 70-77
P. Groß,Pascal Groß,77,77,8500000,"CM,RM",CM,Germany,https://cdn.sofifa.net/players/190/765/23_60.png,31,181,78,2031,410,Brighton & Hove Albion,60000,16200000,RF,2024,13,2017,-,Right,4,4,2,-,https://cdn.sofifa.net/flags/de.png,-,-,Medium,Medium,50,74,81,75,58,72,84,72,53,81,65,75,85,77,79,78,55,45,66,79,67,76,71,83,68,80,67,58,75,80,72,81,56,60,59,8,15,15,16,11,73,74,74,74,74,74,77,77,77,77,71,72,71,68,64,68,22,P. Groß,77,77,8500000,31,2031,CM,Germany,Midfield,Rotation 70-77,Midfield / Rotation 70-77
Illarramendi,Asier Illarramendi,77,77,8500000,"CM,CDM",CM,Spain,https://cdn.sofifa.net/players/190/584/23_60.png,32,179,74,1989,405,Real Sociedad,31000,17900000,SUB,2023,4,2015,-,Right,3,3,2,-,https://cdn.sofifa.net/flags/es.png,-,-,Medium,High,42,69,76,76,75,67,68,68,51,78,58,76,76,68,77,78,52,34,68,79,70,69,62,66,65,76,73,80,75,81,53,78,78,76,75,15,7,11,14,12,70,71,72,72,72,71,76,73,77,73,74,77,74,72,74,72,21,Illarramendi,77,77,8500000,32,1989,CM,Spain,Midfield,Rotation 70-77,Midfield / Rotation 70-77
De Marcos,Oscar De Marcos Arana,77,77,5500000,RB,RB,Spain,https://cdn.sofifa.net/players/190/149/23_60.png,33,182,78,2036,435,Athletic Club de Bilbao,25000,11600000,RB,2023,18,2009,-,Right,3,4,2,-,https://cdn.sofifa.net/flags/es.png,-,-,High,Medium,78,64,73,72,72,76,76,64,59,77,57,68,77,53,68,77,77,79,73,75,77,73,76,82,73,56,77,73,73,70,55,75,72,73,75,8,6,13,15,9,72,72,72,72,72,72,74,76,75,76,77,76,77,77,75,77,19,De Marcos,77,77,5500000,33,2036,RB,Spain,Defender,Rotation 70-77,Defender / Rotation 70-77
Fidel,Fidel Chaves de la Torre,77,77,8500000,"LM,CM,LWB",LM,Spain,https://cdn.sofifa.net/players/189/172/23_60.png,32,180,74,1996,414,Elche CF,22000,18700000,LM,2024,16,2019,-,Left,2,3,1,-,https://cdn.sofifa.net/flags/es.png,-,-,High,Medium,72,72,77,75,54,64,78,75,46,79,58,76,70,73,74,74,71,72,78,78,72,72,75,70,60,66,65,49,76,78,79,68,55,58,60,14,14,10,9,12,73,75,75,75,75,75,77,77,75,77,70,68,70,67,62,67,21,Fidel,77,77,8500000,32,1996,LM,Spain,Midfield,Rotation 70-77,Midfield / Rotation 70-77
J. Shelvey,Jonjo Shelvey,77,77,10000000,"CM,CDM",CM,England,https://cdn.sofifa.net/players/189/165/23_60.png,30,184,80,1984,399,Newcastle United,76000,19000000,RES,2023,8,2016,-,Right,3,3,2,-,https://cdn.sofifa.net/flags/gb-eng.png,-,-,Medium,Medium,40,71,80,72,62,74,75,62,67,83,66,73,69,73,85,77,43,38,55,73,63,85,62,75,71,79,83,62,65,82,71,80,60,63,60,14,11,15,8,16,70,69,70,70,70,69,75,73,77,73,69,74,69,67,68,67,21,J. Shelvey,77,77,10000000,30,1984,CM,England,Midfield,Rotation 70-77,Midfield / Rotation 70-77
G. Bou,Gustavo Bou,77,77,8500000,"ST,CF",ST,Argentina,https://cdn.sofifa.net/players/188/955/23_60.png,32,175,72,1929,404,New England Revolution,11000,12800000,ST,2023,7,2019,-,Right,4,4,1,-,https://cdn.sofifa.net/flags/ar.png,-,-,Medium,Low,76,79,69,76,33,71,69,77,71,70,70,76,66,71,64,76,75,76,74,75,77,88,82,76,75,80,52,39,78,73,72,76,24,29,24,6,6,15,16,7,77,75,76,76,76,75,76,76,71,76,59,56,59,56,50,56,18,G. Bou,77,77,8500000,32,1929,ST,Argentina,Forward,Rotation 70-77,Forward / Rotation 70-77
Rochina,Rubén Rochina Naixes,77,77,8500000,"RM,CM,LM",CAM,Spain,https://cdn.sofifa.net/players/188/103/23_60.png,31,182,76,2026,423,Granada CF,13000,13600000,SUB,2023,23,2021,-,Left,2,4,1,-,https://cdn.sofifa.net/flags/es.png,-,-,Medium,Medium,68,77,78,80,54,66,69,74,54,78,68,82,81,77,81,82,69,68,72,73,77,83,63,62,69,83,65,53,73,82,67,82,51,57,53,7,16,11,13,13,76,76,77,77,77,76,77,77,77,77,67,69,67,65,62,65,21,Rochina,77,77,8500000,31,2026,CAM,Spain,Midfield,Rotation 70-77,Midfield / Rotation 70-77
M. Suárez,Matías Suárez,77,77,5000000,"ST,LW",CAM,Argentina,https://cdn.sofifa.net/players/188/042/23_60.png,34,183,75,2043,425,River Plate,20000,7000000,SUB,2023,7,2019,-,Right,4,4,2,-,https://cdn.sofifa.net/flags/ar.png,-,-,Medium,Medium,75,76,75,83,47,69,72,75,74,73,74,84,82,67,74,83,80,71,80,80,81,78,73,60,71,78,76,45,80,82,68,85,45,43,37,9,16,11,13,8,77,77,77,77,77,77,77,77,76,77,64,64,64,61,60,61,21,M. Suárez,77,77,5000000,34,2043,CAM,Argentina,Midfield,Rotation 70-77,Midfield / Rotation 70-77
Montoro,Ángel Montoro Sánchez,77,77,3600000,"CDM,CM,CAM",CDM,Spain,https://cdn.sofifa.net/players/186/682/23_60.png,34,181,72,1904,388,Real Oviedo,11000,5800000,CM,2023,19,2022,-,Right,3,3,1,-,https://cdn.sofifa.net/flags/es.png,-,-,Medium,Medium,38,65,72,70,75,68,54,54,57,80,67,72,50,71,79,78,37,39,52,72,48,76,59,61,69,77,75,77,66,78,62,65,77,77,76,12,8,12,16,16,67,65,68,68,68,65,73,68,77,68,70,77,70,70,75,70,21,Montoro,77,77,3600000,34,1904,CDM,Spain,Midfield,Rotation 70-77,Midfield / Rotation 70-77
M. Sissoko,Moussa Sissoko,77,77,7000000,"CDM,CM",CDM,France,https://cdn.sofifa.net/players/183/394/23_60.png,32,187,91,2036,438,FC Nantes,25000,14000000,CM,2024,17,2022,-,Right,3,3,2,-,https://cdn.sofifa.net/flags/fr.png,-,-,Medium,High,70,61,72,75,74,86,72,52,65,75,62,78,75,60,74,76,63,75,64,75,58,83,69,83,90,59,85,73,71,65,60,74,75,77,71,14,8,11,10,8,72,70,71,71,71,70,73,74,75,74,77,77,77,76,77,76,19,M. Sissoko,77,77,7000000,32,2036,CDM,France,Midfield,Rotation 70-77,Midfield / Rotation 70-77
Sidnei,Sidnei Rechel da Silva Júnior,77,77,7000000,CB,CB,Brazil,https://cdn.sofifa.net/players/182/002/23_60.png,32,185,80,1832,408,Unión Deportiva Las Palmas,11000,11200000,CB,2023,18,2022,-,Right,2,2,2,-,https://cdn.sofifa.net/flags/br.png,-,-,High,Medium,68,56,63,63,76,82,59,53,76,77,33,62,36,39,68,73,67,69,46,75,33,74,81,64,93,53,77,77,53,50,58,71,74,77,74,10,16,12,9,14,68,63,64,64,64,63,66,67,69,67,73,76,73,74,77,74,21,Sidnei,77,77,7000000,32,1832,CB,Brazil,Defender,Rotation 70-77,Defender / Rotation 70-77
Willian,Willian Borges da Silva,77,77,6500000,"RM,RW,LW",RM,Brazil,https://cdn.sofifa.net/players/180/403/23_60.png,33,175,77,1943,410,Fulham,55000,12400000,SUB,2023,20,2022,-,Right,4,4,3,-,https://cdn.sofifa.net/flags/br.png,-,-,Medium,Low,75,76,77,80,49,53,75,73,31,78,59,80,82,82,71,79,77,73,82,75,80,82,32,58,56,78,45,55,76,78,79,77,43,55,50,14,12,13,7,13,74,77,76,76,76,77,77,77,76,77,68,66,68,65,56,65,22,Willian,77,77,6500000,33,1943,RM,Brazil,Midfield,Rotation 70-77,Midfield / Rotation 70-77
K. Gameiro,Kévin Gameiro,77,77,4500000,ST,ST,France,https://cdn.sofifa.net/players/176/600/23_60.png,35,172,69,1968,410,RC Strasbourg Alsace,22000,8600000,ST,2023,9,2021,-,Right,4,3,3,-,https://cdn.sofifa.net/flags/fr.png,-,-,Medium,Medium,78,77,73,75,41,66,69,79,68,76,77,73,74,70,69,77,77,79,77,77,71,77,83,67,64,73,66,38,78,74,81,76,44,33,39,6,10,8,8,6,77,76,76,76,76,76,77,77,73,77,63,62,63,61,56,61,18,K. Gameiro,77,77,4500000,35,1968,ST,France,Forward,Rotation 70-77,Forward / Rotation 70-77
V. Rosier,Valentin Rosier,77,80,13000000,"RB,RWB",RB,France,https://cdn.sofifa.net/players/234/730/23_60.png,25,175,75,1963,425,Beşiktaş JK,42000,27000000,RB,2025,2,2021,-,Right,2,2,1,-,https://cdn.sofifa.net/flags/fr.png,-,-,High,Medium,84,52,65,77,72,75,74,45,64,69,47,75,67,45,62,76,84,84,84,73,85,64,72,84,70,54,78,72,65,58,42,73,73,74,73,8,13,10,10,9,67,70,68,68,68,70,70,73,70,73,77,74,77,77,74,77,19,V. Rosier,77,80,13000000,25,1963,RB,France,Defender,Rotation 70-77,Defender / Rotation 70-77
K. Thuram,Khéphren Thuram,77,84,21500000,"CM,CDM",CM,France,https://cdn.sofifa.net/players/247/246/23_60.png,21,192,81,2070,446,OGC Nice,30000,45200000,CM,2025,19,2019,-,Right,3,3,1,-,https://cdn.sofifa.net/flags/fr.png,-,-,High,High,74,69,74,77,75,77,68,72,76,79,55,78,72,56,75,79,73,74,71,78,69,71,74,78,80,66,70,74,76,75,59,77,74,76,72,7,9,14,11,9,77,75,76,76,76,75,78,78,79,78,77,78,77,77,77,77,19,K. Thuram,77,84,21500000,21,2070,CM,France,Midfield,Rotation 70-77,Midfield / Rotation 70-77
Adrià Pedrosa,Adrià Giner Pedrosa,77,83,15500000,LB,LM,Spain,https://cdn.sofifa.net/players/246/113/23_60.png,24,176,69,2015,440,RCD Espanyol de Barcelona,16000,35700000,SUB,2023,3,2017,-,Left,3,3,1,-,https://cdn.sofifa.net/flags/es.png,-,-,High,High,90,60,69,78,70,73,73,61,61,73,58,81,74,40,65,75,91,89,83,73,77,63,63,90,64,58,78,70,70,68,45,73,69,73,70,14,14,14,10,8,71,75,73,73,73,75,75,78,74,78,78,74,78,77,72,77,20,Adrià Pedrosa,77,83,15500000,24,2015,LM,Spain,Midfield,Rotation 70-77,Midfield / Rotation 70-77
Arthur Cabral,Arthur Mendonça Cabral,77,83,17000000,ST,ST,Brazil,https://cdn.sofifa.net/players/246/186/23_60.png,24,186,89,1863,395,Fiorentina,47000,32299999,SUB,2026,9,2022,-,Right,4,3,1,-,https://cdn.sofifa.net/flags/br.png,-,-,High,Medium,73,77,63,73,31,78,50,79,78,74,76,73,63,48,56,76,71,75,71,74,68,78,84,74,87,70,61,24,77,68,75,71,27,27,25,12,9,14,13,6,79,72,75,75,75,72,75,73,68,73,55,55,55,52,51,52,19,Arthur Cabral,77,83,17000000,24,1863,ST,Brazil,Forward,Rotation 70-77,Forward / Rotation 70-77
Alberto Moreno,Alberto Moreno Pérez,77,77,9500000,"LB,LM",LB,Spain,https://cdn.sofifa.net/players/205/566/23_60.png,29,171,65,2061,438,Villarreal CF,30000,20000000,SUB,2024,18,2019,-,Left,2,3,2,-,https://cdn.sofifa.net/flags/es.png,-,-,High,Medium,81,69,72,77,70,69,78,65,61,77,45,76,67,55,68,78,78,84,80,75,83,80,86,75,59,74,81,70,75,66,54,68,66,75,76,10,14,9,10,11,74,75,74,74,74,75,76,77,75,77,77,75,77,77,73,77,20,Alberto Moreno,77,77,9500000,29,2061,LB,Spain,Defender,Rotation 70-77,Defender / Rotation 70-77
Bryan Gil,Bryan Gil Salvatierra,77,86,23500000,"LM,RM",CAM,Spain,https://cdn.sofifa.net/players/246/785/23_60.png,21,175,65,1750,368,Tottenham Hotspur,56000,49400000,SUB,2026,11,2021,-,Left,3,3,1,-,https://cdn.sofifa.net/flags/es.png,-,-,High,Medium,77,69,74,82,31,35,79,76,34,75,64,83,68,72,72,79,78,76,89,76,79,64,47,45,30,60,32,30,79,69,52,81,31,32,30,13,10,14,6,6,71,77,75,75,75,77,78,78,70,78,59,54,59,54,41,54,18,Bryan Gil,77,86,23500000,21,1750,CAM,Spain,Midfield,Rotation 70-77,Midfield / Rotation 70-77
Tuta,Lucas Silva Melo,77,82,14500000,CB,CB,Brazil,https://cdn.sofifa.net/players/247/182/23_60.png,22,185,81,1875,407,Eintracht Frankfurt,23000,25700000,CB,2026,35,2019,-,Right,2,2,1,-,https://cdn.sofifa.net/flags/br.png,-,-,Medium,Medium,70,49,65,70,77,76,60,48,75,78,46,68,42,39,76,72,68,72,68,75,69,59,75,74,76,40,78,76,45,50,62,76,78,78,78,7,11,5,15,12,64,63,62,62,62,63,66,68,70,68,75,77,75,76,79,76,20,Tuta,77,82,14500000,22,1875,CB,Brazil,Defender,Rotation 70-77,Defender / Rotation 70-77
Unai Vencedor,Unai Vencedor Paris,77,84,21500000,"CM,CDM",CM,Spain,https://cdn.sofifa.net/players/247/328/23_60.png,21,176,71,2055,431,Athletic Club de Bilbao,20000,49500000,SUB,2027,16,2018,-,Right,4,3,1,-,https://cdn.sofifa.net/flags/es.png,-,-,Medium,Medium,62,70,75,76,74,74,65,68,54,79,56,75,78,81,76,77,70,56,74,74,82,74,65,81,74,80,68,75,70,76,49,76,76,80,72,15,6,10,6,13,72,72,73,73,73,72,77,75,79,75,76,78,76,75,75,75,19,Unai Vencedor,77,84,21500000,21,2055,CM,Spain,Midfield,Rotation 70-77,Midfield / Rotation 70-77
M. Kilman,Max Kilman,77,83,14500000,CB,CB,England,https://cdn.sofifa.net/players/245/336/23_60.png,25,194,89,1759,385,Wolverhampton Wanderers,62000,30500000,CB,2026,23,2018,-,Left,4,2,1,-,https://cdn.sofifa.net/flags/gb-eng.png,-,-,Medium,High,61,42,63,63,78,78,54,36,68,71,36,62,45,39,70,66,53,68,54,78,51,51,68,68,85,43,73,78,47,61,48,70,79,80,79,11,11,5,9,12,59,58,59,59,59,58,63,63,68,63,73,76,73,74,79,74,20,M. Kilman,77,83,14500000,25,1759,CB,England,Defender,Rotation 70-77,Defender / Rotation 70-77
R. Montlaur,Richard Montlaur,77,77,10000000,"CDM,CM",CDM,France,https://cdn.sofifa.net/players/269/770/23_60.png,27,176,70,2102,446,AFC Richmond,43000,19000000,SUB,2025,8,2019,-,Left,4,4,1,-,https://cdn.sofifa.net/flags/fr.png,-,-,Medium,High,79,69,77,78,73,70,73,68,52,80,58,78,80,66,78,76,81,78,83,77,83,72,61,83,61,70,76,75,75,77,69,79,74,77,75,9,5,12,7,13,73,76,75,75,75,76,77,77,77,77,77,77,77,77,74,77,18,R. Montlaur,77,77,10000000,27,2102,CDM,France,Midfield,Rotation 70-77,Midfield / Rotation 70-77
N. Madueke,Noni Madueke,77,86,23000000,RW,CAM,England,https://cdn.sofifa.net/players/254/796/23_60.png,20,182,70,1896,409,PSV,16000,36800000,RES,2025,10,2019,-,Left,4,4,1,-,https://cdn.sofifa.net/flags/gb-eng.png,-,-,Medium,Low,90,71,68,82,36,62,65,72,42,71,67,85,75,63,64,81,92,89,84,74,80,73,76,64,64,72,53,31,67,69,61,71,42,32,37,5,13,6,12,15,74,77,76,76,76,77,78,77,70,77,61,57,61,58,50,58,20,N. Madueke,77,86,23000000,20,1896,CAM,England,Midfield,Rotation 70-77,Midfield / Rotation 70-77
Galeno,Wenderson Nascimento Galeno,77,81,15000000,LM,RM,Brazil,https://cdn.sofifa.net/players/239/482/23_60.png,24,179,62,1884,408,FC Porto,13000,31100000,SUB,2026,13,2022,-,Right,3,4,1,-,https://cdn.sofifa.net/flags/br.png,-,-,High,Medium,90,72,66,82,32,66,66,72,41,68,59,83,75,70,53,80,91,90,84,77,73,75,69,80,64,73,52,41,76,69,59,85,22,35,29,13,6,13,11,15,75,77,77,77,77,77,77,78,70,78,62,56,62,58,48,58,21,Galeno,77,81,15000000,24,1884,RM,Brazil,Midfield,Rotation 70-77,Midfield / Rotation 70-77
B. Badiashile,Benoît Badiashile,77,85,22000000,CB,CB,France,https://cdn.sofifa.net/players/242/578/23_60.png,21,194,75,1762,389,AS Monaco,31000,46200000,CB,2024,5,2018,-,Left,3,2,2,-,https://cdn.sofifa.net/flags/fr.png,-,-,Medium,High,61,47,67,60,78,76,48,38,78,78,31,58,56,34,77,67,54,66,42,76,35,70,78,64,84,47,69,78,47,68,46,75,78,78,74,8,7,5,15,8,62,58,61,61,61,58,65,64,71,64,71,77,71,73,79,73,19,B. Badiashile,77,85,22000000,21,1762,CB,France,Defender,Rotation 70-77,Defender / Rotation 70-77
Gorosabel,Andoni Gorosabel Espinosa,77,79,12000000,RB,RB,Spain,https://cdn.sofifa.net/players/241/049/23_60.png,25,174,70,1895,406,Real Sociedad,27000,26100000,RB,2024,18,2017,-,Right,2,2,1,-,https://cdn.sofifa.net/flags/es.png,-,-,Medium,Medium,75,46,71,72,75,67,76,38,71,77,39,71,63,39,70,74,73,76,71,76,75,52,71,71,66,58,65,75,67,67,38,68,73,78,76,8,6,10,10,15,65,69,67,67,67,69,71,73,73,73,77,76,77,77,75,77,19,Gorosabel,77,79,12000000,25,1895,RB,Spain,Defender,Rotation 70-77,Defender / Rotation 70-77
O. Skipp,Oliver Skipp,77,84,20000000,"CDM,CM",CDM,England,https://cdn.sofifa.net/players/241/042/23_60.png,21,175,70,1846,397,Tottenham Hotspur,49000,42000000,SUB,2024,4,2018,-,Right,3,2,1,-,https://cdn.sofifa.net/flags/gb-eng.png,-,-,Medium,High,65,47,68,71,75,71,52,41,51,78,38,69,61,42,76,74,67,63,65,76,74,63,61,74,66,45,80,78,54,71,54,74,77,77,78,8,12,9,7,5,61,64,64,64,64,64,69,69,74,69,74,78,74,74,75,74,18,O. Skipp,77,84,20000000,21,1846,CDM,England,Midfield,Rotation 70-77,Midfield / Rotation 70-77
Pepê,Eduardo Gabriel Aquino Cossa,77,80,14000000,"LM,RM",RM,Brazil,https://cdn.sofifa.net/players/238/896/23_60.png,25,173,72,1759,384,FC Porto,14000,29100000,LM,2026,11,2021,-,Right,2,4,1,-,https://cdn.sofifa.net/flags/br.png,-,-,High,Medium,85,66,68,80,32,53,74,76,40,73,64,81,60,40,66,81,84,86,86,71,77,52,57,70,49,59,40,30,70,65,64,67,30,32,30,14,6,13,10,9,70,76,73,73,73,76,76,78,70,78,61,55,61,56,44,56,19,Pepê,77,80,14000000,25,1759,RM,Brazil,Midfield,Rotation 70-77,Midfield / Rotation 70-77
Eric García,Eric García Martret,77,84,20000000,CB,CDM,Spain,https://cdn.sofifa.net/players/245/037/23_60.png,21,182,76,1820,394,FC Barcelona,71000,45000000,CB,2026,24,2021,-,Right,3,2,2,Spain,https://cdn.sofifa.net/flags/es.png,CB,3,Medium,Medium,62,44,71,68,78,71,54,42,77,86,31,64,65,31,80,73,55,68,64,75,56,51,77,65,72,44,76,76,42,68,44,79,77,79,78,11,9,12,11,7,61,62,62,62,62,62,68,67,73,67,74,79,74,75,79,75,19,Eric García,77,84,20000000,21,1820,CDM,Spain,Midfield,Rotation 70-77,Midfield / Rotation 70-77
D. Zagadou,Dan-Axel Zagadou,77,82,14500000,CB,CB,France,https://cdn.sofifa.net/players/238/476/23_60.png,23,196,90,1619,362,VfB Stuttgart,21000,27200000,RES,2026,41,2022,-,Left,3,2,1,-,https://cdn.sofifa.net/flags/fr.png,-,-,Medium,High,58,34,61,51,78,80,46,26,80,75,25,51,37,25,74,52,51,64,33,72,34,66,63,65,92,25,75,76,31,59,30,72,74,83,80,9,13,5,14,14,55,50,51,51,51,50,56,57,64,57,69,75,69,72,79,72,21,D. Zagadou,77,82,14500000,23,1619,CB,France,Defender,Rotation 70-77,Defender / Rotation 70-77
V. Castellanos,Valentin Castellanos,77,82,16000000,ST,ST,Argentina,https://cdn.sofifa.net/players/237/712/23_60.png,23,178,74,1942,413,Girona FC,10000,0,ST,2023,9,2019,TRUE,Right,3,3,1,-,https://cdn.sofifa.net/flags/ar.png,-,-,Medium,High,78,77,68,73,41,76,56,81,71,77,72,71,63,61,59,75,78,78,72,79,67,78,78,88,68,66,78,29,82,74,71,73,43,37,39,15,6,10,12,8,79,74,76,76,76,74,77,76,72,76,62,61,62,60,56,60,20,V. Castellanos,77,82,16000000,23,1942,ST,Argentina,Forward,Rotation 70-77,Forward / Rotation 70-77
De Frutos,Jorge de Frutos Sebastián,77,80,14000000,"RM,LM",CAM,Spain,https://cdn.sofifa.net/players/243/559/23_60.png,25,176,71,1920,406,Levante Unión Deportiva,14000,23500000,SUB,2025,18,2020,-,Right,4,4,1,-,https://cdn.sofifa.net/flags/es.png,-,-,Medium,Medium,82,70,74,78,41,61,75,70,55,75,64,79,77,56,70,77,83,82,81,72,81,79,65,80,53,67,58,41,72,78,58,78,44,38,29,13,8,12,14,14,73,76,75,75,75,76,78,78,73,78,64,61,64,60,52,60,21,De Frutos,77,80,14000000,25,1920,CAM,Spain,Midfield,Rotation 70-77,Midfield / Rotation 70-77
M. Lacroix,Maxence Lacroix,77,86,22000000,CB,CB,France,https://cdn.sofifa.net/players/244/067/23_60.png,22,190,88,1736,397,VfL Wolfsburg,34000,41800000,CB,2025,4,2020,-,Right,2,2,2,-,https://cdn.sofifa.net/flags/fr.png,-,-,Medium,High,87,33,55,67,78,77,35,29,74,72,28,66,37,26,66,68,85,89,64,78,55,46,80,67,82,27,74,80,32,50,38,80,79,78,75,14,7,12,12,11,58,58,58,58,58,58,62,63,65,63,73,75,73,75,79,75,20,M. Lacroix,77,86,22000000,22,1736,CB,France,Defender,Rotation 70-77,Defender / Rotation 70-77
D. Undav,Deniz Undav,77,80,14000000,ST,ST,Germany,https://cdn.sofifa.net/players/244/176/23_60.png,25,178,86,1924,402,Brighton & Hove Albion,63000,27700000,SUB,2026,21,2022,-,Right,5,3,1,-,https://cdn.sofifa.net/flags/de.png,-,-,Medium,Low,68,80,71,75,32,76,67,82,66,72,80,74,74,66,62,78,69,67,68,74,82,78,66,70,81,77,73,18,83,78,74,80,25,37,29,9,12,9,11,13,79,75,76,76,76,75,77,76,71,76,56,56,56,53,51,53,20,D. Undav,77,80,14000000,25,1924,ST,Germany,Forward,Rotation 70-77,Forward / Rotation 70-77
A. Lookman,Ademola Lookman,77,81,15000000,"LM,RM",RM,England,https://cdn.sofifa.net/players/230/899/23_60.png,24,174,71,1843,397,Atalanta,39000,26600000,SUB,2026,11,2022,-,Right,4,4,1,-,https://cdn.sofifa.net/flags/gb-eng.png,-,-,Medium,Medium,85,73,68,82,29,60,73,74,48,72,60,83,69,51,53,80,87,83,90,69,85,77,64,69,55,70,62,32,75,72,62,76,27,23,24,12,12,9,15,6,74,77,76,76,76,77,77,78,69,78,59,53,59,54,45,54,19,A. Lookman,77,81,15000000,24,1843,RM,England,Midfield,Rotation 70-77,Midfield / Rotation 70-77
J. Ferri,Jordan Ferri,77,77,9000000,"CDM,CM",CDM,France,https://cdn.sofifa.net/players/206/306/23_60.png,30,173,73,2004,416,Montpellier Hérault SC,23000,17100000,CDM,2026,12,2019,-,Right,2,3,2,-,https://cdn.sofifa.net/flags/fr.png,-,-,Medium,High,57,65,76,74,70,74,68,60,53,81,56,72,71,55,79,76,59,55,69,77,83,77,64,78,69,69,86,75,70,79,54,75,71,72,67,7,11,11,15,15,70,70,71,71,71,70,75,74,77,74,74,77,74,72,73,72,21,J. Ferri,77,77,9000000,30,2004,CDM,France,Midfield,Rotation 70-77,Midfield / Rotation 70-77
Willian Arão,Willian Souza Arão da Silva,77,77,9000000,"CDM,CM",CDM,Brazil,https://cdn.sofifa.net/players/207/884/23_60.png,30,181,74,1976,425,Fenerbahçe SK,55000,17100000,CM,2024,5,2022,-,Right,3,3,1,-,https://cdn.sofifa.net/flags/br.png,-,-,Medium,Medium,73,63,66,69,76,78,46,56,75,77,37,69,43,48,74,72,74,73,65,75,57,75,73,82,74,70,86,77,76,70,56,70,76,78,72,16,16,15,10,13,72,68,71,71,71,68,73,72,76,72,74,77,74,75,77,75,23,Willian Arão,77,77,9000000,30,1976,CDM,Brazil,Midfield,Rotation 70-77,Midfield / Rotation 70-77
Hugo Duro,Hugo Duro Perales,77,84,21500000,"ST,LM",ST,Spain,https://cdn.sofifa.net/players/243/032/23_60.png,22,180,76,1888,405,Valencia CF,32000,49500000,SUB,2026,19,2022,-,Left,4,3,1,-,https://cdn.sofifa.net/flags/es.png,-,-,High,Medium,75,76,67,76,44,67,64,80,78,75,74,78,52,51,60,79,73,76,69,74,69,76,74,70,72,72,47,45,76,68,64,68,45,35,35,8,14,6,14,15,79,75,76,76,76,75,76,76,71,76,62,60,62,60,56,60,21,Hugo Duro,77,84,21500000,22,1888,ST,Spain,Forward,Rotation 70-77,Forward / Rotation 70-77
Leander Baia,Alessandro L. Baia Marques,77,77,3900000,"RB,RM",RB,Brazil,https://cdn.sofifa.net/players/230/197/23_60.png,34,175,71,1920,412,Clube Atlético Mineiro,32000,7000000,RB,2025,20,2022,-,Right,3,3,1,-,https://cdn.sofifa.net/flags/br.png,-,-,High,Medium,76,48,69,75,74,70,72,51,66,77,39,77,51,52,74,71,74,77,81,75,72,34,65,80,61,51,81,71,55,56,66,73,77,76,77,15,8,15,10,13,63,69,65,65,65,69,70,73,72,73,77,76,77,77,75,77,21,Leander Baia,77,77,3900000,34,1920,RB,Brazil,Defender,Rotation 70-77,Defender / Rotation 70-77
R. Holding,Rob Holding,77,79,11500000,CB,CB,England,https://cdn.sofifa.net/players/228/295/23_60.png,26,189,75,1694,366,Arsenal,65000,22700000,SUB,2024,16,2016,-,Right,3,2,1,-,https://cdn.sofifa.net/flags/gb-eng.png,-,-,Low,High,54,34,61,66,78,73,50,30,72,75,27,64,33,30,66,69,55,54,54,78,61,48,76,61,78,27,75,78,40,57,38,74,77,81,78,14,11,10,14,13,56,56,57,57,57,56,61,62,67,62,71,76,71,72,79,72,22,R. Holding,77,79,11500000,26,1694,CB,England,Defender,Rotation 70-77,Defender / Rotation 70-77
B. Henrichs,Benjamin Henrichs,77,80,13000000,"RWB,RM,CM",RWB,Germany,https://cdn.sofifa.net/players/228/579/23_60.png,25,185,79,1953,416,RB Leipzig,41000,23100000,RB,2025,39,2021,-,Right,4,3,2,-,https://cdn.sofifa.net/flags/de.png,-,-,High,Medium,71,53,72,76,74,70,76,50,63,76,53,77,73,49,66,77,74,69,75,76,69,62,66,75,68,46,68,75,62,69,59,75,73,76,75,8,9,13,12,14,67,70,68,68,68,70,72,74,73,74,77,76,77,76,74,76,20,B. Henrichs,77,80,13000000,25,1953,RWB,Germany,Defender,Rotation 70-77,Defender / Rotation 70-77
A. Disasi,Axel Disasi,77,82,14500000,CB,CB,France,https://cdn.sofifa.net/players/229/942/23_60.png,24,190,86,1547,343,AS Monaco,37000,28600000,CB,2025,6,2020,-,Right,2,2,2,-,https://cdn.sofifa.net/flags/fr.png,-,-,Medium,Medium,50,28,51,55,77,82,25,20,77,66,36,54,34,27,64,62,46,54,31,75,34,54,72,66,92,17,78,77,23,51,36,71,78,78,75,12,8,11,8,6,51,46,49,49,49,46,53,53,61,53,66,74,66,68,79,68,18,A. Disasi,77,82,14500000,24,1547,CB,France,Defender,Rotation 70-77,Defender / Rotation 70-77
S. Serdar,Suat Serdar,77,81,14500000,"CM,CDM,CAM",CM,Germany,https://cdn.sofifa.net/players/230/065/23_60.png,25,184,75,2087,442,Hertha BSC,30000,27200000,CM,2026,8,2021,-,Right,3,4,2,-,https://cdn.sofifa.net/flags/de.png,-,-,High,Medium,67,71,71,81,73,79,62,70,70,75,65,84,78,52,73,82,69,66,72,80,74,75,81,81,75,74,85,76,70,75,53,75,72,74,73,15,8,5,13,10,76,75,76,76,76,75,78,77,79,77,76,78,76,76,77,76,21,S. Serdar,77,81,14500000,25,2087,CM,Germany,Midfield,Rotation 70-77,Midfield / Rotation 70-77
Enzo Chissano,Enzo Leandro Chissano Baia,77,77,9000000,"LB,RB,CB",LB,Brazil,https://cdn.sofifa.net/players/230/241/23_60.png,30,165,62,2026,425,Palmeiras,34000,16200000,LB,2025,28,2022,-,Left,3,2,1,-,https://cdn.sofifa.net/flags/br.png,-,-,Medium,Medium,79,62,71,70,74,69,76,58,74,73,69,69,76,80,68,69,76,82,74,77,54,75,86,75,65,60,68,73,44,60,73,78,76,74,72,12,7,8,13,10,68,68,66,66,66,68,68,71,70,71,76,74,76,76,75,76,20,Enzo Chissano,77,77,9000000,30,2026,LB,Brazil,Defender,Rotation 70-77,Defender / Rotation 70-77
A. Fulgini,Angelo Fulgini,77,80,14000000,"CM,CAM,CF",CAM,France,https://cdn.sofifa.net/players/226/789/23_60.png,25,183,71,2043,440,1. FSV Mainz 05,27000,24900000,CM,2026,10,2022,-,Right,4,4,2,-,https://cdn.sofifa.net/flags/fr.png,-,-,High,Medium,73,70,76,79,69,73,72,74,67,79,52,81,67,66,74,81,71,74,71,75,64,70,70,81,71,68,69,67,78,79,56,74,66,73,69,12,6,11,15,14,76,77,77,77,77,77,79,79,79,79,76,76,76,75,72,75,21,A. Fulgini,77,80,14000000,25,2043,CAM,France,Midfield,Rotation 70-77,Midfield / Rotation 70-77
Claudio Coíntra,Claudio Nuno Coíntra Calegari,77,77,11500000,"CAM,CF",CAM,Brazil,https://cdn.sofifa.net/players/230/269/23_60.png,26,174,71,1911,393,Palmeiras,38000,20700000,CAM,2025,29,2022,-,Left,5,4,1,-,https://cdn.sofifa.net/flags/br.png,-,-,High,Medium,79,73,76,78,27,60,74,73,45,75,77,75,86,74,75,76,89,71,88,82,79,74,66,75,60,68,42,32,78,79,73,84,17,28,21,8,15,15,13,8,74,77,76,76,76,77,77,77,74,77,59,56,59,54,43,54,21,Claudio Coíntra,77,77,11500000,26,1911,CAM,Brazil,Midfield,Rotation 70-77,Midfield / Rotation 70-77
Wagner Laranjo,Wagner Mauro Laranjo Coelho,77,77,2100000,"CDM,CM",CDM,Brazil,https://cdn.sofifa.net/players/230/331/23_60.png,38,177,77,2047,437,Palmeiras,25000,3800000,CDM,2025,5,2022,-,Right,3,2,1,-,https://cdn.sofifa.net/flags/br.png,-,-,Medium,Medium,67,72,75,73,74,76,61,69,74,82,48,70,66,70,79,82,69,66,63,71,71,81,55,82,78,80,70,73,60,77,75,79,76,73,70,13,5,13,14,11,74,71,73,73,73,71,76,74,77,74,75,77,75,75,76,75,19,Wagner Laranjo,77,77,2100000,38,2047,CDM,Brazil,Midfield,Rotation 70-77,Midfield / Rotation 70-77
Andeson Trigo,Andeson Jaime Trigo Gonçalves,77,77,3900000,"LB,LM,CAM",LB,Brazil,https://cdn.sofifa.net/players/230/337/23_60.png,34,175,68,2087,432,Fluminense,23000,7400000,LM,2025,18,2022,-,Left,3,3,1,-,https://cdn.sofifa.net/flags/br.png,-,-,High,Medium,82,63,75,77,71,64,75,60,60,75,59,76,84,77,72,73,85,79,89,82,79,70,69,84,52,61,70,62,72,73,67,80,76,74,77,13,13,9,8,12,71,74,73,73,73,74,76,77,76,77,77,75,77,77,72,77,21,Andeson Trigo,77,77,3900000,34,2087,LB,Brazil,Defender,Rotation 70-77,Defender / Rotation 70-77
Jadsinho Mei,Jadson José Meireles Correia,77,77,10000000,"CDM,CM",CDM,Brazil,https://cdn.sofifa.net/players/230/346/23_60.png,26,176,72,1784,393,Flamengo,34000,18000000,CM,2025,6,2022,-,Right,3,2,1,-,https://cdn.sofifa.net/flags/br.png,-,-,Medium,Medium,58,61,65,58,72,79,41,53,65,78,31,45,33,39,75,74,59,57,54,75,59,84,52,89,77,68,78,80,59,74,40,60,74,69,68,10,7,6,5,6,66,60,65,65,65,60,68,65,74,65,71,77,71,72,74,72,16,Jadsinho Mei,77,77,10000000,26,1784,CDM,Brazil,Midfield,Rotation 70-77,Midfield / Rotation 70-77
Rodrigo Vuarte,Rodrigo Éder Vuarte Ruiz,77,77,9000000,CDM,CDM,Brazil,https://cdn.sofifa.net/players/230/349/23_60.png,30,179,77,1920,416,Clube Atlético Mineiro,32000,16200000,CDM,2025,6,2022,-,Left,3,2,1,-,https://cdn.sofifa.net/flags/br.png,-,-,Medium,Medium,65,65,70,63,76,77,67,65,53,78,53,56,60,60,76,73,63,66,62,69,65,71,54,82,75,68,80,76,57,60,47,52,83,76,75,13,9,7,9,12,67,65,65,65,65,65,68,69,73,69,75,77,75,75,76,75,19,Rodrigo Vuarte,77,77,9000000,30,1920,CDM,Brazil,Midfield,Rotation 70-77,Midfield / Rotation 70-77
Victorio Jabim,Victorio Martin Maia Padilha Jabim,77,77,10500000,"RB,RM",RB,Brazil,https://cdn.sofifa.net/players/230/371/23_60.png,26,178,75,1947,415,Palmeiras,34000,18900000,RB,2025,20,2022,-,Right,3,3,1,-,https://cdn.sofifa.net/flags/br.png,-,-,Medium,Medium,79,54,71,73,75,63,72,52,68,73,55,71,61,62,71,77,76,81,72,74,69,54,55,78,56,53,64,73,61,71,63,72,80,74,73,8,16,9,10,15,66,70,68,68,68,70,72,74,73,74,77,75,77,77,73,77,21,Victorio Jabim,77,77,10500000,26,1947,RB,Brazil,Defender,Rotation 70-77,Defender / Rotation 70-77
Vieirundinho,Danilo Manuel Vieira Espíndola,77,77,3400000,CB,CB,Brazil,https://cdn.sofifa.net/players/230/379/23_60.png,34,189,84,1667,369,Santos,26000,6500000,CB,2025,2,2022,-,Right,2,2,1,-,https://cdn.sofifa.net/flags/br.png,-,-,Medium,Medium,59,39,53,57,80,81,42,29,77,69,28,48,36,30,69,67,62,57,61,69,37,65,58,79,84,41,82,76,26,32,47,68,83,80,78,13,16,11,6,9,55,50,51,51,51,50,54,56,61,56,70,75,70,73,77,73,19,Vieirundinho,77,77,3400000,34,1667,CB,Brazil,Defender,Rotation 70-77,Defender / Rotation 70-77
Murildo Kauê,Murildo Kauê Cadete Teixeira,77,77,12500000,LM,LM,Brazil,https://cdn.sofifa.net/players/230/402/23_60.png,22,178,78,1761,397,Palmeiras,33000,22500000,LM,2025,17,2022,-,Left,3,2,1,-,https://cdn.sofifa.net/flags/br.png,-,-,Medium,Medium,81,63,72,75,37,69,74,68,29,74,49,77,56,55,70,75,81,81,77,77,66,63,41,82,74,56,45,38,80,75,34,59,35,40,35,10,10,11,14,9,70,75,74,74,74,75,77,77,73,77,64,60,64,59,49,59,20,Murildo Kauê,77,77,12500000,22,1761,LM,Brazil,Midfield,Rotation 70-77,Midfield / Rotation 70-77
Sidney Pessinho,Sidney Adrián Pessoa Vidigal,77,77,9000000,"CDM,CM",CDM,Brazil,https://cdn.sofifa.net/players/230/431/23_60.png,30,187,85,2004,430,Internacional,26000,17100000,CDM,2025,5,2022,-,Right,3,2,1,-,https://cdn.sofifa.net/flags/br.png,-,-,High,High,69,62,74,69,76,80,71,56,62,75,45,72,81,77,77,71,69,69,52,81,48,73,68,76,85,72,77,76,52,72,67,67,80,76,76,11,15,8,7,7,68,68,68,68,68,68,71,72,75,72,77,77,77,76,77,76,20,Sidney Pessinho,77,77,9000000,30,2004,CDM,Brazil,Midfield,Rotation 70-77,Midfield / Rotation 70-77
Vitor Hugo,Vitor Hugo Franchescoli Souza,77,77,7000000,CB,CB,Brazil,https://cdn.sofifa.net/players/226/601/23_60.png,31,187,80,1641,353,Trabzonspor,33000,13300000,CB,2024,13,2020,-,Left,2,2,1,-,https://cdn.sofifa.net/flags/br.png,-,-,Medium,High,66,33,45,50,79,80,32,29,82,57,33,41,38,34,50,53,66,66,50,75,53,53,86,76,81,22,81,77,27,40,45,78,79,79,79,14,7,14,9,13,53,46,47,47,47,46,49,51,55,51,67,70,67,71,77,71,20,Vitor Hugo,77,77,7000000,31,1641,CB,Brazil,Defender,Rotation 70-77,Defender / Rotation 70-77
A. Thomasson,Adrien Thomasson,77,77,10500000,"CM,CAM",CM,France,https://cdn.sofifa.net/players/208/787/23_60.png,28,177,72,2068,430,RC Strasbourg Alsace,28000,20000000,CM,2024,10,2018,-,Right,4,3,2,-,https://cdn.sofifa.net/flags/fr.png,-,-,High,High,69,72,77,77,65,70,75,70,61,78,64,78,73,70,77,78,69,69,72,77,81,75,72,77,67,75,69,68,79,78,68,77,63,68,57,14,9,15,9,13,75,75,76,76,76,75,77,77,77,77,73,74,73,71,69,71,21,A. Thomasson,77,77,10500000,28,2068,CM,France,Midfield,Rotation 70-77,Midfield / Rotation 70-77
H. Mukhtar,Hany Mukhtar,77,78,12500000,"CF,ST,CAM",CAM,Germany,https://cdn.sofifa.net/players/210/021/23_60.png,27,173,71,1981,418,Nashville SC,11000,19700000,CF,2025,10,2020,-,Right,5,3,1,-,https://cdn.sofifa.net/flags/de.png,-,-,High,Medium,80,74,77,78,45,64,72,75,45,82,55,75,68,77,75,78,79,81,87,79,85,75,73,87,60,74,42,45,76,78,70,73,45,44,44,15,10,9,9,12,74,77,77,77,77,77,78,78,77,78,68,65,68,64,54,64,21,H. Mukhtar,77,78,12500000,27,1981,CAM,Germany,Midfield,Rotation 70-77,Midfield / Rotation 70-77
M. Wolf,Marius Wolf,77,77,11000000,"RM,RB",RM,Germany,https://cdn.sofifa.net/players/224/425/23_60.png,27,188,81,2039,442,Borussia Dortmund,42000,18700000,SUB,2024,17,2018,-,Right,4,3,2,-,https://cdn.sofifa.net/flags/de.png,-,-,High,Medium,83,71,71,74,66,77,73,73,62,74,64,76,69,70,64,75,78,87,68,77,66,75,61,83,76,66,78,69,76,72,52,75,67,65,65,12,15,7,16,8,76,75,75,75,75,75,76,77,75,77,75,73,75,74,71,74,22,M. Wolf,77,77,11000000,27,2039,RM,Germany,Midfield,Rotation 70-77,Midfield / Rotation 70-77
S. Mavididi,Stephy Mavididi,77,81,15000000,"LM,ST",ST,England,https://cdn.sofifa.net/players/225/783/23_60.png,24,182,71,1855,406,Montpellier Hérault SC,22000,29600000,LM,2024,10,2020,-,Right,3,3,1,-,https://cdn.sofifa.net/flags/gb-eng.png,-,-,Medium,Medium,88,76,69,77,28,68,71,77,70,72,69,79,62,56,67,76,88,88,74,72,71,80,73,72,74,75,48,24,75,69,59,72,30,18,20,6,10,6,8,16,78,76,76,76,76,76,77,78,69,78,57,53,57,54,46,54,19,S. Mavididi,77,81,15000000,24,1855,ST,England,Forward,Rotation 70-77,Forward / Rotation 70-77
B. Godfrey,Ben Godfrey,77,85,22000000,"CB,LB",CB,England,https://cdn.sofifa.net/players/225/793/23_60.png,24,183,79,1836,408,Everton,31000,46200000,RES,2025,22,2020,-,Right,3,2,2,-,https://cdn.sofifa.net/flags/gb-eng.png,-,-,Medium,High,82,44,61,65,76,80,56,35,73,71,40,62,39,33,65,68,72,90,65,74,66,53,80,74,83,55,81,74,46,56,44,68,75,78,78,7,6,12,14,11,61,62,61,61,61,62,64,66,67,66,74,75,74,76,79,76,19,B. Godfrey,77,85,22000000,24,1836,CB,England,Defender,Rotation 70-77,Defender / Rotation 70-77
O. Boscagli,Olivier Boscagli,77,82,14500000,"CB,LB,CDM",CDM,France,https://cdn.sofifa.net/players/225/863/23_60.png,24,181,68,1964,422,PSV,15000,21400000,RES,2025,18,2019,-,Left,4,3,2,-,https://cdn.sofifa.net/flags/fr.png,-,-,Medium,Medium,73,49,74,74,77,75,73,33,74,77,29,73,52,56,79,77,71,75,72,77,70,73,82,76,75,67,71,80,62,74,36,77,76,78,77,8,7,14,8,12,66,69,68,68,68,69,73,73,77,73,78,79,78,78,79,78,19,O. Boscagli,77,82,14500000,24,1964,CDM,France,Midfield,Rotation 70-77,Midfield / Rotation 70-77
O. Edouard,Odsonne Edouard,76,82,12000000,"ST,LW",ST,France,https://cdn.sofifa.net/players/233/866/23_60.png,24,187,83,1962,421,Crystal Palace,46000,25200000,ST,2025,22,2021,-,Right,4,4,1,-,https://cdn.sofifa.net/flags/fr.png,-,-,High,Medium,79,75,68,79,45,75,58,79,72,73,62,80,75,77,58,79,77,81,79,69,79,77,73,77,82,69,55,39,74,74,76,82,44,46,28,7,6,13,11,13,78,75,76,76,76,75,77,76,71,76,61,61,61,59,57,59,18,O. Edouard,76,82,12000000,24,1962,ST,France,Forward,Rotation 70-77,Forward / Rotation 70-77
Jairzinho Aníbal,Gabriel Jairo Aníbal Rangel,76,76,6500000,"CDM,CM",CDM,Brazil,https://cdn.sofifa.net/players/230/457/23_60.png,30,182,77,1974,412,RB Bragantino,16000,12400000,CM,2025,6,2022,-,Right,3,2,1,-,https://cdn.sofifa.net/flags/br.png,-,-,Medium,High,67,62,66,65,74,78,62,57,72,76,44,59,57,54,71,72,67,67,65,81,61,72,78,89,71,67,82,72,65,56,66,73,80,70,74,12,9,16,18,12,69,66,67,67,67,66,69,70,72,70,75,76,75,76,76,76,22,Jairzinho Aníbal,76,76,6500000,30,1974,CDM,Brazil,Midfield,Rotation 70-77,Midfield / Rotation 70-77
Simão Acunha,Simão Alvin Acunha Bardini,76,76,3500000,"CAM,CF",CAM,Brazil,https://cdn.sofifa.net/players/230/463/23_60.png,34,178,71,1894,397,Clube Atlético Mineiro,33000,6300000,CAM,2025,18,2022,-,Right,2,4,1,-,https://cdn.sofifa.net/flags/br.png,-,-,High,Low,77,68,77,77,36,62,74,66,60,79,67,76,87,61,73,78,80,74,79,78,72,71,69,72,61,72,48,45,67,80,67,71,30,32,22,7,12,11,12,12,72,75,74,74,74,75,76,76,74,76,62,60,62,58,50,58,20,Simão Acunha,76,76,3500000,34,1894,CAM,Brazil,Midfield,Rotation 70-77,Midfield / Rotation 70-77
T. Hübers,Timo Hübers,76,79,9000000,CB,CB,Germany,https://cdn.sofifa.net/players/234/727/23_60.png,25,190,82,1726,384,1. FC Köln,23000,16900000,CB,2023,4,2021,-,Right,4,2,1,-,https://cdn.sofifa.net/flags/de.png,-,-,Medium,High,80,39,56,58,78,73,40,36,74,67,35,56,38,39,65,61,77,83,48,73,54,51,71,63,78,35,71,84,42,53,40,63,76,78,77,14,11,14,9,13,59,56,57,57,57,56,59,61,64,61,71,73,71,74,78,74,21,T. Hübers,76,79,9000000,25,1726,CB,Germany,Defender,Rotation 70-77,Defender / Rotation 70-77
Evander,Evander da Silva Ferreira,76,81,11500000,"CM,CAM",CAM,Brazil,https://cdn.sofifa.net/players/234/505/23_60.png,24,179,76,2067,436,FC Midtjylland,24000,15800000,CM,2025,10,2019,-,Right,4,4,1,-,https://cdn.sofifa.net/flags/br.png,-,-,Medium,Medium,73,71,76,80,67,69,73,69,51,77,55,80,77,74,75,78,76,70,84,76,83,77,64,86,59,72,72,71,72,79,74,76,71,68,56,11,8,12,11,6,73,76,75,75,75,76,78,78,78,78,75,75,75,73,68,73,19,Evander,76,81,11500000,24,2067,CAM,Brazil,Midfield,Rotation 70-77,Midfield / Rotation 70-77
R. Aliendro,Rodrigo Aliendro,76,76,6000000,"CM,CDM",CM,Argentina,https://cdn.sofifa.net/players/233/029/23_60.png,31,173,72,2116,448,River Plate,17000,8400000,SUB,2025,27,2022,-,Right,3,4,1,-,https://cdn.sofifa.net/flags/ar.png,-,-,High,High,77,72,71,80,72,76,71,69,69,73,71,79,68,53,72,80,82,72,80,79,80,79,70,84,72,73,78,76,79,73,65,81,68,74,73,6,12,10,13,13,76,76,76,76,76,76,76,76,76,76,76,76,76,76,75,76,20,R. Aliendro,76,76,6000000,31,2116,CM,Argentina,Midfield,Rotation 70-77,Midfield / Rotation 70-77
F. Zampedri,Fernando Zampedri,76,76,3600000,ST,ST,Argentina,https://cdn.sofifa.net/players/232/670/23_60.png,34,184,84,1763,380,Universidad Católica,13000,5000000,ST,2023,9,2020,-,Right,3,3,1,-,https://cdn.sofifa.net/flags/ar.png,-,-,High,Medium,68,78,56,71,29,78,50,80,79,64,70,73,45,53,52,72,66,69,67,67,53,80,80,52,90,73,78,15,79,56,78,69,34,19,22,5,8,9,10,15,76,69,72,72,72,69,70,68,62,68,49,49,49,47,50,47,18,F. Zampedri,76,76,3600000,34,1763,ST,Argentina,Forward,Rotation 70-77,Forward / Rotation 70-77
T. Henry,Thomas Henry,76,76,8000000,ST,ST,France,https://cdn.sofifa.net/players/231/835/23_60.png,27,191,86,1838,394,Hellas Verona,29000,13600000,ST,2026,9,2022,-,Right,3,2,1,-,https://cdn.sofifa.net/flags/fr.png,-,-,High,Medium,65,76,65,66,40,82,51,79,82,73,72,63,45,59,63,73,54,74,55,75,50,82,69,81,87,62,74,25,80,73,82,76,39,39,29,5,13,9,6,15,76,69,73,73,73,69,73,71,70,71,57,59,57,55,56,55,19,T. Henry,76,76,8000000,27,1838,ST,France,Forward,Rotation 70-77,Forward / Rotation 70-77
J. Justin,James Justin,76,79,9500000,"LB,RB",RWB,England,https://cdn.sofifa.net/players/231/554/23_60.png,24,183,80,1895,415,Leicester City,52000,18800000,LB,2026,2,2019,-,Right,4,3,1,-,https://cdn.sofifa.net/flags/gb-eng.png,-,-,High,High,81,50,69,72,73,70,73,53,65,72,42,73,60,60,65,74,77,85,67,74,70,54,64,77,68,40,66,70,66,67,43,66,73,77,75,13,7,6,5,14,67,70,68,68,68,70,71,74,71,74,77,74,77,76,74,76,19,J. Justin,76,79,9500000,24,1895,RWB,England,Defender,Rotation 70-77,Defender / Rotation 70-77
R. Perraud,Romain Perraud,76,80,10000000,LB,CM,France,https://cdn.sofifa.net/players/231/318/23_60.png,24,173,68,2088,439,Southampton,38000,19800000,SUB,2025,15,2021,-,Left,2,3,1,-,https://cdn.sofifa.net/flags/fr.png,-,-,High,Medium,72,72,75,75,72,73,77,65,62,77,70,75,72,73,72,74,74,70,73,76,80,84,56,84,64,78,85,75,76,71,60,69,73,74,71,6,7,10,11,13,74,74,74,74,74,74,76,76,77,76,77,77,77,76,74,76,19,R. Perraud,76,80,10000000,24,2088,CM,France,Midfield,Rotation 70-77,Midfield / Rotation 70-77
T. Chalobah,Trevoh Chalobah,76,82,11000000,"CB,CDM,CM",CB,England,https://cdn.sofifa.net/players/230/918/23_60.png,22,191,84,1782,396,Chelsea,64000,22600000,SUB,2026,14,2016,-,Right,3,3,1,-,https://cdn.sofifa.net/flags/gb-eng.png,-,-,Medium,High,64,47,65,68,76,76,53,44,72,75,40,69,49,43,70,72,62,66,51,75,55,55,61,67,82,50,74,77,49,64,42,68,76,78,76,5,5,9,9,7,63,62,63,63,63,62,67,67,71,67,73,76,73,74,78,74,16,T. Chalobah,76,82,11000000,22,1782,CB,England,Defender,Rotation 70-77,Defender / Rotation 70-77
Adilson Edrada,Adilson Patrick Edrada Pereira,76,76,7000000,CAM,CAM,Brazil,https://cdn.sofifa.net/players/230/475/23_60.png,30,176,72,1842,385,Santos,26000,13300000,CAM,2025,25,2022,-,Right,3,3,1,-,https://cdn.sofifa.net/flags/br.png,-,-,Medium,Low,77,71,70,80,32,55,63,73,56,76,68,87,61,66,58,75,74,80,79,66,75,61,73,52,60,73,43,38,76,77,76,67,16,32,44,12,16,12,11,13,73,76,75,75,75,76,76,75,70,75,58,54,58,55,48,55,21,Adilson Edrada,76,76,7000000,30,1842,CAM,Brazil,Midfield,Rotation 70-77,Midfield / Rotation 70-77
Diego Llorente,Diego Javier Llorente Ríos,76,77,7000000,CB,CB,Spain,https://cdn.sofifa.net/players/212/602/23_60.png,28,186,76,1784,391,Leeds United,36000,13800000,CB,2024,14,2020,-,Right,3,2,2,-,https://cdn.sofifa.net/flags/es.png,-,-,Medium,High,67,40,63,68,75,78,55,39,74,75,31,65,30,35,72,76,67,67,61,73,62,45,80,69,79,37,86,80,43,60,53,70,71,76,76,8,12,11,9,7,60,61,60,60,60,61,65,66,70,66,73,77,73,74,77,74,18,Diego Llorente,76,77,7000000,28,1784,CB,Spain,Defender,Rotation 70-77,Defender / Rotation 70-77
S. Palacios,Sebastián Palacios,76,76,7000000,"RW,LW",RW,Argentina,https://cdn.sofifa.net/players/212/715/23_60.png,30,163,69,1972,423,Panathinaikos FC,1000,15400000,RW,2024,34,2021,-,Right,3,4,1,-,https://cdn.sofifa.net/flags/ar.png,-,-,High,Medium,91,74,69,77,44,68,69,78,53,72,67,75,73,53,65,75,90,91,92,73,84,73,71,81,60,69,69,45,77,69,63,80,35,49,45,15,13,6,13,9,75,76,75,75,75,76,76,76,72,76,66,62,66,64,56,64,21,S. Palacios,76,76,7000000,30,1972,RW,Argentina,Forward,Rotation 70-77,Forward / Rotation 70-77
Puertas,Antonio José Rodríguez Díaz,76,76,7000000,"RM,LM",RM,Spain,https://cdn.sofifa.net/players/213/577/23_60.png,30,183,77,1939,413,Granada CF,12000,11200000,RM,2024,10,2017,-,Right,3,3,1,-,https://cdn.sofifa.net/flags/es.png,-,-,High,High,76,73,71,76,43,74,75,73,72,73,65,77,62,50,69,76,75,77,76,73,71,78,75,74,75,70,70,41,81,72,65,76,44,39,31,15,10,14,12,9,76,75,75,75,75,75,76,76,72,76,63,62,63,60,57,60,20,Puertas,76,76,7000000,30,1939,RM,Spain,Midfield,Rotation 70-77,Midfield / Rotation 70-77
R. Loftus-Cheek,Ruben Loftus-Cheek,76,79,9500000,"CM,RM",CAM,England,https://cdn.sofifa.net/players/213/666/23_60.png,26,191,88,1987,427,Chelsea,81000,18300000,SUB,2024,12,2013,-,Right,3,4,1,-,https://cdn.sofifa.net/flags/gb-eng.png,-,-,Medium,Medium,65,68,75,78,66,75,69,66,68,81,55,82,62,57,79,80,61,68,66,74,65,76,59,68,81,70,73,60,80,76,56,77,62,74,61,11,7,12,15,13,75,74,76,76,76,74,78,77,78,77,71,74,71,70,71,70,20,R. Loftus-Cheek,76,79,9500000,26,1987,CAM,England,Midfield,Rotation 70-77,Midfield / Rotation 70-77
Thiago Mendes,Thiago Henrique Mendes Ribeiro,76,76,6500000,"CDM,CB,CM",CDM,Brazil,https://cdn.sofifa.net/players/213/874/23_60.png,30,177,75,2053,431,Olympique Lyonnais,48000,12400000,CB,2023,23,2019,-,Right,3,3,2,-,https://cdn.sofifa.net/flags/br.png,-,-,Medium,Medium,68,67,74,75,73,74,67,60,63,77,60,75,67,71,78,76,66,69,72,74,76,78,71,76,72,73,77,75,68,75,60,77,73,75,73,14,9,12,13,8,71,71,72,72,72,71,75,74,76,74,75,76,75,75,75,75,20,Thiago Mendes,76,76,6500000,30,2053,CDM,Brazil,Midfield,Rotation 70-77,Midfield / Rotation 70-77
I. Marcone,Iván Marcone,76,76,5000000,"CDM,CM",CDM,Argentina,https://cdn.sofifa.net/players/215/057/23_60.png,32,182,79,1917,397,Club Atlético Independiente,14000,7500000,CDM,2024,23,2022,-,Right,3,3,1,-,https://cdn.sofifa.net/flags/ar.png,-,-,Low,High,44,62,72,69,73,77,70,57,67,76,49,67,59,60,75,74,54,35,57,74,61,71,51,78,80,67,76,74,68,72,59,79,73,75,73,16,11,12,16,10,68,66,67,67,67,66,71,70,75,70,73,76,73,72,75,72,22,I. Marcone,76,76,5000000,32,1917,CDM,Argentina,Midfield,Rotation 70-77,Midfield / Rotation 70-77
L. Dubois,Léo Dubois,76,76,7000000,RB,RB,France,https://cdn.sofifa.net/players/216/643/23_60.png,27,178,65,1980,419,Galatasaray SK,51000,13300000,SUB,2025,2,2022,-,Right,4,3,3,-,https://cdn.sofifa.net/flags/fr.png,-,-,High,Medium,70,58,74,72,74,71,78,51,60,75,68,72,75,56,73,74,68,71,65,75,65,72,73,73,71,55,68,76,69,71,46,76,75,76,75,13,8,8,9,16,69,70,69,69,69,70,73,75,75,75,76,76,76,76,76,76,21,L. Dubois,76,76,7000000,27,1980,RB,France,Defender,Rotation 70-77,Defender / Rotation 70-77
L. Romero,Lucas Romero,76,76,6500000,"CDM,CM",CDM,Argentina,https://cdn.sofifa.net/players/215/119/23_60.png,28,167,70,2068,433,Club Atlético Independiente,15000,9800000,CDM,2023,29,2019,-,Right,2,3,1,-,https://cdn.sofifa.net/flags/ar.png,-,-,Medium,Medium,75,62,73,73,74,76,67,55,65,79,49,71,75,64,72,72,80,70,76,74,81,78,75,81,71,64,81,74,68,71,66,80,73,76,79,14,11,14,8,14,70,70,70,70,70,70,73,74,75,74,76,76,76,76,76,76,21,L. Romero,76,76,6500000,28,2068,CDM,Argentina,Midfield,Rotation 70-77,Midfield / Rotation 70-77
L. Sigali,Leonardo Sigali,76,76,2000000,CB,CB,Argentina,https://cdn.sofifa.net/players/215/135/23_60.png,35,181,74,1795,388,Racing Club,13000,3000000,CB,2022,30,2018,-,Right,3,2,1,-,https://cdn.sofifa.net/flags/ar.png,-,-,Medium,High,66,51,57,61,77,76,41,50,77,72,31,57,31,35,66,65,67,65,60,74,63,69,88,62,80,37,80,74,50,50,64,66,78,77,75,11,8,10,15,13,64,58,60,60,60,58,62,62,65,62,69,74,69,71,76,71,21,L. Sigali,76,76,2000000,35,1795,CB,Argentina,Defender,Rotation 70-77,Defender / Rotation 70-77
F. Angileri,Fabrizio Angileri,76,76,7000000,"LB,LWB",LB,Argentina,https://cdn.sofifa.net/players/215/160/23_60.png,28,184,84,2111,451,Getafe CF,25000,14700000,LB,2026,3,2022,-,Left,3,3,1,-,https://cdn.sofifa.net/flags/ar.png,-,-,Medium,Medium,79,71,76,75,70,80,83,64,67,74,73,74,79,71,74,76,78,79,75,74,69,86,64,79,84,71,76,67,73,74,67,76,69,73,74,8,8,11,9,8,76,74,74,74,74,74,76,76,76,76,76,75,76,76,75,76,18,F. Angileri,76,76,7000000,28,2111,LB,Argentina,Defender,Rotation 70-77,Defender / Rotation 70-77
S. Guirassy,Serhou Guirassy,76,79,10000000,ST,ST,France,https://cdn.sofifa.net/players/215/441/23_60.png,26,187,82,1904,397,VfB Stuttgart,44000,0,ST,2023,9,2020,TRUE,Right,3,3,2,-,https://cdn.sofifa.net/flags/fr.png,-,-,High,Medium,68,75,66,75,38,75,56,76,77,73,73,76,66,67,63,79,67,68,67,74,65,77,76,69,80,71,72,29,79,68,80,72,42,29,34,11,8,12,12,8,78,72,75,75,75,72,75,73,70,73,57,58,57,55,55,55,19,S. Guirassy,76,79,10000000,26,1904,ST,France,Forward,Rotation 70-77,Forward / Rotation 70-77
Ayoze Pérez,Ayoze Pérez Gutiérrez,76,76,7500000,RW,RW,Spain,https://cdn.sofifa.net/players/215/590/23_60.png,28,178,72,2017,420,Leicester City,75000,14300000,SUB,2023,17,2019,-,Right,4,4,1,-,https://cdn.sofifa.net/flags/es.png,-,-,High,High,76,70,73,80,58,63,70,69,76,77,74,81,76,60,65,79,78,75,78,78,79,71,73,63,57,67,74,49,78,76,73,77,61,61,42,12,12,11,14,8,76,76,76,76,76,76,76,76,74,76,67,67,67,66,65,66,21,Ayoze Pérez,76,76,7500000,28,2017,RW,Spain,Forward,Rotation 70-77,Forward / Rotation 70-77
Kenedy,Robert Kenedy Nunes do Nascimento,76,77,9000000,"LM,RM",LM,Brazil,https://cdn.sofifa.net/players/215/639/23_60.png,26,182,77,2002,422,Real Valladolid CF,23000,19600000,LM,2027,19,2022,-,Left,2,4,1,-,https://cdn.sofifa.net/flags/br.png,-,-,High,High,77,71,74,78,60,62,78,69,65,75,56,81,77,69,67,78,78,77,77,71,69,79,72,64,65,69,51,60,76,74,68,76,60,59,54,11,15,11,15,12,75,76,75,75,75,76,77,77,74,77,70,68,70,68,64,68,21,Kenedy,76,77,9000000,26,2002,LM,Brazil,Midfield,Rotation 70-77,Midfield / Rotation 70-77
Álvaro García,Álvaro García Rivera,76,76,7500000,LM,LM,Spain,https://cdn.sofifa.net/players/216/447/23_60.png,29,167,61,1838,386,Rayo Vallecano,21000,15800000,LM,2023,18,2018,-,Left,3,3,1,-,https://cdn.sofifa.net/flags/es.png,-,-,Medium,High,91,67,71,75,37,45,72,72,57,75,49,73,65,50,71,72,92,91,88,74,93,66,92,73,31,63,33,22,74,70,55,69,35,45,32,11,8,10,10,14,72,75,74,74,74,75,76,76,70,76,61,55,61,59,47,59,20,Álvaro García,76,76,7500000,29,1838,LM,Spain,Midfield,Rotation 70-77,Midfield / Rotation 70-77
M. Philipp,Maximilian Philipp,76,76,7500000,"CF,CAM",CF,Germany,https://cdn.sofifa.net/players/216/497/23_60.png,28,183,79,1909,406,VfL Wolfsburg,45000,12800000,SUB,2025,17,2021,-,Right,4,3,2,-,https://cdn.sofifa.net/flags/de.png,-,-,Medium,Low,76,78,71,78,42,61,68,77,50,76,74,80,68,65,62,78,78,74,78,75,76,80,59,69,67,78,36,39,75,74,83,69,39,48,34,8,12,10,10,9,76,76,76,76,76,76,76,76,73,76,63,60,63,59,52,59,19,M. Philipp,76,76,7500000,28,1909,CF,Germany,Forward,Rotation 70-77,Forward / Rotation 70-77
Luan Peres,Luan Peres Petroni,76,76,7000000,"LB,CB",LB,Brazil,https://cdn.sofifa.net/players/234/791/23_60.png,27,190,79,1797,392,Fenerbahçe SK,51000,13300000,CB,2025,28,2022,-,Left,2,2,1,-,https://cdn.sofifa.net/flags/br.png,-,-,Medium,Medium,69,38,66,68,76,75,69,38,70,74,33,66,52,37,76,75,65,72,62,73,63,47,78,65,81,23,72,74,48,52,56,64,79,76,80,7,9,7,13,5,60,62,60,60,60,62,64,67,68,67,75,76,75,76,76,76,18,Luan Peres,76,76,7000000,27,1797,LB,Brazil,Defender,Rotation 70-77,Defender / Rotation 70-77
Vanderson,Vanderson de Oliveira Campos,76,85,17000000,"RM,RB",RM,Brazil,https://cdn.sofifa.net/players/263/781/23_60.png,21,180,74,1983,427,AS Monaco,32000,35700000,RWB,2027,2,2022,-,Right,3,3,1,-,https://cdn.sofifa.net/flags/br.png,-,-,Medium,Medium,78,62,74,75,69,69,77,63,68,76,61,76,69,72,67,75,79,78,76,74,74,62,56,75,67,59,71,67,74,74,49,72,69,71,69,8,8,6,6,7,72,74,73,73,73,74,75,77,74,77,75,73,75,75,72,75,17,Vanderson,76,85,17000000,21,1983,RM,Brazil,Midfield,Rotation 70-77,Midfield / Rotation 70-77
Germán,Germán Sánchez Barahona,76,76,2000000,CB,CB,Spain,https://cdn.sofifa.net/players/198/230/23_60.png,35,186,79,1602,354,Racing Santander,7000,3100000,CB,2024,16,2022,-,Right,2,2,1,-,https://cdn.sofifa.net/flags/es.png,-,-,Medium,High,45,40,58,55,78,78,42,40,76,71,20,51,28,35,66,68,35,54,33,69,33,65,71,74,80,21,78,79,40,56,38,65,76,79,78,14,6,6,11,9,57,51,54,54,54,51,57,58,65,58,69,75,69,71,76,71,18,Germán,76,76,2000000,35,1602,CB,Spain,Defender,Rotation 70-77,Defender / Rotation 70-77
Álex Fernández,Alejandro Fernández Iglesias,76,76,7500000,"CAM,CM,LM",CM,Spain,https://cdn.sofifa.net/players/199/247/23_60.png,29,182,72,2021,407,Cádiz CF,30000,15800000,CM,2025,8,2017,-,Right,4,3,1,-,https://cdn.sofifa.net/flags/es.png,-,-,Medium,Medium,53,71,80,73,67,63,77,69,58,84,45,67,81,76,78,80,61,47,80,78,71,68,51,76,57,78,64,65,76,79,85,77,68,72,66,16,14,12,16,6,71,73,73,73,73,73,76,75,76,75,73,75,73,72,69,72,22,Álex Fernández,76,76,7500000,29,2021,CM,Spain,Midfield,Rotation 70-77,Midfield / Rotation 70-77
R. Barkley,Ross Barkley,76,76,7500000,"CAM,CM",CAM,England,https://cdn.sofifa.net/players/199/189/23_60.png,28,186,76,1970,421,OGC Nice,40000,14300000,SUB,2023,11,2022,-,Right,5,4,2,-,https://cdn.sofifa.net/flags/gb-eng.png,-,-,Low,Low,68,73,76,78,56,70,67,68,65,80,62,81,69,73,79,80,67,69,65,73,61,81,64,58,76,79,71,53,73,76,65,80,53,60,51,9,14,12,6,10,75,74,75,75,75,74,76,76,76,76,67,69,67,65,65,65,19,R. Barkley,76,76,7500000,28,1970,CAM,England,Midfield,Rotation 70-77,Midfield / Rotation 70-77
Dani Rodríguez,Daniel Rodríguez Vázquez,76,76,3500000,"LM,CAM,CM",LM,Spain,https://cdn.sofifa.net/players/198/451/23_60.png,34,178,71,2020,437,RCD Mallorca,25000,7700000,CM,2024,14,2018,-,Right,3,3,1,-,https://cdn.sofifa.net/flags/es.png,-,-,High,High,84,75,74,72,63,69,70,78,56,76,46,72,72,78,72,76,77,89,65,72,70,72,66,77,68,77,60,64,70,76,76,66,58,69,64,15,15,9,8,7,74,75,75,75,75,75,76,76,76,76,73,72,73,72,67,72,20,Dani Rodríguez,76,76,3500000,34,2020,LM,Spain,Midfield,Rotation 70-77,Midfield / Rotation 70-77
A. Townsend,Andros Townsend,76,76,7000000,RM,RM,England,https://cdn.sofifa.net/players/194/932/23_60.png,30,175,73,1943,404,Everton,37000,13300000,RES,2023,14,2021,-,Left,4,4,2,-,https://cdn.sofifa.net/flags/gb-eng.png,-,-,High,High,74,73,75,79,38,65,78,67,48,75,72,80,80,78,70,79,76,73,77,74,77,83,44,67,62,76,76,37,74,75,76,72,41,35,34,13,11,11,11,13,73,76,75,75,75,76,76,76,73,76,62,61,62,58,52,58,21,A. Townsend,76,76,7000000,30,1943,RM,England,Midfield,Rotation 70-77,Midfield / Rotation 70-77
Jaume Costa,Jaume Vicent Costa Jordá,76,76,2800000,"LB,LWB",LB,Spain,https://cdn.sofifa.net/players/193/171/23_60.png,34,171,62,1979,415,RCD Mallorca,23000,6200000,LWB,2023,18,2021,-,Left,3,3,1,-,https://cdn.sofifa.net/flags/es.png,-,-,Medium,Medium,70,61,69,72,74,69,75,57,69,75,38,70,67,59,67,76,71,70,70,75,77,75,69,69,63,64,83,77,66,57,56,69,76,73,74,10,11,16,10,14,70,69,69,69,69,69,71,72,72,72,76,75,76,76,75,76,20,Jaume Costa,76,76,2800000,34,1979,LB,Spain,Defender,Rotation 70-77,Defender / Rotation 70-77
M. Gonalons,Maxime Gonalons,76,76,3700000,"CDM,CM",CDM,France,https://cdn.sofifa.net/players/193/116/23_60.png,33,187,76,1900,390,Clermont Foot 63,18000,7400000,CDM,2024,12,2022,-,Right,4,3,3,-,https://cdn.sofifa.net/flags/fr.png,-,-,Low,Medium,44,61,72,68,75,70,61,55,69,79,60,66,57,57,75,74,54,35,54,75,59,73,77,58,70,60,81,77,60,74,68,73,73,78,75,11,11,11,8,5,67,64,66,66,66,64,71,68,75,68,72,76,72,72,76,72,19,M. Gonalons,76,76,3700000,33,1900,CDM,France,Midfield,Rotation 70-77,Midfield / Rotation 70-77
M. Uth,Mark Uth,76,76,7000000,"CAM,CF,ST",CAM,Germany,https://cdn.sofifa.net/players/200/318/23_60.png,30,185,72,1959,407,1. FC Köln,27000,12600000,SUB,2023,13,2021,-,Left,2,3,2,-,https://cdn.sofifa.net/flags/de.png,-,-,Medium,Low,72,77,74,76,40,68,72,75,67,75,74,76,80,78,72,77,76,69,74,77,68,83,71,75,67,78,61,39,76,75,67,74,34,39,36,9,11,8,9,11,76,75,76,76,76,75,76,76,74,76,62,61,62,59,54,59,19,M. Uth,76,76,7000000,30,1959,CAM,Germany,Midfield,Rotation 70-77,Midfield / Rotation 70-77
Juan Jesus,Juan Guilherme Nunes Jesus,76,76,5000000,CB,CB,Brazil,https://cdn.sofifa.net/players/200/752/23_60.png,31,185,83,1684,364,Napoli,41000,8500000,SUB,2023,5,2021,-,Left,3,2,2,-,https://cdn.sofifa.net/flags/br.png,-,-,Low,High,69,33,51,60,78,73,60,20,76,56,17,58,44,36,56,56,67,71,65,75,58,62,84,63,74,35,81,78,35,34,37,73,78,79,77,12,11,7,8,14,54,52,51,51,51,52,52,57,57,57,70,70,70,73,76,73,20,Juan Jesus,76,76,5000000,31,1684,CB,Brazil,Defender,Rotation 70-77,Defender / Rotation 70-77
D. Sidibé,Djibril Sidibé,76,76,6500000,"RB,CB",RB,France,https://cdn.sofifa.net/players/201/042/23_60.png,29,183,74,2019,428,AEK Athens,1000,14300000,SUB,2024,29,2022,-,Right,4,3,2,-,https://cdn.sofifa.net/flags/fr.png,-,-,Medium,Medium,70,62,74,73,72,77,77,60,69,76,42,73,77,70,73,76,68,71,69,75,68,69,77,82,75,68,76,73,72,69,43,75,73,73,71,10,16,9,12,7,71,72,71,71,71,72,74,75,76,75,76,76,76,76,75,76,20,D. Sidibé,76,76,6500000,29,2019,RB,France,Defender,Rotation 70-77,Defender / Rotation 70-77
K. Günter,Koray Günter,76,78,8000000,CB,CB,Germany,https://cdn.sofifa.net/players/204/451/23_60.png,27,184,79,1803,385,Hellas Verona,24000,14200000,CB,2023,21,2020,-,Right,3,2,1,-,https://cdn.sofifa.net/flags/de.png,-,-,Low,High,62,46,64,65,77,71,49,41,69,74,38,61,45,41,75,67,63,62,65,75,69,63,77,55,77,45,76,78,39,62,50,66,79,78,78,13,10,10,9,10,60,59,59,59,59,59,64,63,68,63,71,76,71,72,78,72,20,K. Günter,76,78,8000000,27,1803,CB,Germany,Defender,Rotation 70-77,Defender / Rotation 70-77
X. Mercier,Xavier Mercier,76,76,6000000,"CAM,CF",CAM,France,https://cdn.sofifa.net/players/204/320/23_60.png,32,174,71,1960,402,Ferencvárosi TC,1000,13200000,SUB,2024,7,2022,-,Right,3,3,1,-,https://cdn.sofifa.net/flags/fr.png,-,-,Medium,Medium,66,71,81,73,47,64,81,68,38,80,68,72,79,84,78,75,69,63,74,68,78,75,68,77,61,73,53,53,80,85,71,76,51,46,35,11,9,12,11,14,70,74,73,73,73,74,76,76,76,76,66,66,66,62,55,62,20,X. Mercier,76,76,6000000,32,1960,CAM,France,Midfield,Rotation 70-77,Midfield / Rotation 70-77
Roque Mesa,Roque Mesa Quevedo,76,76,4600000,"CM,CDM",CM,Spain,https://cdn.sofifa.net/players/204/277/23_60.png,33,172,76,2032,432,Real Valladolid CF,23000,9700000,CDM,2023,17,2020,-,Right,3,3,1,-,https://cdn.sofifa.net/flags/es.png,-,-,Medium,High,67,67,76,75,67,80,67,68,32,81,37,73,76,67,78,75,71,64,76,77,86,66,73,75,82,70,81,71,73,76,75,82,69,74,69,15,8,7,11,9,69,73,72,72,72,73,76,75,76,75,74,76,74,72,72,72,20,Roque Mesa,76,76,4600000,33,2032,CM,Spain,Midfield,Rotation 70-77,Midfield / Rotation 70-77
R. Knoche,Robin Knoche,76,76,6000000,CB,CB,Germany,https://cdn.sofifa.net/players/203/030/23_60.png,30,190,77,1615,344,1. FC Union Berlin,27000,10800000,CB,2024,31,2020,-,Right,4,2,2,-,https://cdn.sofifa.net/flags/de.png,-,-,Medium,Medium,51,41,52,50,78,72,30,38,81,68,28,42,33,39,69,52,46,55,52,77,49,58,67,62,77,35,75,75,35,39,37,70,81,77,79,14,10,16,10,9,55,47,50,50,50,47,52,52,60,52,65,72,65,69,76,69,20,R. Knoche,76,76,6000000,30,1615,CB,Germany,Defender,Rotation 70-77,Defender / Rotation 70-77
G. Defrel,Grégoire Defrel,76,76,6500000,"CF,ST",CF,France,https://cdn.sofifa.net/players/202/851/23_60.png,31,180,79,1819,385,U.S. Sassuolo Calcio,33000,11100000,RES,2024,92,2020,-,Left,3,3,2,-,https://cdn.sofifa.net/flags/fr.png,-,-,Medium,Low,81,75,66,78,34,51,62,75,67,66,74,80,66,67,60,78,83,79,78,75,72,77,42,45,55,76,53,37,75,72,68,75,45,15,18,14,15,11,12,7,76,75,76,76,76,75,76,74,67,74,55,53,55,52,46,52,21,G. Defrel,76,76,6500000,31,1819,CF,France,Forward,Rotation 70-77,Forward / Rotation 70-77
J. Roussillon,Jérôme Roussillon,76,76,6500000,"LB,LM",LB,France,https://cdn.sofifa.net/players/202/562/23_60.png,29,175,80,2051,444,VfL Wolfsburg,38000,11100000,SUB,2023,15,2018,-,Left,3,3,2,-,https://cdn.sofifa.net/flags/fr.png,-,-,High,Medium,86,65,71,78,71,73,72,63,63,72,57,78,75,56,72,78,86,86,77,75,81,75,71,75,72,65,72,75,69,69,51,77,72,71,71,9,7,13,8,15,73,74,73,73,73,74,75,76,75,76,76,75,76,76,74,76,19,J. Roussillon,76,76,6500000,29,2051,LB,France,Defender,Rotation 70-77,Defender / Rotation 70-77
K. Vogt,Kevin Vogt,76,76,6000000,"CB,CDM",CB,Germany,https://cdn.sofifa.net/players/192/641/23_60.png,30,194,87,1911,420,TSG Hoffenheim,29000,10200000,CB,2025,22,2016,-,Right,3,2,2,-,https://cdn.sofifa.net/flags/de.png,-,-,High,Medium,71,57,72,68,77,75,63,50,75,80,51,67,50,62,81,73,64,77,54,76,46,76,57,67,83,57,71,80,55,67,53,80,75,77,76,6,13,8,7,14,69,66,67,67,67,66,70,71,74,71,75,76,75,76,76,76,19,K. Vogt,76,76,6000000,30,1911,CB,Germany,Defender,Rotation 70-77,Defender / Rotation 70-77
J. Pastore,Javier Pastore,76,76,4700000,"CAM,CM",CAM,Argentina,https://cdn.sofifa.net/players/191/180/23_60.png,33,187,78,1879,387,Elche CF,20000,10300000,SUB,2023,7,2021,-,Right,4,4,3,-,https://cdn.sofifa.net/flags/ar.png,-,-,High,Low,60,73,78,76,52,48,67,71,49,86,78,75,79,69,75,84,63,57,73,59,74,78,42,33,51,73,62,64,72,79,68,69,45,51,51,14,9,6,10,12,72,73,73,73,73,73,76,74,76,74,64,67,64,61,59,61,19,J. Pastore,76,76,4700000,33,1879,CAM,Argentina,Midfield,Rotation 70-77,Midfield / Rotation 70-77
L. Acosta,Luciano Acosta,76,76,7500000,CAM,CAM,Argentina,https://cdn.sofifa.net/players/221/634/23_60.png,28,161,59,1907,401,FC Cincinnati,10000,10900000,CAM,2023,10,2021,-,Right,3,5,1,-,https://cdn.sofifa.net/flags/ar.png,-,-,High,Medium,79,66,71,83,46,56,64,62,53,74,67,85,72,62,71,80,87,73,88,72,92,71,54,76,40,70,69,44,77,73,54,77,47,47,33,13,9,6,12,10,72,76,75,75,75,76,76,76,74,76,64,63,64,61,53,61,19,L. Acosta,76,76,7500000,28,1907,CAM,Argentina,Midfield,Rotation 70-77,Midfield / Rotation 70-77
H. Winks,Harry Winks,76,78,9000000,"CM,CDM",CM,England,https://cdn.sofifa.net/players/222/400/23_60.png,26,176,65,1958,407,U.C. Sampdoria,71000,0,SUB,2023,20,2014,TRUE,Right,3,3,1,-,https://cdn.sofifa.net/flags/gb-eng.png,-,-,Medium,Medium,60,59,76,77,71,64,65,54,52,82,52,76,71,68,80,78,64,57,76,77,78,68,52,68,59,63,76,75,66,76,56,77,72,74,67,8,11,14,13,10,67,70,70,70,70,70,75,74,78,74,74,77,74,72,71,72,20,H. Winks,76,78,9000000,26,1958,CM,England,Midfield,Rotation 70-77,Midfield / Rotation 70-77
T. Baumgartl,Timo Baumgartl,76,79,8500000,CB,CB,Germany,https://cdn.sofifa.net/players/223/641/23_60.png,26,190,88,1637,360,1. FC Union Berlin,16000,0,SUB,2023,25,2019,TRUE,Right,3,2,1,-,https://cdn.sofifa.net/flags/de.png,-,-,Medium,Medium,63,36,56,52,76,77,33,28,77,71,28,45,33,31,68,61,59,66,45,74,35,61,73,65,84,33,74,76,32,55,34,68,76,78,73,13,15,14,16,11,55,50,52,52,52,50,56,56,63,56,67,74,67,70,78,70,22,T. Baumgartl,76,79,8500000,26,1637,CB,Germany,Defender,Rotation 70-77,Defender / Rotation 70-77
Diego Rico,Diego Rico Salguero,76,76,6500000,LB,LB,Spain,https://cdn.sofifa.net/players/220/414/23_60.png,29,180,78,1987,419,Real Sociedad,28000,13700000,SUB,2023,15,2021,-,Left,2,2,1,-,https://cdn.sofifa.net/flags/es.png,-,-,High,Medium,72,55,73,70,74,75,75,40,67,76,53,69,74,76,66,74,69,74,63,72,69,76,75,68,78,68,74,78,64,69,43,68,74,75,73,10,9,15,11,10,67,68,67,67,67,68,70,71,73,71,76,76,76,76,76,76,19,Diego Rico,76,76,6500000,29,1987,LB,Spain,Defender,Rotation 70-77,Defender / Rotation 70-77
S. Blanco,Sebastián Blanco,76,76,3500000,"CAM,LM",CAM,Argentina,https://cdn.sofifa.net/players/190/577/23_60.png,34,170,68,1935,403,Portland Timbers,9000,5300000,LM,2023,10,2022,-,Right,5,3,1,-,https://cdn.sofifa.net/flags/ar.png,-,-,Medium,Medium,72,76,75,78,35,67,75,71,66,76,76,78,70,61,73,78,74,70,82,76,78,84,66,75,60,82,76,36,73,77,62,62,30,30,30,9,7,9,13,12,76,76,76,76,76,76,76,76,74,76,61,60,61,57,51,57,19,S. Blanco,76,76,3500000,34,1935,CAM,Argentina,Midfield,Rotation 70-77,Midfield / Rotation 70-77
Zaldúa,Joseba Zaldúa Bengoetxea,76,76,6500000,RB,RB,Spain,https://cdn.sofifa.net/players/220/132/23_60.png,30,174,69,1805,386,Cádiz CF,26000,13700000,RB,2025,2,2022,-,Right,3,2,1,-,https://cdn.sofifa.net/flags/es.png,-,-,High,Medium,66,37,68,65,75,75,78,32,76,78,23,60,62,41,65,72,67,65,63,71,70,48,81,77,70,40,82,73,46,50,32,67,72,78,75,7,15,14,11,11,58,61,58,58,58,61,63,66,67,66,76,75,76,76,76,76,20,Zaldúa,76,76,6500000,30,1805,RB,Spain,Defender,Rotation 70-77,Defender / Rotation 70-77
Aridane,Aridane Hernández Umpiérrez,76,76,3600000,CB,CB,Spain,https://cdn.sofifa.net/players/189/472/23_60.png,33,186,77,1689,354,CA Osasuna,24000,7600000,SUB,2023,23,2017,-,Right,3,2,1,-,https://cdn.sofifa.net/flags/es.png,-,-,Medium,High,50,36,54,54,75,85,45,26,78,65,40,40,47,46,53,67,43,55,66,72,47,66,88,77,91,31,78,76,35,47,31,66,75,74,75,15,12,9,11,8,55,49,50,50,50,49,53,54,60,54,68,72,68,70,76,70,20,Aridane,76,76,3600000,33,1689,CB,Spain,Defender,Rotation 70-77,Defender / Rotation 70-77
A. Westwood,Ashley Westwood,76,76,5000000,"CDM,CM",CDM,England,https://cdn.sofifa.net/players/189/280/23_60.png,32,175,73,2036,415,Burnley,38000,9500000,RES,2023,18,2017,-,Right,3,3,1,-,https://cdn.sofifa.net/flags/gb-eng.png,-,-,Medium,Medium,56,63,78,73,72,73,81,56,60,78,56,69,82,79,76,76,60,53,74,74,78,75,67,84,67,66,78,74,66,73,64,75,73,75,71,10,13,13,7,8,68,69,69,69,69,69,73,73,76,73,76,76,76,75,74,75,19,A. Westwood,76,76,5000000,32,2036,CDM,England,Midfield,Rotation 70-77,Midfield / Rotation 70-77
G. Escalante,Gonzalo Escalante,76,76,6500000,"CDM,CM",CDM,Argentina,https://cdn.sofifa.net/players/219/391/23_60.png,29,182,76,1992,420,US Cremonese,40000,0,CM,2023,32,2020,TRUE,Right,3,3,1,-,https://cdn.sofifa.net/flags/ar.png,-,-,Medium,High,63,67,72,71,73,74,68,66,63,77,59,69,63,52,76,77,63,63,63,72,68,79,74,76,70,63,83,75,64,70,64,80,73,75,75,10,12,7,12,11,71,69,70,70,70,69,73,72,75,72,75,76,75,74,75,74,20,G. Escalante,76,76,6500000,29,1992,CDM,Argentina,Midfield,Rotation 70-77,Midfield / Rotation 70-77
B. Santamaria,Baptiste Santamaria,76,77,8500000,"CM,CDM",CM,France,https://cdn.sofifa.net/players/219/792/23_60.png,27,183,81,1949,407,Stade Rennais FC,41000,16800000,RES,2025,8,2021,-,Right,2,3,2,-,https://cdn.sofifa.net/flags/fr.png,-,-,Medium,Medium,49,65,72,74,73,74,61,62,61,79,57,74,61,59,77,78,50,48,67,76,66,76,71,83,70,67,71,72,69,75,53,71,74,76,74,7,7,13,7,8,70,69,70,70,70,69,74,72,77,72,74,77,74,73,74,73,17,B. Santamaria,76,77,8500000,27,1949,CM,France,Midfield,Rotation 70-77,Midfield / Rotation 70-77
L. Robertone,Lucas Robertone,76,80,10500000,"CAM,CM,CDM",CAM,Argentina,https://cdn.sofifa.net/players/235/008/23_60.png,25,175,70,2173,453,Unión Deportiva Almería,24000,23900000,CAM,2025,5,2020,-,Right,4,4,1,-,https://cdn.sofifa.net/flags/ar.png,-,-,Medium,High,85,73,74,78,69,74,71,72,68,75,60,77,82,75,73,78,87,83,90,71,79,81,90,87,61,73,84,68,69,75,69,68,60,76,78,7,15,11,14,14,76,76,75,75,75,76,78,78,77,78,77,75,77,77,74,77,21,L. Robertone,76,80,10500000,25,2173,CAM,Argentina,Midfield,Rotation 70-77,Midfield / Rotation 70-77
G. Nyamsi,Gerzino Nyamsi,76,80,9500000,CB,CB,France,https://cdn.sofifa.net/players/239/575/23_60.png,25,195,94,1595,345,RC Strasbourg Alsace,22000,18800000,CB,2025,22,2021,-,Right,2,2,1,-,https://cdn.sofifa.net/flags/fr.png,-,-,Medium,Medium,47,33,51,56,76,82,32,24,74,67,27,52,40,29,53,64,48,47,48,74,36,61,72,70,91,23,78,73,31,51,43,66,75,79,75,13,5,13,14,13,53,48,51,51,51,48,54,54,60,54,66,72,66,68,78,68,20,G. Nyamsi,76,80,9500000,25,1595,CB,France,Defender,Rotation 70-77,Defender / Rotation 70-77
B. Soumaré,Boubakary Soumaré,76,81,10500000,"CDM,CM",CM,France,https://cdn.sofifa.net/players/239/817/23_60.png,23,188,82,1955,421,Leicester City,52000,20700000,SUB,2026,42,2021,-,Right,3,3,1,-,https://cdn.sofifa.net/flags/fr.png,-,-,Medium,Medium,68,56,73,74,70,80,65,51,60,78,53,75,65,53,77,78,66,69,62,76,69,64,70,79,84,58,76,73,68,77,52,77,71,72,69,11,6,13,5,10,69,70,70,70,70,70,74,74,77,74,75,77,75,74,75,74,18,B. Soumaré,76,81,10500000,23,1955,CM,France,Midfield,Rotation 70-77,Midfield / Rotation 70-77
A. Mac Allister,Alexis Mac Allister,76,82,12000000,"CAM,CM",CAM,Argentina,https://cdn.sofifa.net/players/239/837/23_60.png,23,176,72,2020,417,Brighton & Hove Albion,49000,25200000,CM,2023,10,2019,-,Right,3,3,1,-,https://cdn.sofifa.net/flags/ar.png,-,-,Medium,Medium,69,77,78,75,56,62,79,77,61,77,73,75,83,81,76,78,73,66,71,74,72,76,64,68,63,80,51,45,77,77,77,74,65,54,51,7,10,14,15,10,76,76,76,76,76,76,78,77,75,77,68,67,68,66,61,66,20,A. Mac Allister,76,82,12000000,23,2020,CAM,Argentina,Midfield,Rotation 70-77,Midfield / Rotation 70-77
Leo Baptistao,Leonardo Carrilho Baptistão,76,76,7500000,"ST,RW,RM",CF,Brazil,https://cdn.sofifa.net/players/205/976/23_60.png,29,181,71,1903,402,Unión Deportiva Almería,28000,16500000,SUB,2026,12,2022,-,Right,2,4,2,-,https://cdn.sofifa.net/flags/br.png,-,-,Medium,Medium,79,73,71,77,33,69,67,73,73,76,75,76,70,59,63,78,76,81,79,81,75,76,81,78,71,71,51,28,80,75,65,72,36,24,19,8,14,9,6,9,76,76,76,76,76,76,76,76,72,76,59,56,59,55,50,55,19,Leo Baptistao,76,76,7500000,29,1903,CF,Brazil,Forward,Rotation 70-77,Forward / Rotation 70-77
Ander Guevara,Ander Guevara Lajo,76,81,11500000,CM,CM,Spain,https://cdn.sofifa.net/players/240/458/23_60.png,24,180,73,1917,402,Real Sociedad,26000,25000000,SUB,2024,16,2017,-,Right,3,3,1,-,https://cdn.sofifa.net/flags/es.png,-,-,Medium,Medium,50,64,74,72,73,69,60,70,54,82,44,69,61,59,80,75,53,47,68,78,69,52,64,76,66,69,68,73,66,75,51,77,72,81,70,14,12,11,14,14,67,69,69,69,69,69,74,72,78,72,73,78,73,72,73,72,22,Ander Guevara,76,81,11500000,24,1917,CM,Spain,Midfield,Rotation 70-77,Midfield / Rotation 70-77
M. Ojeda,Martín Ojeda,76,82,12000000,"RM,LM",CAM,Argentina,https://cdn.sofifa.net/players/240/744/23_60.png,23,179,78,1906,403,Godoy Cruz,10000,20400000,RM,2023,11,2020,-,Left,4,3,1,-,https://cdn.sofifa.net/flags/ar.png,-,-,High,Medium,83,76,73,76,34,61,67,76,59,73,71,76,74,70,70,74,83,83,81,72,83,80,48,80,59,75,47,41,74,83,70,67,27,27,33,7,15,5,13,10,75,76,76,76,76,76,78,77,73,77,61,58,61,57,47,57,20,M. Ojeda,76,82,12000000,23,1906,CAM,Argentina,Midfield,Rotation 70-77,Midfield / Rotation 70-77
David Seijalbo,David Jefferson Seijalbo Vaz,76,76,7000000,CDM,CDM,Brazil,https://cdn.sofifa.net/players/230/453/23_60.png,26,176,76,1889,401,Clube Atlético Mineiro,30000,12600000,CDM,2025,10,2022,-,Left,2,2,1,-,https://cdn.sofifa.net/flags/br.png,-,-,Medium,High,65,53,63,63,74,83,48,45,60,77,53,50,47,44,76,70,58,70,77,79,76,65,81,88,80,62,83,70,36,52,62,80,81,77,68,7,12,10,16,9,61,58,59,59,59,58,63,63,70,63,72,76,72,73,76,73,20,David Seijalbo,76,76,7000000,26,1889,CDM,Brazil,Midfield,Rotation 70-77,Midfield / Rotation 70-77
Rubem Esteiro,Rubem Thomas Esteiro Branco,76,76,3500000,"RM,CM",RM,Brazil,https://cdn.sofifa.net/players/230/425/23_60.png,34,179,77,1928,405,Palmeiras,35000,6300000,SUB,2025,2,2022,-,Right,4,2,1,-,https://cdn.sofifa.net/flags/br.png,-,-,Medium,Medium,76,65,73,76,54,61,84,67,51,71,62,76,67,65,68,76,77,75,80,72,77,66,62,80,57,59,45,60,68,75,62,64,55,49,60,8,14,13,13,14,70,74,71,71,71,74,74,76,72,76,71,66,71,69,59,69,21,Rubem Esteiro,76,76,3500000,34,1928,RM,Brazil,Midfield,Rotation 70-77,Midfield / Rotation 70-77
Nicolás Filhei,Nicolás Evandro Filheiro Stein,76,76,8000000,"CM,CAM",CAM,Brazil,https://cdn.sofifa.net/players/230/373/23_60.png,26,172,69,1939,395,Palmeiras,35000,14400000,CDM,2025,8,2022,-,Right,4,3,1,-,https://cdn.sofifa.net/flags/br.png,-,-,High,High,72,69,76,76,57,45,65,69,66,82,66,75,71,65,80,77,76,69,77,81,82,68,70,53,42,71,37,70,75,78,58,72,23,73,71,9,6,15,12,7,73,75,75,75,75,75,76,76,76,76,70,69,70,69,62,69,19,Nicolás Filhei,76,76,8000000,26,1939,CAM,Brazil,Midfield,Rotation 70-77,Midfield / Rotation 70-77
Óscar,Óscar Rodríguez Arnaiz,76,81,11500000,"CM,RM,LM",CAM,Spain,https://cdn.sofifa.net/players/239/335/23_60.png,24,174,67,1911,397,RC Celta de Vigo,22000,0,RM,2023,5,2020,TRUE,Right,3,3,1,-,https://cdn.sofifa.net/flags/es.png,-,-,High,Medium,59,75,76,76,56,55,66,77,45,79,65,79,78,86,77,78,60,58,64,76,70,72,53,59,56,82,48,70,75,78,57,74,47,62,48,12,7,9,11,7,73,74,75,75,75,74,78,75,78,75,67,69,67,64,60,64,19,Óscar,76,81,11500000,24,1911,CAM,Spain,Midfield,Rotation 70-77,Midfield / Rotation 70-77
M. Moreno,Marcelino Moreno,76,77,8500000,"CAM,CM,LW",CAM,Argentina,https://cdn.sofifa.net/players/235/467/23_60.png,27,168,65,1978,423,Atlanta United,9000,13400000,SUB,2024,10,2020,-,Right,2,5,1,-,https://cdn.sofifa.net/flags/ar.png,-,-,High,Medium,87,70,72,79,53,62,67,70,49,73,57,78,77,63,75,77,90,85,85,69,90,73,54,82,52,71,64,57,73,76,65,77,51,53,50,8,9,15,8,12,72,76,75,75,75,76,77,77,75,77,69,67,69,67,59,67,18,M. Moreno,76,77,8500000,27,1978,CAM,Argentina,Midfield,Rotation 70-77,Midfield / Rotation 70-77
E. Eze,Eberechi Eze,76,81,11500000,"CAM,CM,LM",CAM,England,https://cdn.sofifa.net/players/235/794/23_60.png,24,178,67,1939,414,Crystal Palace,42000,22700000,CM,2025,10,2020,-,Right,3,4,1,-,https://cdn.sofifa.net/flags/gb-eng.png,-,-,Medium,Medium,75,70,74,81,47,67,70,71,49,78,55,82,71,68,69,80,76,75,82,73,79,68,67,74,68,72,58,49,72,76,69,79,36,57,40,10,12,9,14,10,73,76,75,75,75,76,78,78,75,78,66,65,66,63,57,63,20,E. Eze,76,81,11500000,24,1939,CAM,England,Midfield,Rotation 70-77,Midfield / Rotation 70-77
Marc Roca,Marc Roca Junqué,76,79,9000000,"CDM,CM",CM,Spain,https://cdn.sofifa.net/players/235/945/23_60.png,25,184,77,1881,392,Leeds United,33000,17800000,CDM,2026,8,2022,-,Left,3,3,1,-,https://cdn.sofifa.net/flags/es.png,-,-,Medium,Medium,45,62,76,72,70,67,65,59,42,81,44,72,66,52,85,76,48,42,68,70,65,66,57,70,66,68,69,74,60,80,68,74,73,72,71,12,11,11,10,8,64,67,67,67,67,67,73,71,77,71,71,77,71,70,70,70,19,Marc Roca,76,79,9000000,25,1881,CM,Spain,Midfield,Rotation 70-77,Midfield / Rotation 70-77
E. Barco,Esequiel Barco,76,82,12000000,"LM,ST",CAM,Argentina,https://cdn.sofifa.net/players/236/007/23_60.png,23,167,66,1838,394,River Plate,8000,0,LM,2023,21,2018,TRUE,Right,4,3,1,-,https://cdn.sofifa.net/flags/ar.png,-,-,High,Low,84,70,73,81,34,52,71,69,33,75,53,84,75,70,69,75,91,78,90,70,90,72,33,70,41,75,60,33,70,73,75,80,28,40,39,7,7,5,10,7,70,76,74,74,74,76,78,77,72,77,62,57,62,57,45,57,16,E. Barco,76,82,12000000,23,1838,CAM,Argentina,Midfield,Rotation 70-77,Midfield / Rotation 70-77
J. Mateta,Jean-Philippe Mateta,76,79,10000000,ST,ST,France,https://cdn.sofifa.net/players/236/461/23_60.png,25,192,88,1770,387,Crystal Palace,51000,19800000,SUB,2026,14,2022,-,Right,4,3,1,-,https://cdn.sofifa.net/flags/fr.png,-,-,Medium,Medium,71,74,57,73,34,78,41,78,78,70,74,76,53,39,45,75,64,77,61,76,51,77,77,66,86,64,74,22,76,63,72,71,35,31,22,8,8,7,13,11,78,70,74,74,74,70,72,70,65,70,53,54,53,51,53,51,19,J. Mateta,76,79,10000000,25,1770,ST,France,Forward,Rotation 70-77,Forward / Rotation 70-77
R. Koch,Robin Koch,76,80,9500000,"CB,CDM",CB,Germany,https://cdn.sofifa.net/players/236/532/23_60.png,25,191,83,1709,374,Leeds United,33000,18800000,CB,2024,5,2020,-,Right,4,2,2,-,https://cdn.sofifa.net/flags/de.png,-,-,Medium,High,62,38,60,64,77,73,40,27,76,74,29,60,31,28,71,70,53,69,62,75,55,56,66,69,76,42,73,77,52,64,38,74,78,78,76,9,6,15,8,6,59,58,59,59,59,58,64,63,69,63,71,76,71,72,78,72,17,R. Koch,76,80,9500000,25,1709,CB,Germany,Defender,Rotation 70-77,Defender / Rotation 70-77
F. Medina,Facundo Medina,76,79,9000000,CB,CB,Argentina,https://cdn.sofifa.net/players/236/804/23_60.png,23,184,77,1759,387,Racing Club de Lens,24000,17800000,CB,2024,14,2020,-,Left,2,2,1,-,https://cdn.sofifa.net/flags/ar.png,-,-,Medium,Medium,73,33,60,69,76,76,57,33,69,71,29,68,37,32,59,73,70,75,62,75,66,27,71,69,78,32,79,78,63,57,44,73,77,77,75,13,5,12,13,13,59,63,61,61,61,63,65,67,68,67,74,75,74,75,78,75,20,F. Medina,76,79,9000000,23,1759,CB,Argentina,Defender,Rotation 70-77,Defender / Rotation 70-77
A. Maier,Arne Maier,76,82,12000000,"CM,CDM",CM,Germany,https://cdn.sofifa.net/players/237/629/23_60.png,23,186,79,1890,420,FC Augsburg,23000,24000000,SUB,2025,10,2022,-,Right,3,3,1,-,https://cdn.sofifa.net/flags/de.png,-,-,Medium,Medium,70,61,73,75,69,72,64,57,49,82,43,76,49,44,77,77,64,74,68,76,72,72,57,78,77,66,55,70,69,78,38,74,71,73,65,14,10,10,8,7,69,72,72,72,72,72,76,75,78,75,74,76,74,73,71,73,19,A. Maier,76,82,12000000,23,1890,CM,Germany,Midfield,Rotation 70-77,Midfield / Rotation 70-77
N. Domínguez,Nicolás Domínguez,76,82,12000000,"CM,CDM",CM,Argentina,https://cdn.sofifa.net/players/237/819/23_60.png,24,179,73,2028,438,Bologna,27000,22800000,CM,2024,8,2019,-,Right,5,3,1,-,https://cdn.sofifa.net/flags/ar.png,-,-,High,High,75,66,72,76,72,77,63,65,68,80,51,74,49,45,77,78,74,75,82,73,80,72,88,89,67,69,86,73,63,74,51,60,66,78,77,6,11,9,10,5,72,72,72,72,72,72,76,76,78,76,77,78,77,77,76,77,17,N. Domínguez,76,82,12000000,24,2028,CM,Argentina,Midfield,Rotation 70-77,Midfield / Rotation 70-77
R. Oxford,Reece Oxford,76,81,10000000,"CB,CDM,RB",CB,England,https://cdn.sofifa.net/players/225/908/23_60.png,23,193,86,1705,369,FC Augsburg,21000,18800000,SUB,2023,4,2019,-,Right,3,2,1,-,https://cdn.sofifa.net/flags/gb-eng.png,-,-,Medium,Medium,68,33,54,62,77,75,34,23,75,67,36,59,44,36,58,63,66,69,62,77,53,49,84,65,81,37,72,78,34,55,48,67,77,80,72,10,11,7,9,14,55,53,54,54,54,53,58,58,63,58,69,73,69,71,78,71,20,R. Oxford,76,81,10000000,23,1705,CB,England,Defender,Rotation 70-77,Defender / Rotation 70-77
N. Amiri,Nadiem Amiri,76,79,10000000,"CAM,CM",CAM,Germany,https://cdn.sofifa.net/players/225/309/23_60.png,25,180,77,1982,414,Bayer 04 Leverkusen,42000,17800000,RES,2024,11,2019,-,Right,3,4,2,-,https://cdn.sofifa.net/flags/de.png,-,-,High,High,67,72,77,81,50,67,78,68,37,77,66,83,80,71,77,81,76,60,82,75,73,81,73,78,65,76,57,63,70,76,65,72,56,44,34,12,12,14,12,10,72,76,75,75,75,76,78,78,77,78,68,68,68,63,57,63,21,N. Amiri,76,79,10000000,25,1982,CAM,Germany,Midfield,Rotation 70-77,Midfield / Rotation 70-77
J. Bamba,Jonathan Bamba,76,77,9000000,LM,LM,France,https://cdn.sofifa.net/players/225/085/23_60.png,26,175,72,1961,411,LOSC Lille,30000,17800000,LM,2023,7,2018,-,Right,4,4,2,-,https://cdn.sofifa.net/flags/fr.png,-,-,High,High,84,71,72,78,39,67,73,67,61,73,68,78,75,67,66,78,85,83,80,73,80,79,73,76,63,72,62,36,73,73,76,74,33,39,38,15,14,15,8,9,75,76,75,75,75,76,77,77,72,77,63,59,63,60,53,60,20,J. Bamba,76,77,9000000,26,1961,LM,France,Midfield,Rotation 70-77,Midfield / Rotation 70-77
Moi Gómez,Moisés Gómez Bordonado,76,76,7500000,"LM,RM",LM,Spain,https://cdn.sofifa.net/players/206/590/23_60.png,28,176,73,1941,407,CA Osasuna,28000,15800000,LM,2027,16,2022,-,Right,5,4,1,-,https://cdn.sofifa.net/flags/es.png,-,-,Medium,Medium,65,73,77,76,55,61,77,74,54,79,65,76,82,59,76,77,67,63,75,74,73,73,64,78,56,74,52,54,76,77,59,75,65,52,41,12,7,16,7,7,73,75,74,74,74,75,76,76,76,76,68,68,68,65,60,65,18,Moi Gómez,76,76,7500000,28,1941,LM,Spain,Midfield,Rotation 70-77,Midfield / Rotation 70-77
Pere Milla,Pere Milla Peña,76,76,7500000,"ST,LM,RM",ST,Spain,https://cdn.sofifa.net/players/225/926/23_60.png,29,184,72,1843,396,Elche CF,23000,16500000,ST,2025,10,2019,-,Left,2,3,1,-,https://cdn.sofifa.net/flags/es.png,-,-,Medium,Low,75,76,69,77,37,62,69,80,70,77,62,79,63,58,60,78,78,73,77,76,66,77,47,75,63,73,45,32,77,66,62,65,40,30,28,10,10,14,14,14,76,76,76,76,76,76,76,76,71,76,61,57,61,57,50,57,21,Pere Milla,76,76,7500000,29,1843,ST,Spain,Forward,Rotation 70-77,Forward / Rotation 70-77
Antonaldinho,Antonaldo David Machado Chagas,76,76,2400000,CB,CB,Brazil,https://cdn.sofifa.net/players/230/280/23_60.png,34,188,82,1720,379,Clube Atlético Mineiro,30000,4300000,CB,2025,4,2022,-,Right,3,2,1,-,https://cdn.sofifa.net/flags/br.png,-,-,Medium,Medium,68,36,56,60,79,80,46,38,70,68,21,55,44,30,62,62,74,63,70,63,64,37,80,83,79,34,80,76,36,49,39,60,82,81,76,15,13,14,9,7,54,55,53,53,53,55,58,60,63,60,71,74,71,73,76,73,19,Antonaldinho,76,76,2400000,34,1720,CB,Brazil,Defender,Rotation 70-77,Defender / Rotation 70-77
T. Kehrer,Thilo Kehrer,76,79,9000000,"CB,RB",CB,Germany,https://cdn.sofifa.net/players/226/229/23_60.png,25,186,76,1857,404,West Ham United,50000,17800000,CB,2026,24,2022,-,Right,5,2,3,Germany,https://cdn.sofifa.net/flags/de.png,RB,4,Medium,Medium,75,44,65,66,76,78,64,37,73,73,32,64,54,38,66,66,72,77,67,73,64,65,86,73,80,40,78,76,53,59,41,69,75,78,79,9,9,14,10,12,63,62,61,61,61,62,65,68,69,68,76,76,76,77,79,77,20,T. Kehrer,76,79,9000000,25,1857,CB,Germany,Defender,Rotation 70-77,Defender / Rotation 70-77
Lúcio Corteijo,Lúcio Anselmo Corteijo Salazar,76,76,2800000,RB,RB,Brazil,https://cdn.sofifa.net/players/230/208/23_60.png,34,175,71,1856,399,América Futebol Clube,16000,5300000,RB,2025,14,2022,-,Right,3,2,1,-,https://cdn.sofifa.net/flags/br.png,-,-,Medium,Medium,77,45,66,64,74,73,78,37,71,68,39,62,58,37,64,65,74,79,71,69,67,56,73,78,71,51,72,68,66,61,38,59,76,77,76,16,8,11,10,9,62,64,62,62,62,64,65,69,67,69,75,72,75,76,75,76,19,Lúcio Corteijo,76,76,2800000,34,1856,RB,Brazil,Defender,Rotation 70-77,Defender / Rotation 70-77
Silas Almeim,Silas Enaldo Barros de Almeida,76,76,6500000,"LB,LM",LB,Brazil,https://cdn.sofifa.net/players/230/189/23_60.png,30,177,76,1966,414,Ceará Sporting Club,13000,12400000,LB,2025,5,2022,-,Left,3,3,1,-,https://cdn.sofifa.net/flags/br.png,-,-,Medium,Medium,78,56,70,68,73,69,77,48,66,75,55,66,61,43,72,67,71,84,80,73,70,68,69,72,69,56,67,75,60,63,72,68,73,73,77,15,14,15,9,11,66,67,65,65,65,67,69,71,71,71,76,74,76,76,74,76,21,Silas Almeim,76,76,6500000,30,1966,LB,Brazil,Defender,Rotation 70-77,Defender / Rotation 70-77
Rubén Alcaraz,Rubén Alcaraz Jiménez,76,76,6000000,"CM,CDM",CDM,Spain,https://cdn.sofifa.net/players/229/788/23_60.png,31,180,82,2104,433,Cádiz CF,28000,12600000,CM,2024,4,2022,-,Right,4,3,1,-,https://cdn.sofifa.net/flags/es.png,-,-,Low,High,56,73,77,71,75,81,77,68,73,76,67,70,79,81,81,77,57,55,55,77,71,81,77,82,81,81,82,75,62,74,66,76,74,78,69,10,14,9,12,13,73,70,71,71,71,70,74,74,76,74,76,76,76,75,76,75,21,Rubén Alcaraz,76,76,6000000,31,2104,CDM,Spain,Midfield,Rotation 70-77,Midfield / Rotation 70-77
Fali,Rafael Jiménez Jarque,76,77,7000000,"CB,CDM,CM",CB,Spain,https://cdn.sofifa.net/players/229/628/23_60.png,28,186,84,1851,394,Cádiz CF,27000,15200000,CB,2024,3,2019,-,Right,3,2,1,-,https://cdn.sofifa.net/flags/es.png,-,-,Medium,High,52,53,68,59,75,87,63,40,77,70,33,54,58,67,68,67,49,54,43,66,68,72,71,81,90,70,90,65,42,74,47,63,75,80,76,8,6,6,15,6,61,58,59,59,59,58,63,62,69,62,70,75,70,72,77,72,17,Fali,76,77,7000000,28,1851,CB,Spain,Defender,Rotation 70-77,Defender / Rotation 70-77
L. Martínez Quarta,Lucas Martínez Quarta,76,79,8500000,CB,CB,Argentina,https://cdn.sofifa.net/players/228/708/23_60.png,26,183,78,1964,412,Fiorentina,42000,15100000,CB,2025,28,2020,-,Right,3,3,2,-,https://cdn.sofifa.net/flags/ar.png,-,-,Medium,Medium,64,56,69,70,75,78,64,50,80,76,51,68,57,49,74,72,55,72,73,70,65,65,86,73,79,59,82,72,52,68,66,79,72,77,75,10,15,12,10,15,66,65,65,65,65,65,69,69,72,69,73,76,73,74,78,74,21,L. Martínez Quarta,76,79,8500000,26,1964,CB,Argentina,Defender,Rotation 70-77,Defender / Rotation 70-77
G. Prömel,Grischa Prömel,76,77,8500000,"CM,CDM",CM,Germany,https://cdn.sofifa.net/players/228/595/23_60.png,27,184,81,2025,435,TSG Hoffenheim,32000,15100000,CM,2026,6,2022,-,Right,4,3,1,-,https://cdn.sofifa.net/flags/de.png,-,-,High,High,65,71,71,73,74,81,61,71,76,79,65,74,55,51,77,75,65,65,67,76,66,77,75,93,76,71,79,75,72,70,51,75,71,75,72,8,14,7,10,6,75,71,73,73,73,71,75,75,77,75,76,77,76,76,77,76,19,G. Prömel,76,77,8500000,27,2025,CM,Germany,Midfield,Rotation 70-77,Midfield / Rotation 70-77
Matheus Pereira,Matheus Fellipe Costa Pereira,76,79,10000000,"CAM,CM,RW",CAM,Brazil,https://cdn.sofifa.net/players/228/414/23_60.png,26,176,80,1941,402,Al Hilal,36000,17800000,SUB,2026,15,2021,-,Left,3,5,1,-,https://cdn.sofifa.net/flags/br.png,-,-,Medium,Medium,72,72,76,79,39,64,75,70,43,77,69,80,78,74,70,79,74,71,80,71,84,74,67,71,62,74,61,39,73,79,71,70,43,37,29,15,12,15,15,9,72,76,75,75,75,76,78,77,74,77,62,61,62,58,51,58,21,Matheus Pereira,76,79,10000000,26,1941,CAM,Brazil,Midfield,Rotation 70-77,Midfield / Rotation 70-77
Rubén Duarte,Rubén Duarte Sánchez,76,79,9000000,LB,CB,Spain,https://cdn.sofifa.net/players/226/637/23_60.png,26,179,72,1792,378,Deportivo Alavés,12000,15100000,LB,2023,3,2017,-,Left,2,3,1,-,https://cdn.sofifa.net/flags/es.png,-,-,Medium,Medium,62,38,65,68,78,67,77,28,74,76,34,64,60,62,65,75,65,59,64,72,65,51,59,64,69,43,70,77,54,37,40,64,79,78,79,13,8,10,11,10,59,61,59,59,59,61,62,66,66,66,75,74,75,76,77,76,19,Rubén Duarte,76,79,9000000,26,1792,CB,Spain,Defender,Rotation 70-77,Defender / Rotation 70-77
G. Martínez,Gonzalo Martínez,76,76,7500000,"RM,CAM,LM",LW,Argentina,https://cdn.sofifa.net/players/226/377/23_60.png,29,172,75,1907,401,Al Nassr,38000,12800000,RM,2024,10,2020,-,Left,2,4,2,-,https://cdn.sofifa.net/flags/ar.png,-,-,Medium,Low,82,72,72,82,34,59,74,65,32,69,74,83,78,73,71,80,85,80,85,74,87,80,53,62,62,76,50,26,74,75,79,76,47,28,30,6,9,13,12,15,72,76,75,75,75,76,76,76,71,76,60,56,60,55,46,55,20,G. Martínez,76,76,7500000,29,1907,LW,Argentina,Forward,Rotation 70-77,Forward / Rotation 70-77
M. Boselli,Mauro Boselli,76,76,2600000,ST,ST,Argentina,https://cdn.sofifa.net/players/161/938/23_60.png,37,181,70,1817,380,Estudiantes de La Plata,12000,3900000,ST,2022,17,2022,-,Right,3,3,1,-,https://cdn.sofifa.net/flags/ar.png,-,-,High,Medium,54,79,63,67,39,78,57,87,84,70,65,66,60,53,58,72,55,53,59,74,52,75,77,69,84,68,72,23,85,65,79,72,39,35,33,7,14,6,7,14,76,69,72,72,72,69,72,70,67,70,54,56,54,53,55,53,19,M. Boselli,76,76,2600000,37,1817,ST,Argentina,Forward,Rotation 70-77,Forward / Rotation 70-77
Y. Gerhardt,Yannick Gerhardt,76,76,7500000,CM,CM,Germany,https://cdn.sofifa.net/players/212/245/23_60.png,28,184,81,2019,435,VfL Wolfsburg,42000,12800000,SUB,2025,31,2016,-,Left,3,3,2,-,https://cdn.sofifa.net/flags/de.png,-,-,Medium,Medium,69,69,74,75,72,76,69,67,57,77,57,75,69,55,76,78,66,71,67,77,68,78,64,78,76,71,75,74,74,78,52,72,76,70,74,13,13,7,11,6,74,73,74,74,74,73,76,76,76,76,76,76,76,75,74,75,20,Y. Gerhardt,76,76,7500000,28,2019,CM,Germany,Midfield,Rotation 70-77,Midfield / Rotation 70-77
M. Olise,Michael Olise,76,86,16500000,"RW,RM,CAM",CAM,France,https://cdn.sofifa.net/players/247/827/23_60.png,20,178,68,1935,409,Crystal Palace,40000,34700000,SUB,2026,7,2021,-,Left,2,4,1,-,https://cdn.sofifa.net/flags/fr.png,-,-,Medium,Medium,80,70,76,80,50,53,75,70,36,76,58,80,76,68,74,79,82,78,91,73,87,74,51,67,41,68,66,48,69,78,67,72,52,56,46,9,11,9,10,10,70,76,75,75,75,76,78,78,75,78,68,66,68,64,56,64,19,M. Olise,76,86,16500000,20,1935,CAM,France,Midfield,Rotation 70-77,Midfield / Rotation 70-77
Sancet,Oihan Sancet Tirapu,76,85,17000000,"ST,CM,CAM",ST,Spain,https://cdn.sofifa.net/players/244/675/23_60.png,22,188,72,1965,424,Athletic Club de Bilbao,24000,39100000,CM,2024,8,2017,-,Right,4,4,1,-,https://cdn.sofifa.net/flags/es.png,-,-,Medium,High,73,75,68,77,61,70,54,76,71,75,69,78,60,53,70,80,75,72,74,76,53,79,57,72,76,74,56,70,77,76,66,74,44,68,60,15,11,6,15,7,78,74,77,77,77,74,78,76,77,76,70,71,70,69,67,69,21,Sancet,76,85,17000000,22,1965,ST,Spain,Forward,Rotation 70-77,Forward / Rotation 70-77
T. Almada,Thiago Almada,76,87,17000000,"CAM,LW,RW",CAM,Argentina,https://cdn.sofifa.net/players/245/371/23_60.png,21,171,62,2001,424,Atlanta United,7000,28900000,CM,2025,8,2022,-,Right,4,4,1,-,https://cdn.sofifa.net/flags/ar.png,-,-,High,Low,85,72,71,82,52,62,64,71,39,74,73,82,83,65,68,79,90,81,92,72,93,75,56,74,55,72,64,58,68,72,77,81,47,57,53,12,8,9,8,10,72,76,75,75,75,76,78,77,74,77,69,67,69,66,59,66,18,T. Almada,76,87,17000000,21,2001,CAM,Argentina,Midfield,Rotation 70-77,Midfield / Rotation 70-77
Óscar Gil,Óscar Gil Regaño,76,81,10500000,RB,RWB,Spain,https://cdn.sofifa.net/players/246/284/23_60.png,24,173,70,1925,414,RCD Espanyol de Barcelona,15000,22800000,RB,2024,2,2020,-,Right,3,3,1,-,https://cdn.sofifa.net/flags/es.png,-,-,High,High,79,48,68,75,72,72,72,43,55,73,44,76,67,40,69,74,81,78,76,74,79,63,66,83,65,43,76,72,65,63,45,68,74,75,76,14,14,11,8,11,65,69,67,67,67,69,70,74,72,74,77,75,77,76,73,76,21,Óscar Gil,76,81,10500000,24,1925,RWB,Spain,Defender,Rotation 70-77,Defender / Rotation 70-77
Carlos Neva,Carlos Neva Tey,76,79,9000000,"LB,LM",LB,Spain,https://cdn.sofifa.net/players/246/844/23_60.png,26,174,64,1840,402,Granada CF,11000,15100000,SUB,2025,15,2017,-,Left,2,3,1,-,https://cdn.sofifa.net/flags/es.png,-,-,High,Medium,77,52,63,71,73,66,77,48,65,72,37,71,54,35,52,71,77,77,74,72,71,65,56,77,60,50,69,74,68,51,48,66,73,76,74,8,11,9,6,12,66,68,66,66,66,68,67,71,67,71,76,72,76,76,73,76,18,Carlos Neva,76,79,9000000,26,1840,LB,Spain,Defender,Rotation 70-77,Defender / Rotation 70-77
Edgar,Edgar González Estrada,76,80,9500000,"CB,CDM",CB,Spain,https://cdn.sofifa.net/players/247/500/23_60.png,25,193,78,1729,384,Real Betis Balompié,20000,20700000,CB,2025,3,2018,-,Right,2,2,1,-,https://cdn.sofifa.net/flags/es.png,-,-,Medium,Medium,53,49,64,63,77,78,49,50,73,76,37,59,32,30,71,73,51,55,55,76,36,54,58,79,77,46,82,78,52,70,32,67,77,78,75,7,14,7,12,8,63,60,62,62,62,60,67,65,72,65,72,78,72,73,78,73,19,Edgar,76,80,9500000,25,1729,CB,Spain,Defender,Rotation 70-77,Defender / Rotation 70-77
Tetê,Mateus Tetê,76,86,17000000,"RW,RM",CAM,Brazil,https://cdn.sofifa.net/players/247/641/23_60.png,22,175,72,1860,402,Olympique Lyonnais,1000,0,RW,2023,20,2019,TRUE,Left,3,4,1,-,https://cdn.sofifa.net/flags/br.png,-,-,High,Medium,82,72,72,79,41,56,74,75,56,76,55,81,66,70,68,79,80,83,83,68,75,74,65,71,56,69,37,41,66,70,72,77,42,38,27,7,11,5,9,11,73,76,74,74,74,76,77,77,71,77,63,59,63,59,50,59,18,Tetê,76,86,17000000,22,1860,CAM,Brazil,Midfield,Rotation 70-77,Midfield / Rotation 70-77
Vivian,Daniel Vivian Moreno,76,83,14000000,CB,CB,Spain,https://cdn.sofifa.net/players/248/550/23_60.png,22,183,83,1751,382,Athletic Club de Bilbao,20000,32200000,CB,2026,3,2019,-,Right,2,2,1,-,https://cdn.sofifa.net/flags/es.png,-,-,High,Medium,70,43,55,60,77,77,44,48,75,70,46,52,28,22,68,65,67,72,64,78,69,48,83,74,77,25,78,77,30,46,67,69,78,78,75,9,8,12,10,8,59,55,55,55,55,55,58,60,64,60,71,75,71,74,78,74,19,Vivian,76,83,14000000,22,1751,CB,Spain,Defender,Rotation 70-77,Defender / Rotation 70-77
Vinícius,Carlos Vinícius Alves Morais,76,77,9000000,ST,ST,Brazil,https://cdn.sofifa.net/players/244/621/23_60.png,27,190,83,1832,401,Fulham,55000,17800000,SUB,2025,30,2022,-,Left,3,3,2,-,https://cdn.sofifa.net/flags/br.png,-,-,High,Medium,71,76,61,73,41,79,51,78,70,71,73,73,65,48,47,77,66,75,66,75,44,83,52,76,83,68,81,41,77,65,71,80,44,33,25,15,13,13,7,6,77,71,74,74,74,71,73,72,68,72,58,59,58,56,56,56,20,Vinícius,76,77,9000000,27,1832,ST,Brazil,Forward,Rotation 70-77,Forward / Rotation 70-77
Igor,Igor Julio dos Santos de Paulo,76,81,10000000,CB,CB,Brazil,https://cdn.sofifa.net/players/241/585/23_60.png,24,185,84,1656,369,Fiorentina,36000,17800000,SUB,2024,98,2021,-,Left,2,2,1,-,https://cdn.sofifa.net/flags/br.png,-,-,Medium,Medium,73,31,50,55,77,83,24,22,67,67,27,44,32,25,52,63,69,77,66,60,66,44,70,76,87,36,84,76,48,56,28,65,77,80,77,7,11,9,15,14,53,51,52,52,52,51,57,56,61,56,68,73,68,71,78,71,19,Igor,76,81,10000000,24,1656,CB,Brazil,Defender,Rotation 70-77,Defender / Rotation 70-77
Miranda,Juan Miranda González,76,84,16000000,LB,LB,Spain,https://cdn.sofifa.net/players/240/915/23_60.png,22,185,79,1924,414,Real Betis Balompié,18000,36800000,SUB,2024,33,2021,-,Left,3,3,1,-,https://cdn.sofifa.net/flags/es.png,-,-,Medium,Medium,77,58,68,74,72,65,78,49,72,76,35,76,60,65,61,77,77,77,73,72,63,75,73,68,61,67,67,70,68,54,44,62,67,77,76,11,8,12,9,6,70,71,70,70,70,71,71,73,71,73,76,72,76,76,73,76,18,Miranda,76,84,16000000,22,1924,LB,Spain,Defender,Rotation 70-77,Defender / Rotation 70-77
T. Mitchell,Tyrick Mitchell,76,83,14500000,LB,LB,England,https://cdn.sofifa.net/players/240/947/23_60.png,22,180,70,1798,389,Crystal Palace,38000,30500000,LB,2025,3,2017,-,Left,3,2,1,-,https://cdn.sofifa.net/flags/gb-eng.png,-,-,High,High,77,39,60,70,75,68,69,36,53,63,36,68,52,39,53,70,78,76,78,76,75,40,57,74,63,38,74,78,59,59,45,61,76,79,77,9,12,14,8,14,58,64,61,61,61,64,65,68,66,68,76,73,76,76,74,76,20,T. Mitchell,76,83,14500000,22,1798,LB,England,Defender,Rotation 70-77,Defender / Rotation 70-77
N. Tenaglia,Nahuel Tenaglia,76,79,9000000,"RB,CB",RB,Argentina,https://cdn.sofifa.net/players/240/953/23_60.png,26,181,70,1860,405,Deportivo Alavés,15000,0,RB,2023,14,2017,TRUE,Right,3,3,1,-,https://cdn.sofifa.net/flags/ar.png,-,-,Medium,Medium,71,43,65,72,75,79,68,37,65,71,39,72,45,40,61,70,70,71,73,73,78,47,67,83,76,51,82,76,64,68,40,76,77,75,77,12,7,9,8,8,62,66,64,64,64,66,68,70,71,70,76,75,76,76,76,76,18,N. Tenaglia,76,79,9000000,26,1860,RB,Argentina,Defender,Rotation 70-77,Defender / Rotation 70-77
Mauro Júnior,Mauro Jaqueson J. Ferreira Santos,76,82,11000000,"RB,LB,CAM",LM,Brazil,https://cdn.sofifa.net/players/241/509/23_60.png,23,171,62,2041,429,PSV,14000,17600000,RB,2025,17,2017,-,Left,3,4,1,-,https://cdn.sofifa.net/flags/br.png,-,-,High,High,84,66,75,79,68,57,75,62,58,75,65,79,75,74,72,79,83,84,90,72,81,68,43,86,35,69,77,71,72,75,68,71,69,70,66,7,14,6,13,8,71,76,74,74,74,76,77,78,77,78,77,74,77,76,68,76,19,Mauro Júnior,76,82,11000000,23,2041,LM,Brazil,Midfield,Rotation 70-77,Midfield / Rotation 70-77
J. Burkardt,Jonathan Burkardt,76,84,17000000,"ST,CF,RW",ST,Germany,https://cdn.sofifa.net/players/244/257/23_60.png,21,181,79,1942,423,1. FSV Mainz 05,22000,32299999,ST,2024,29,2018,-,Right,3,3,1,-,https://cdn.sofifa.net/flags/de.png,-,-,High,Medium,84,75,67,79,43,75,62,78,66,74,71,82,60,44,60,77,82,86,76,76,76,76,75,79,75,68,71,40,77,71,72,68,45,38,33,14,9,9,6,14,78,76,77,77,77,76,78,78,72,78,63,61,63,61,57,61,20,J. Burkardt,76,84,17000000,21,1942,ST,Germany,Forward,Rotation 70-77,Forward / Rotation 70-77
C. Jones,Curtis Jones,76,84,17000000,CM,CM,England,https://cdn.sofifa.net/players/242/434/23_60.png,21,185,75,1960,423,Liverpool,60000,34900000,SUB,2025,17,2018,-,Right,4,4,1,-,https://cdn.sofifa.net/flags/gb-eng.png,-,-,High,Medium,68,68,72,80,64,71,63,64,50,78,60,80,68,47,75,81,69,68,77,74,76,74,57,79,68,72,71,67,70,76,60,80,65,67,60,6,13,7,11,7,71,73,74,74,74,73,77,76,78,76,72,74,72,70,68,70,18,C. Jones,76,84,17000000,21,1960,CM,England,Midfield,Rotation 70-77,Midfield / Rotation 70-77
R. Aït Nouri,Rayan Aït Nouri,76,86,16000000,"LWB,LB",LWB,France,https://cdn.sofifa.net/players/242/641/23_60.png,21,180,70,1882,402,Wolverhampton Wanderers,43000,33600000,LB,2026,3,2021,-,Left,3,3,1,-,https://cdn.sofifa.net/flags/fr.png,-,-,High,Medium,77,44,70,76,73,62,75,42,62,71,39,78,72,58,66,76,78,76,74,70,76,46,57,74,56,44,65,72,62,67,42,69,73,77,74,15,11,8,14,12,62,69,66,66,66,69,70,73,71,73,76,73,76,76,72,76,21,R. Aït Nouri,76,86,16000000,21,1882,LWB,France,Defender,Rotation 70-77,Defender / Rotation 70-77
D. McNeil,Dwight McNeil,76,81,11500000,"LM,RM",CAM,England,https://cdn.sofifa.net/players/243/282/23_60.png,22,183,70,1954,408,Everton,33000,22700000,SUB,2027,7,2022,-,Left,2,3,1,-,https://cdn.sofifa.net/flags/gb-eng.png,-,-,Medium,High,70,65,75,79,53,66,77,64,59,76,57,80,77,74,71,79,73,68,76,75,76,68,68,78,64,66,57,46,73,75,62,76,57,54,44,6,14,14,12,14,72,74,73,73,73,74,77,77,75,77,68,66,68,65,60,65,21,D. McNeil,76,81,11500000,22,1954,CAM,England,Midfield,Rotation 70-77,Midfield / Rotation 70-77
Catena,Alejandro Catena Marugán,76,78,8000000,CB,CB,Spain,https://cdn.sofifa.net/players/243/976/23_60.png,27,194,82,1688,366,Rayo Vallecano,18000,17400000,CB,2023,5,2019,-,Right,3,2,1,-,https://cdn.sofifa.net/flags/es.png,-,-,Low,High,66,39,57,50,77,77,39,38,76,72,29,35,42,31,65,63,65,66,60,72,52,50,83,78,78,32,74,74,33,53,44,65,77,79,77,9,9,14,8,11,55,51,52,52,52,51,56,57,63,57,70,74,70,72,78,72,18,Catena,76,78,8000000,27,1688,CB,Spain,Defender,Rotation 70-77,Defender / Rotation 70-77
A. Kalimuendo,Arnaud Kalimuendo,76,82,12000000,ST,ST,France,https://cdn.sofifa.net/players/253/444/23_60.png,20,175,79,1813,387,Stade Rennais FC,34000,25200000,SUB,2027,9,2022,-,Right,3,3,1,-,https://cdn.sofifa.net/flags/fr.png,-,-,High,Medium,81,75,59,77,29,66,51,77,72,65,75,76,67,55,48,77,83,80,75,75,85,76,57,58,72,73,64,23,78,63,66,76,32,21,17,9,12,9,14,8,78,73,75,75,75,73,74,72,64,72,52,50,52,50,47,50,20,A. Kalimuendo,76,82,12000000,20,1813,ST,France,Forward,Rotation 70-77,Forward / Rotation 70-77
A. Stach,Anton Stach,76,82,12000000,"CM,CDM",CM,Germany,https://cdn.sofifa.net/players/257/191/23_60.png,23,194,88,2020,436,1. FSV Mainz 05,23000,22800000,CM,2024,6,2021,-,Right,5,2,1,-,https://cdn.sofifa.net/flags/de.png,-,-,High,High,74,67,74,69,74,78,70,58,77,77,54,69,71,64,73,76,69,78,60,76,44,84,66,79,81,78,73,86,74,76,51,68,66,77,66,7,14,8,7,11,75,72,73,73,73,72,75,75,78,75,77,78,77,77,77,77,19,A. Stach,76,82,12000000,23,2020,CM,Germany,Midfield,Rotation 70-77,Midfield / Rotation 70-77
F. Vázquez,Franco Vázquez,76,76,4700000,"CAM,CM",CAM,Argentina,https://cdn.sofifa.net/players/207/471/23_60.png,33,187,82,1963,411,Parma,6000,7500000,CAM,2023,10,2021,-,Left,3,4,2,-,https://cdn.sofifa.net/flags/ar.png,-,-,High,Medium,46,78,77,77,58,75,73,80,69,78,79,81,80,68,75,82,40,51,67,70,35,76,46,71,78,80,78,69,75,80,67,77,50,59,48,14,15,13,9,7,76,74,75,75,75,74,76,75,76,75,68,72,68,65,66,65,20,F. Vázquez,76,76,4700000,33,1963,CAM,Argentina,Midfield,Rotation 70-77,Midfield / Rotation 70-77
A. Webster,Adam Webster,76,79,8500000,CB,CB,England,https://cdn.sofifa.net/players/207/616/23_60.png,27,191,75,1673,379,Brighton & Hove Albion,51000,16800000,CB,2026,4,2019,-,Right,4,2,1,-,https://cdn.sofifa.net/flags/gb-eng.png,-,-,Medium,Medium,68,31,60,69,77,74,50,30,78,74,27,68,27,25,70,73,62,73,62,74,55,37,77,67,77,32,75,76,26,53,24,74,78,77,75,10,8,14,7,12,55,58,56,56,56,58,62,63,67,63,72,75,72,74,78,74,19,A. Webster,76,79,8500000,27,1673,CB,England,Defender,Rotation 70-77,Defender / Rotation 70-77
Roger,Roger Martí Salvador,76,76,6500000,ST,ST,Spain,https://cdn.sofifa.net/players/207/732/23_60.png,31,179,74,1930,403,Elche CF,22000,14300000,ST,2026,18,2022,-,Right,3,3,2,-,https://cdn.sofifa.net/flags/es.png,-,-,High,Medium,74,78,63,74,41,73,59,79,69,70,78,73,54,56,59,75,73,75,72,79,74,79,72,79,72,75,69,35,82,61,80,80,42,36,38,15,13,15,14,8,76,73,75,75,75,73,74,74,69,74,61,59,61,59,55,59,22,Roger,76,76,6500000,31,1930,ST,Spain,Forward,Rotation 70-77,Forward / Rotation 70-77
Paulo Otávio,Paulo Otávio Rosa da Silva,76,76,7000000,"LB,LM",LB,Brazil,https://cdn.sofifa.net/players/208/001/23_60.png,27,174,68,1922,415,VfL Wolfsburg,37000,11900000,LB,2023,6,2019,-,Left,3,3,1,-,https://cdn.sofifa.net/flags/br.png,-,-,High,Medium,88,55,67,77,70,58,76,51,41,70,52,78,65,46,61,75,89,87,86,70,83,66,72,69,45,57,74,78,59,64,41,68,72,70,76,8,7,6,15,13,65,72,68,68,68,72,71,74,70,74,76,72,76,76,69,76,19,Paulo Otávio,76,76,7000000,27,1922,LB,Brazil,Defender,Rotation 70-77,Defender / Rotation 70-77
Andreas Pereira,Andreas Hugo Hoelgebaum Pereira,76,79,10000000,"CAM,CM,RM",CAM,Brazil,https://cdn.sofifa.net/players/208/450/23_60.png,26,177,70,2097,438,Fulham,51000,19800000,CAM,2026,18,2022,-,Right,4,4,1,-,https://cdn.sofifa.net/flags/br.png,-,-,Medium,Medium,76,74,77,78,65,68,77,69,56,76,72,79,81,78,76,78,77,75,79,74,77,81,65,77,60,78,79,67,71,76,70,70,67,66,63,15,14,7,10,7,74,76,75,75,75,76,78,78,77,78,74,74,74,73,69,73,20,Andreas Pereira,76,79,10000000,26,2097,CAM,Brazil,Midfield,Rotation 70-77,Midfield / Rotation 70-77
J. Gastien,Johan Gastien,76,76,2600000,CDM,CDM,France,https://cdn.sofifa.net/players/208/861/23_60.png,34,179,69,1919,402,Clermont Foot 63,18000,5200000,CDM,2025,25,2018,-,Right,3,2,1,-,https://cdn.sofifa.net/flags/fr.png,-,-,Medium,High,50,63,67,72,73,77,51,65,52,74,48,67,50,61,72,75,49,50,75,72,81,67,69,85,71,62,82,69,67,75,52,76,79,76,72,14,8,8,13,8,67,66,67,67,67,66,72,69,75,69,71,76,71,71,74,71,19,J. Gastien,76,76,2600000,34,1919,CDM,France,Midfield,Rotation 70-77,Midfield / Rotation 70-77
F. Mollet,Florent Mollet,76,76,7000000,"RM,CAM",RM,France,https://cdn.sofifa.net/players/209/288/23_60.png,30,174,68,2016,414,FC Schalke 04,24000,12600000,SUB,2025,20,2022,-,Right,4,3,2,-,https://cdn.sofifa.net/flags/fr.png,-,-,Medium,Medium,70,75,76,78,51,64,72,70,41,77,71,78,77,81,76,79,72,68,76,74,89,83,67,75,56,80,69,54,73,77,69,73,53,54,44,9,13,12,12,15,73,75,75,75,75,75,76,76,76,76,68,68,68,64,59,64,21,F. Mollet,76,76,7000000,30,2016,RM,France,Midfield,Rotation 70-77,Midfield / Rotation 70-77
André Ramalho,André Ramalho Silva,76,76,6000000,CB,CB,Brazil,https://cdn.sofifa.net/players/210/007/23_60.png,30,182,78,1918,396,PSV,16000,8400000,SUB,2024,5,2021,-,Right,5,2,2,-,https://cdn.sofifa.net/flags/br.png,-,-,Medium,High,50,59,67,66,77,77,46,51,80,75,42,62,58,68,76,68,53,47,69,74,67,76,91,78,79,71,69,76,45,67,42,72,77,76,74,7,12,14,13,15,65,60,62,62,62,60,67,64,72,64,70,76,70,71,76,71,21,André Ramalho,76,76,6000000,30,1918,CB,Brazil,Defender,Rotation 70-77,Defender / Rotation 70-77
M. Sanson,Morgan Sanson,76,76,8000000,CM,CM,France,https://cdn.sofifa.net/players/210/896/23_60.png,27,180,73,2092,436,Aston Villa,66000,15200000,SUB,2025,8,2021,-,Right,4,4,2,-,https://cdn.sofifa.net/flags/fr.png,-,-,Medium,Medium,69,73,77,75,70,72,74,71,65,78,72,76,76,68,78,76,72,67,74,76,68,79,76,69,72,72,73,71,74,78,68,77,68,74,71,6,16,16,9,9,75,74,75,75,75,74,76,76,76,76,75,76,75,74,74,74,20,M. Sanson,76,76,8000000,27,2092,CM,France,Midfield,Rotation 70-77,Midfield / Rotation 70-77
G. Fernández,Guillermo Fernández,76,76,7000000,"CM,CDM",CM,Argentina,https://cdn.sofifa.net/players/211/269/23_60.png,30,178,75,1989,420,Boca Juniors,17000,9800000,CM,2024,8,2022,-,Right,3,3,1,-,https://cdn.sofifa.net/flags/ar.png,-,-,Medium,Medium,71,67,75,76,65,66,65,65,45,80,65,75,74,69,77,78,73,70,77,75,70,71,70,74,63,69,60,73,71,77,59,81,65,67,66,9,14,6,11,6,71,73,73,73,73,73,76,76,76,76,73,74,73,72,68,72,19,G. Fernández,76,76,7000000,30,1989,CM,Argentina,Midfield,Rotation 70-77,Midfield / Rotation 70-77
N. Maupay,Neal Maupay,76,78,9500000,ST,ST,France,https://cdn.sofifa.net/players/211/784/23_60.png,25,173,69,1928,404,Everton,39000,18800000,SUB,2025,20,2022,-,Right,4,3,1,-,https://cdn.sofifa.net/flags/fr.png,-,-,Medium,Medium,74,77,67,73,41,72,61,79,73,74,76,68,63,55,59,76,77,72,76,79,81,79,59,78,67,71,80,26,82,69,78,70,30,55,33,11,12,7,8,14,78,73,75,75,75,73,76,75,71,75,60,60,60,59,56,59,20,N. Maupay,76,78,9500000,25,1928,ST,France,Forward,Rotation 70-77,Forward / Rotation 70-77
D. Kohr,Dominik Kohr,76,77,7000000,"CDM,CM",CB,Germany,https://cdn.sofifa.net/players/212/212/23_60.png,28,183,80,1956,434,1. FSV Mainz 05,26000,12400000,CDM,2026,31,2022,-,Right,3,3,2,-,https://cdn.sofifa.net/flags/de.png,-,-,Medium,High,80,62,63,71,77,81,42,58,74,74,45,69,51,48,66,73,74,85,67,75,69,77,78,82,77,67,90,78,52,67,47,74,78,76,74,6,11,9,10,7,70,66,68,68,68,66,71,69,72,69,74,77,74,76,77,76,18,D. Kohr,76,77,7000000,28,1956,CB,Germany,Defender,Rotation 70-77,Defender / Rotation 70-77
H. Ekitike,Hugo Ekitike,76,85,16500000,ST,ST,France,https://cdn.sofifa.net/players/257/289/23_60.png,20,189,70,1749,379,Paris Saint-Germain,19000,0,SUB,2023,44,2020,TRUE,Right,3,3,1,-,https://cdn.sofifa.net/flags/fr.png,-,-,High,Medium,74,75,60,76,25,69,51,80,73,68,61,78,58,48,53,76,74,74,68,76,67,76,74,68,72,69,61,18,78,63,63,73,24,17,16,8,8,7,10,12,78,72,75,75,75,72,74,73,66,73,51,50,51,48,45,48,19,H. Ekitike,76,85,16500000,20,1749,ST,France,Forward,Rotation 70-77,Forward / Rotation 70-77
F. Ribéry,Franck Ribéry,76,76,2600000,"CF,ST,CAM",CAM,France,https://cdn.sofifa.net/players/156/616/23_60.png,39,170,72,1831,379,US Salernitana 1919,21000,4700000,SUB,2023,7,2021,-,Right,5,5,4,-,https://cdn.sofifa.net/flags/fr.png,-,-,Medium,Low,63,71,80,82,30,53,70,70,39,84,76,84,80,79,81,85,63,63,69,70,84,73,33,53,55,68,51,33,81,80,78,76,31,25,26,15,6,9,7,10,73,76,76,76,76,76,76,76,76,76,58,59,58,53,45,53,19,F. Ribéry,76,76,2600000,39,1831,CAM,France,Midfield,Rotation 70-77,Midfield / Rotation 70-77
Diego Costa,Diego da Silva Costa,76,76,4800000,ST,ST,Spain,https://cdn.sofifa.net/players/179/844/23_60.png,33,186,84,1901,406,Wolverhampton Wanderers,72000,9100000,SUB,2023,29,2022,-,Right,3,2,4,-,https://cdn.sofifa.net/flags/es.png,-,-,High,Medium,66,77,63,72,46,82,65,79,78,62,80,73,65,59,52,76,65,67,57,73,53,78,69,67,87,70,90,40,77,72,72,83,51,39,30,11,13,12,8,11,76,71,73,73,73,71,73,73,68,73,60,61,60,58,61,58,21,Diego Costa,76,76,4800000,33,1901,ST,Spain,Forward,Rotation 70-77,Forward / Rotation 70-77
L. Biglia,Lucas Biglia,76,76,1500000,"CDM,CM",CDM,Argentina,https://cdn.sofifa.net/players/158/963/23_60.png,36,178,63,1965,388,İstanbul Başakşehir FK,23000,3000000,CDM,2023,20,2022,-,Right,4,3,3,-,https://cdn.sofifa.net/flags/ar.png,-,-,Medium,Medium,33,64,78,77,74,62,74,52,54,82,78,76,71,76,79,80,34,33,69,70,84,77,56,61,58,74,75,75,50,76,71,80,76,78,74,14,12,7,12,7,65,66,66,66,66,66,73,70,76,70,73,76,73,72,74,72,21,L. Biglia,76,76,1500000,36,1965,CDM,Argentina,Midfield,Rotation 70-77,Midfield / Rotation 70-77
João Victor,João Victor da Silva Marcelino,76,84,15500000,CB,CB,Brazil,https://cdn.sofifa.net/players/258/861/23_60.png,23,187,80,1765,391,SL Benfica,11000,34100000,SUB,2027,38,2022,-,Right,3,2,1,-,https://cdn.sofifa.net/flags/br.png,-,-,Medium,High,78,50,52,57,77,77,40,51,79,64,43,53,42,40,60,58,71,84,62,70,52,55,82,73,78,48,78,72,38,42,49,65,79,78,76,12,5,8,11,12,61,56,56,56,56,56,58,59,61,59,70,71,70,72,78,72,19,João Victor,76,84,15500000,23,1765,CB,Brazil,Defender,Rotation 70-77,Defender / Rotation 70-77
C. Lukeba,Castello Lukeba,76,86,15000000,CB,CB,France,https://cdn.sofifa.net/players/262/138/23_60.png,19,184,73,1838,404,Olympique Lyonnais,25000,31500000,CB,2025,4,2021,-,Left,2,2,1,-,https://cdn.sofifa.net/flags/fr.png,-,-,Medium,Medium,73,43,67,70,77,74,59,41,73,76,42,69,54,26,72,71,71,75,69,76,64,55,75,72,75,38,72,76,44,67,39,76,76,79,76,8,10,14,11,13,62,64,63,63,63,64,67,68,71,68,75,77,75,76,78,76,20,C. Lukeba,76,86,15000000,19,1838,CB,France,Defender,Rotation 70-77,Defender / Rotation 70-77
M. Moralez,Maxi Moralez,76,76,3100000,"CAM,CM",CAM,Argentina,https://cdn.sofifa.net/players/183/895/23_60.png,35,158,56,1910,393,New York City FC,7000,4700000,CAM,2022,10,2017,-,Right,4,4,2,-,https://cdn.sofifa.net/flags/ar.png,-,-,High,High,68,71,75,78,52,49,75,70,56,74,70,78,76,70,74,80,80,59,78,75,76,69,30,73,33,72,65,45,76,78,72,76,48,59,51,6,5,14,14,9,72,75,75,75,75,75,76,76,75,76,67,65,67,65,56,65,18,M. Moralez,76,76,3100000,35,1910,CAM,Argentina,Midfield,Rotation 70-77,Midfield / Rotation 70-77
S. Terodde,Simon Terodde,76,76,3600000,ST,ST,Germany,https://cdn.sofifa.net/players/183/714/23_60.png,34,192,83,1757,375,FC Schalke 04,27000,6500000,ST,2023,9,2021,-,Right,3,3,1,-,https://cdn.sofifa.net/flags/de.png,-,-,Medium,Medium,58,78,55,67,38,79,50,82,82,65,77,64,38,44,40,73,52,63,52,79,58,80,75,67,86,69,75,23,81,59,69,76,37,42,19,8,9,15,16,8,76,67,71,71,71,67,69,67,63,67,53,54,53,51,55,51,20,S. Terodde,76,76,3600000,34,1757,ST,Germany,Forward,Rotation 70-77,Forward / Rotation 70-77
Víctor Díaz,Víctor David Díaz Miguel,76,76,2400000,"CB,RB",CB,Spain,https://cdn.sofifa.net/players/183/353/23_60.png,34,184,72,1910,412,Granada CF,11000,3800000,SUB,2023,16,2017,-,Right,3,2,1,-,https://cdn.sofifa.net/flags/es.png,-,-,Medium,High,70,56,68,66,77,75,77,56,77,74,35,62,65,51,55,74,69,70,61,76,52,67,90,77,72,54,75,77,62,65,42,64,74,79,78,10,12,5,9,8,68,67,67,67,67,67,69,71,70,71,76,75,76,76,76,76,19,Víctor Díaz,76,76,2400000,34,1910,CB,Spain,Defender,Rotation 70-77,Defender / Rotation 70-77
M. Sakho,Mamadou Sakho,76,76,4900000,CB,CB,France,https://cdn.sofifa.net/players/183/285/23_60.png,32,187,83,1657,350,Montpellier Hérault SC,21000,9300000,SUB,2024,75,2021,-,Left,2,2,3,-,https://cdn.sofifa.net/flags/fr.png,-,-,Medium,High,40,35,64,55,75,81,58,23,73,74,20,50,50,30,71,60,37,42,49,70,53,61,74,59,90,38,87,76,36,61,40,71,75,77,73,14,12,9,7,8,54,50,51,51,51,50,58,57,66,57,68,76,68,69,76,69,20,M. Sakho,76,76,4900000,32,1657,CB,France,Defender,Rotation 70-77,Defender / Rotation 70-77
Juan Mata,Juan Manuel Mata García,76,76,3500000,"CAM,RM",CAM,Spain,https://cdn.sofifa.net/players/178/088/23_60.png,34,170,63,1832,357,Galatasaray SK,56000,6700000,SUB,2023,64,2022,-,Left,3,4,3,-,https://cdn.sofifa.net/flags/es.png,-,-,Medium,Medium,49,71,80,79,36,42,78,70,56,81,71,77,85,84,74,82,55,44,74,73,85,69,58,50,34,69,46,39,81,81,80,83,38,31,21,9,10,14,5,8,72,74,74,74,74,74,76,76,75,76,58,59,58,53,47,53,18,Juan Mata,76,76,3500000,34,1832,CAM,Spain,Midfield,Rotation 70-77,Midfield / Rotation 70-77
J. Lascelles,Jamaal Lascelles,75,76,5500000,CB,CB,England,https://cdn.sofifa.net/players/203/487/23_60.png,28,188,83,1537,328,Newcastle United,64000,10900000,SUB,2024,6,2014,-,Right,3,2,2,-,https://cdn.sofifa.net/flags/gb-eng.png,-,-,Low,Medium,41,35,49,53,75,75,46,34,78,61,33,45,37,16,55,60,40,41,53,71,51,51,82,51,84,27,82,76,23,40,19,63,74,75,75,10,15,7,10,15,51,46,46,46,46,46,50,50,56,50,64,69,64,66,76,66,21,J. Lascelles,75,76,5500000,28,1537,CB,England,Defender,Rotation 70-77,Defender / Rotation 70-77
Aihen Muñoz,Aihen Muñoz Capellán,75,80,8000000,LB,LB,Spain,https://cdn.sofifa.net/players/246/748/23_60.png,24,175,68,1923,414,Real Sociedad,22000,17400000,LB,2024,12,2017,-,Left,3,3,1,-,https://cdn.sofifa.net/flags/es.png,-,-,High,Medium,76,54,69,73,72,70,72,51,65,72,45,78,66,41,75,68,77,76,68,75,70,55,69,77,63,60,78,72,70,66,36,74,73,74,72,10,9,10,15,15,67,70,68,68,68,70,72,74,73,74,75,74,75,75,73,75,21,Aihen Muñoz,75,80,8000000,24,1923,LB,Spain,Defender,Rotation 70-77,Defender / Rotation 70-77
Nacho Vidal,Ignacio Vidal Miralles,75,76,6000000,"RB,RWB",RB,Spain,https://cdn.sofifa.net/players/238/305/23_60.png,27,180,75,1850,406,CA Osasuna,23000,13100000,RB,2025,2,2018,-,Right,3,3,1,-,https://cdn.sofifa.net/flags/es.png,-,-,High,Medium,75,56,69,69,72,65,78,60,71,75,39,68,73,32,65,70,72,78,69,73,66,59,63,64,64,49,69,72,61,59,41,68,64,79,74,8,8,7,11,9,67,68,66,66,66,68,69,71,69,71,75,72,75,75,73,75,18,Nacho Vidal,75,76,6000000,27,1850,RB,Spain,Defender,Rotation 70-77,Defender / Rotation 70-77
B. Schmitz,Benno Schmitz,75,75,5500000,RB,RB,Germany,https://cdn.sofifa.net/players/222/692/23_60.png,27,182,75,1913,401,1. FC Köln,23000,9900000,RB,2024,2,2018,-,Right,4,2,1,-,https://cdn.sofifa.net/flags/de.png,-,-,Medium,Medium,61,50,72,70,75,73,76,35,65,73,42,67,71,58,68,74,68,55,66,75,65,71,68,74,73,64,72,75,67,71,32,74,77,76,73,10,14,12,13,13,64,66,66,66,66,66,69,70,73,70,75,75,75,75,75,75,21,B. Schmitz,75,75,5500000,27,1913,RB,Germany,Defender,Rotation 70-77,Defender / Rotation 70-77
S. Banza,Simon Banza,75,78,7500000,ST,ST,France,https://cdn.sofifa.net/players/231/652/23_60.png,25,189,77,1759,378,SC Braga,15000,15600000,ST,2027,23,2022,-,Right,2,3,1,-,https://cdn.sofifa.net/flags/fr.png,-,-,High,Low,69,74,54,74,31,76,34,76,75,64,72,73,54,52,52,78,70,69,68,76,66,74,80,73,80,71,67,17,77,60,67,70,42,19,18,8,7,9,5,6,77,69,73,73,73,69,72,69,65,69,50,52,50,48,49,48,16,S. Banza,75,78,7500000,25,1759,ST,France,Forward,Rotation 70-77,Forward / Rotation 70-77
J. Guilavogui,Josuha Guilavogui,75,75,3900000,"CDM,CB",CB,France,https://cdn.sofifa.net/players/198/118/23_60.png,31,188,77,1916,412,VfL Wolfsburg,35000,6600000,SUB,2023,29,2016,-,Right,3,2,2,-,https://cdn.sofifa.net/flags/fr.png,-,-,Medium,High,68,59,64,65,76,80,52,49,79,73,49,63,42,53,70,70,61,74,55,73,52,77,79,79,81,66,78,80,61,65,50,74,77,73,74,14,8,14,10,15,68,64,66,66,66,64,68,67,72,67,73,75,73,74,75,74,21,J. Guilavogui,75,75,3900000,31,1916,CB,France,Defender,Rotation 70-77,Defender / Rotation 70-77
Edu Expósito,Eduardo Expósito Jaén,75,78,7500000,"CAM,CM,CDM",CM,Spain,https://cdn.sofifa.net/players/229/862/23_60.png,25,178,68,2033,428,RCD Espanyol de Barcelona,17000,16300000,CM,2027,20,2022,-,Right,5,3,1,-,https://cdn.sofifa.net/flags/es.png,-,-,Medium,High,64,73,75,75,72,69,65,72,53,79,58,75,74,63,78,77,66,63,75,75,74,76,55,76,65,77,75,74,72,78,70,73,74,75,73,9,15,8,6,8,73,73,74,74,74,73,77,75,78,75,75,78,75,74,73,74,19,Edu Expósito,75,78,7500000,25,2033,CM,Spain,Midfield,Rotation 70-77,Midfield / Rotation 70-77
T. Livramento,Tino Livramento,75,85,11500000,"RB,RWB",RB,England,https://cdn.sofifa.net/players/262/118/23_60.png,19,181,71,1865,406,Southampton,22000,24200000,SUB,2026,21,2021,-,Right,4,2,1,-,https://cdn.sofifa.net/flags/gb-eng.png,-,-,High,Medium,83,47,65,74,70,67,68,47,55,73,41,74,64,51,57,72,82,83,78,73,79,47,66,76,62,46,70,75,60,57,41,66,67,74,71,10,12,8,13,13,63,68,65,65,65,68,69,71,69,71,75,72,75,75,71,75,21,T. Livramento,75,85,11500000,19,1865,RB,England,Defender,Rotation 70-77,Defender / Rotation 70-77
C. Taylor,Charlie Taylor,75,75,5000000,LB,LB,England,https://cdn.sofifa.net/players/204/760/23_60.png,28,185,70,1946,415,Burnley,38000,9500000,CB,2024,3,2017,-,Left,2,3,1,-,https://cdn.sofifa.net/flags/gb-eng.png,-,-,High,High,69,52,70,72,74,78,74,46,71,72,43,74,69,61,68,72,67,71,67,72,66,63,76,76,78,59,80,74,59,65,45,74,74,75,75,13,6,14,13,8,66,67,66,66,66,67,69,71,71,71,75,75,75,75,75,75,19,C. Taylor,75,75,5000000,28,1946,LB,England,Defender,Rotation 70-77,Defender / Rotation 70-77
N. Höfler,Nicolas Höfler,75,75,3700000,"CDM,CM",CDM,Germany,https://cdn.sofifa.net/players/199/897/23_60.png,32,181,79,1849,391,Sport-Club Freiburg,23000,6300000,CDM,2026,27,2010,-,Right,3,2,2,-,https://cdn.sofifa.net/flags/de.png,-,-,Medium,Medium,62,47,66,68,74,74,54,41,62,77,40,65,53,50,69,68,54,68,67,75,75,58,84,80,72,49,69,78,53,66,50,75,73,75,73,6,13,13,10,9,61,62,62,62,62,62,67,66,71,66,73,75,73,73,75,73,19,N. Höfler,75,75,3700000,32,1849,CDM,Germany,Midfield,Rotation 70-77,Midfield / Rotation 70-77
C. Guanca,Cristian Guanca,75,75,5500000,"CAM,RW,ST",CAM,Argentina,https://cdn.sofifa.net/players/227/785/23_60.png,29,175,72,1901,407,Al Shabab,33000,9400000,SUB,2025,8,2019,-,Left,3,3,1,-,https://cdn.sofifa.net/flags/ar.png,-,-,High,Low,76,74,72,75,40,70,74,76,63,74,64,76,66,64,69,75,77,76,79,73,69,74,68,80,71,75,54,41,75,73,57,72,38,35,33,9,12,7,8,16,75,75,75,75,75,75,75,75,72,75,63,60,63,59,53,59,20,C. Guanca,75,75,5500000,29,1901,CAM,Argentina,Midfield,Rotation 70-77,Midfield / Rotation 70-77
Aguado,Álvaro Aguado Méndez,75,78,7500000,"CM,CAM,CDM",CM,Spain,https://cdn.sofifa.net/players/242/336/23_60.png,26,175,71,1943,415,Real Valladolid CF,22000,16300000,SUB,2023,6,2019,-,Right,3,3,1,-,https://cdn.sofifa.net/flags/es.png,-,-,High,Medium,75,70,73,74,62,61,69,75,53,78,68,72,72,52,75,76,76,75,78,71,76,58,59,90,53,74,45,66,68,74,55,74,56,70,60,12,12,8,6,11,71,74,72,72,72,74,76,76,77,76,73,71,73,72,64,72,19,Aguado,75,78,7500000,26,1943,CM,Spain,Midfield,Rotation 70-77,Midfield / Rotation 70-77
K. Hause,Kortney Hause,75,77,6000000,CB,CB,England,https://cdn.sofifa.net/players/210/635/23_60.png,26,191,77,1728,375,Watford,58000,0,SUB,2023,30,2019,TRUE,Left,2,2,1,-,https://cdn.sofifa.net/flags/gb-eng.png,-,-,Low,Medium,59,45,60,59,74,78,58,35,75,69,31,54,36,26,65,67,53,64,53,69,53,70,87,58,88,50,78,72,32,56,40,60,74,74,72,15,16,14,10,14,58,55,55,55,55,55,59,59,64,59,68,72,68,70,77,70,22,K. Hause,75,77,6000000,26,1728,CB,England,Defender,Rotation 70-77,Defender / Rotation 70-77
L. Miranda,Leonel Miranda,75,75,5500000,"CM,CDM",CM,Argentina,https://cdn.sofifa.net/players/214/988/23_60.png,28,173,70,2046,430,Racing Club,19000,8300000,CM,2023,19,2020,-,Right,3,3,1,-,https://cdn.sofifa.net/flags/ar.png,-,-,Medium,High,76,67,75,76,67,69,70,64,57,80,67,74,79,67,73,77,78,75,80,73,81,74,58,86,62,67,70,70,71,76,60,75,70,68,60,14,11,15,9,10,72,74,73,73,73,74,75,75,75,75,75,75,75,73,69,73,20,L. Miranda,75,75,5500000,28,2046,CM,Argentina,Midfield,Rotation 70-77,Midfield / Rotation 70-77
K. Adeyemi,Karim Adeyemi,75,87,13500000,ST,ST,Germany,https://cdn.sofifa.net/players/251/852/23_60.png,20,177,75,1900,407,Borussia Dortmund,31000,25700000,RM,2027,27,2022,-,Left,3,4,1,-,https://cdn.sofifa.net/flags/de.png,-,-,High,Medium,93,76,66,78,24,70,63,77,62,69,71,78,67,62,64,75,94,92,88,68,81,76,88,74,74,75,51,23,75,68,73,73,18,19,25,12,12,7,12,7,77,76,76,76,76,76,76,76,68,76,56,51,56,53,45,53,19,K. Adeyemi,75,87,13500000,20,1900,ST,Germany,Forward,Rotation 70-77,Forward / Rotation 70-77
Rubén Pérez,Rubén Salvador Pérez del Mármol,75,75,2800000,"CDM,CM",CDM,Spain,https://cdn.sofifa.net/players/190/156/23_60.png,33,178,72,1885,393,Panathinaikos FC,850,6200000,CM,2023,4,2021,-,Right,3,2,1,-,https://cdn.sofifa.net/flags/es.png,-,-,Medium,Medium,50,63,69,65,72,74,52,58,56,76,26,62,55,57,76,71,52,48,59,71,63,80,73,73,72,67,80,80,72,75,60,71,70,73,72,11,8,13,9,15,67,64,67,67,67,64,71,68,75,68,70,75,70,70,74,70,19,Rubén Pérez,75,75,2800000,33,1885,CDM,Spain,Midfield,Rotation 70-77,Midfield / Rotation 70-77
Rodrigo Ely,Rodrigo Ely,75,75,4800000,CB,CB,Brazil,https://cdn.sofifa.net/players/202/445/23_60.png,28,188,83,1447,323,Unión Deportiva Almería,23000,10600000,CB,2024,19,2022,-,Right,2,2,1,-,https://cdn.sofifa.net/flags/br.png,-,-,Medium,High,48,31,44,53,75,72,34,22,74,66,15,50,20,18,54,59,44,51,46,71,31,52,74,34,90,36,75,73,22,22,35,62,75,77,75,13,10,9,9,11,50,45,45,45,45,45,48,48,53,48,62,68,62,65,75,65,19,Rodrigo Ely,75,75,4800000,28,1447,CB,Brazil,Defender,Rotation 70-77,Defender / Rotation 70-77
S. Bell,Stefan Bell,75,75,4600000,CB,CB,Germany,https://cdn.sofifa.net/players/198/352/23_60.png,30,192,88,1574,339,1. FSV Mainz 05,23000,7800000,CB,2023,16,2010,-,Right,2,2,2,-,https://cdn.sofifa.net/flags/de.png,-,-,Low,Medium,45,38,54,49,78,75,43,31,85,64,32,47,33,40,66,50,33,55,34,76,34,64,75,55,87,30,72,75,32,47,31,76,81,77,67,7,16,8,13,14,54,46,49,49,49,46,51,52,59,52,64,71,64,67,75,67,21,S. Bell,75,75,4600000,30,1574,CB,Germany,Defender,Rotation 70-77,Defender / Rotation 70-77
F. Uduokhai,Felix Uduokhai,75,79,7000000,CB,CB,Germany,https://cdn.sofifa.net/players/232/144/23_60.png,24,193,89,1664,369,FC Augsburg,20000,13100000,SUB,2024,19,2020,-,Left,3,2,2,-,https://cdn.sofifa.net/flags/de.png,-,-,Medium,Medium,67,39,53,59,77,74,35,33,78,70,18,49,34,31,59,66,66,68,66,75,63,62,65,63,82,35,68,76,35,49,38,72,75,79,77,6,10,10,9,14,58,53,55,55,55,53,58,57,62,57,69,73,69,71,77,71,19,F. Uduokhai,75,79,7000000,24,1664,CB,Germany,Defender,Rotation 70-77,Defender / Rotation 70-77
Marcano,Iván Marcano Sierra,75,75,1500000,CB,CB,Spain,https://cdn.sofifa.net/players/173/521/23_60.png,35,190,78,1710,364,FC Porto,9000,3000000,SUB,2023,5,2019,-,Left,3,2,3,-,https://cdn.sofifa.net/flags/es.png,-,-,Low,Medium,50,46,60,58,78,72,49,43,78,75,34,54,39,37,68,64,52,49,52,67,56,65,80,62,74,42,78,77,30,48,45,71,81,75,75,8,16,7,14,16,58,53,54,54,54,53,59,59,65,59,69,75,69,71,75,71,22,Marcano,75,75,1500000,35,1710,CB,Spain,Defender,Rotation 70-77,Defender / Rotation 70-77
O. Kukoč,Ozzie Kukoč,75,82,11500000,"RM,RB",RM,England,https://cdn.sofifa.net/players/269/778/23_60.png,22,174,61,1928,414,AFC Richmond,37000,24200000,SUB,2023,7,2019,-,Right,3,3,1,-,https://cdn.sofifa.net/flags/gb-eng.png,-,-,High,Medium,80,61,73,75,67,58,76,61,52,76,53,75,67,53,72,77,82,78,76,68,82,66,59,73,57,58,42,71,73,71,58,65,66,70,65,13,6,9,12,11,69,73,72,72,72,73,75,76,74,76,74,71,74,73,66,73,19,O. Kukoč,75,82,11500000,22,1928,RM,England,Midfield,Rotation 70-77,Midfield / Rotation 70-77
Jesus Andradaldo,Jesus Fabrício Andrade Simões,75,75,4800000,RB,RB,Brazil,https://cdn.sofifa.net/players/230/354/23_60.png,30,177,73,1937,404,Cuiabá,15000,9100000,CB,2025,16,2022,-,Right,3,3,1,-,https://cdn.sofifa.net/flags/br.png,-,-,Medium,Medium,71,46,67,73,75,72,68,36,75,76,54,75,65,49,67,69,68,73,78,68,72,56,82,76,64,55,82,73,58,56,48,67,75,74,77,13,10,17,13,15,63,65,63,63,63,65,67,69,70,69,75,74,75,75,75,75,21,Jesus Andradaldo,75,75,4800000,30,1937,RB,Brazil,Defender,Rotation 70-77,Defender / Rotation 70-77
J. Cabot,Jimmy Cabot,75,75,5500000,"RM,RWB",RM,France,https://cdn.sofifa.net/players/212/947/23_60.png,28,164,64,1894,411,Racing Club de Lens,30000,10500000,SUB,2026,19,2022,-,Right,3,3,1,-,https://cdn.sofifa.net/flags/fr.png,-,-,High,Medium,88,67,65,78,52,61,70,70,40,70,54,78,60,51,61,75,86,90,87,70,92,65,69,83,54,66,47,54,69,59,53,68,53,55,51,14,12,8,14,14,70,74,72,72,72,74,73,75,70,75,69,64,69,67,57,67,21,J. Cabot,75,75,5500000,28,1894,RM,France,Midfield,Rotation 70-77,Midfield / Rotation 70-77
Rubens Freitosa,Rubens Jairo Freitosa Costa,75,75,1800000,CM,CM,Brazil,https://cdn.sofifa.net/players/230/355/23_60.png,38,174,75,1957,416,Club Athletico Paranaense,11000,3400000,CM,2025,28,2022,-,Right,4,2,1,-,https://cdn.sofifa.net/flags/br.png,-,-,Medium,Medium,64,64,73,71,68,76,65,63,62,79,48,71,73,65,75,76,60,68,54,77,72,66,64,88,72,69,74,71,73,72,61,71,70,70,59,6,10,6,7,11,71,70,71,71,71,70,74,74,75,74,74,75,74,72,72,72,18,Rubens Freitosa,75,75,1800000,38,1957,CM,Brazil,Midfield,Rotation 70-77,Midfield / Rotation 70-77
Bernard,Bernard Anício Caldeira Duarte,75,75,5500000,LW,LW,Brazil,https://cdn.sofifa.net/players/205/525/23_60.png,29,164,60,1853,378,Panathinaikos FC,1000,12100000,SUB,2024,10,2022,-,Right,4,4,2,-,https://cdn.sofifa.net/flags/br.png,-,-,Medium,Medium,79,67,72,81,39,40,72,64,59,73,68,81,77,69,66,78,87,73,93,74,94,76,61,54,30,66,41,42,72,72,61,72,31,42,25,6,11,13,10,12,71,75,74,74,74,75,75,75,71,75,60,56,60,57,47,57,19,Bernard,75,75,5500000,29,1853,LW,Brazil,Forward,Rotation 70-77,Forward / Rotation 70-77
E. Le Fée,Enzo Le Fée,75,82,11500000,"CM,CAM,RM",CM,France,https://cdn.sofifa.net/players/246/350/23_60.png,22,170,58,1844,373,FC Lorient,16000,25300000,CM,2024,10,2018,-,Right,3,4,1,-,https://cdn.sofifa.net/flags/fr.png,-,-,Medium,Medium,59,54,76,78,59,47,68,49,45,81,51,77,68,68,79,81,57,60,68,72,89,56,62,63,36,56,50,63,75,78,55,76,56,65,60,8,11,14,13,10,64,70,70,70,70,70,75,74,77,74,69,70,69,67,61,67,19,E. Le Fée,75,82,11500000,22,1844,CM,France,Midfield,Rotation 70-77,Midfield / Rotation 70-77
Fran García,Francisco José García Torres,75,83,12000000,"LB,LM",LWB,Spain,https://cdn.sofifa.net/players/246/606/23_60.png,22,167,69,1874,411,Rayo Vallecano,15000,27600000,LB,2025,3,2021,-,Left,3,3,1,-,https://cdn.sofifa.net/flags/es.png,-,-,High,Medium,89,49,66,76,68,63,73,42,55,73,39,76,66,36,60,73,90,89,83,68,91,63,61,78,56,53,63,70,60,60,39,66,63,75,72,9,6,12,9,11,64,70,67,67,67,70,70,73,69,73,76,71,76,75,69,75,17,Fran García,75,83,12000000,22,1874,LWB,Spain,Defender,Rotation 70-77,Defender / Rotation 70-77
A. Pieper,Amos Pieper,75,79,7000000,CB,CB,Germany,https://cdn.sofifa.net/players/246/836/23_60.png,24,191,84,1616,357,SV Werder Bremen,18000,13100000,CB,2022,5,2022,-,Right,3,2,1,-,https://cdn.sofifa.net/flags/de.png,-,-,Medium,Medium,65,32,53,55,78,74,37,27,73,69,26,48,30,35,58,61,60,69,48,75,49,50,64,76,77,23,66,75,31,48,52,72,79,80,76,12,12,10,9,11,53,50,51,51,51,50,54,56,61,56,70,73,70,72,77,72,20,A. Pieper,75,79,7000000,24,1616,CB,Germany,Defender,Rotation 70-77,Defender / Rotation 70-77
J. Ramsey,Jacob Ramsey,75,85,12500000,"CM,CAM",CAM,England,https://cdn.sofifa.net/players/246/923/23_60.png,21,180,72,2040,439,Aston Villa,47000,26300000,CM,2027,41,2017,-,Right,4,3,1,-,https://cdn.sofifa.net/flags/gb-eng.png,-,-,High,Medium,75,74,71,78,67,74,64,76,56,78,59,78,70,54,69,77,76,75,78,76,84,79,77,79,74,73,68,69,75,73,53,76,64,73,64,14,9,8,6,12,76,75,76,76,76,75,78,77,77,77,74,74,74,73,71,73,19,J. Ramsey,75,85,12500000,21,2040,CAM,England,Midfield,Rotation 70-77,Midfield / Rotation 70-77
Fran Navarro,Francisco José Navarro Aliaga,75,80,8500000,ST,ST,Spain,https://cdn.sofifa.net/players/247/138/23_60.png,24,179,71,1803,387,Gil Vicente FC,12000,18500000,ST,2024,9,2021,-,Right,3,3,1,-,https://cdn.sofifa.net/flags/es.png,-,-,High,Medium,68,75,53,72,41,78,41,76,74,68,73,72,52,49,45,75,66,69,68,76,64,79,78,80,78,70,73,37,77,48,72,74,38,37,33,7,8,5,8,7,77,68,71,71,71,68,70,69,65,69,57,57,57,55,56,55,17,Fran Navarro,75,80,8500000,24,1803,ST,Spain,Forward,Rotation 70-77,Forward / Rotation 70-77
A. Palavecino,Agustín Palavecino,75,76,6500000,"CM,CAM",CAM,Argentina,https://cdn.sofifa.net/players/247/450/23_60.png,25,179,74,2044,431,River Plate,16000,9600000,SUB,2024,8,2021,-,Right,3,4,1,-,https://cdn.sofifa.net/flags/ar.png,-,-,Medium,Low,77,72,76,79,63,64,73,68,53,76,57,80,75,73,75,79,82,73,81,74,75,79,56,68,61,78,70,64,73,81,66,76,57,70,67,11,15,14,11,9,74,76,76,76,76,76,76,76,76,76,73,72,73,71,67,71,20,A. Palavecino,75,76,6500000,25,2044,CAM,Argentina,Midfield,Rotation 70-77,Midfield / Rotation 70-77
Moncayola,Jon Moncayola Tollar,75,81,9000000,"CM,CDM",CM,Spain,https://cdn.sofifa.net/players/247/495/23_60.png,24,189,86,1910,411,CA Osasuna,22000,20700000,CM,2031,7,2017,-,Right,4,3,1,-,https://cdn.sofifa.net/flags/es.png,-,-,Medium,High,62,65,73,71,73,67,66,67,50,79,50,70,56,49,77,73,63,62,67,76,65,65,51,70,64,66,73,77,74,77,49,73,70,79,75,7,7,11,11,14,69,71,71,71,71,71,75,73,77,73,74,77,74,74,73,74,19,Moncayola,75,81,9000000,24,1910,CM,Spain,Midfield,Rotation 70-77,Midfield / Rotation 70-77
Jean Lucas,Jean Lucas de Souza Oliveira,75,80,8500000,"CM,CDM,CAM",CM,Brazil,https://cdn.sofifa.net/players/251/217/23_60.png,24,181,78,2007,432,AS Monaco,36000,16800000,SUB,2026,11,2021,-,Right,3,3,1,-,https://cdn.sofifa.net/flags/br.png,-,-,High,Medium,74,69,73,75,68,73,70,66,62,77,58,76,72,56,75,76,75,73,74,73,71,77,55,78,72,74,73,68,75,73,47,75,66,72,66,12,7,14,13,11,74,74,74,74,74,74,76,76,77,76,74,75,74,73,71,73,20,Jean Lucas,75,80,8500000,24,2007,CM,Brazil,Midfield,Rotation 70-77,Midfield / Rotation 70-77
Samuel Lino,Samuel Dias Lino,75,83,12500000,"LM,ST,RM",LM,Brazil,https://cdn.sofifa.net/players/251/445/23_60.png,22,178,66,1811,389,Valencia CF,36000,0,LM,2023,16,2022,TRUE,Right,3,3,1,-,https://cdn.sofifa.net/flags/br.png,-,-,High,Medium,81,71,67,76,30,64,62,74,58,74,62,76,58,46,65,76,84,79,79,76,78,74,59,84,58,63,53,40,73,69,72,71,22,22,25,12,9,14,9,6,74,74,74,74,74,74,76,76,71,76,59,56,59,55,46,55,19,Samuel Lino,75,83,12500000,22,1811,LM,Brazil,Midfield,Rotation 70-77,Midfield / Rotation 70-77
A. Velasco,Alan Velasco,75,85,12000000,"LM,LW,CAM",CAM,Argentina,https://cdn.sofifa.net/players/252/238/23_60.png,19,167,63,1954,416,FC Dallas,5000,20400000,LM,2025,20,2022,-,Right,4,4,1,-,https://cdn.sofifa.net/flags/ar.png,-,-,High,Medium,83,68,70,81,53,61,70,65,55,70,59,82,75,67,68,77,87,79,91,71,90,73,57,73,52,72,69,52,72,71,56,81,45,60,52,8,7,12,10,7,72,75,74,74,74,75,76,76,73,76,68,65,68,66,59,66,17,A. Velasco,75,85,12000000,19,1954,CAM,Argentina,Midfield,Rotation 70-77,Midfield / Rotation 70-77
L. Thomas,Luke Thomas,75,80,8000000,"LB,LWB",LB,England,https://cdn.sofifa.net/players/254/470/23_60.png,21,177,68,1853,396,Leicester City,41000,15800000,SUB,2024,33,2017,-,Left,2,2,1,-,https://cdn.sofifa.net/flags/gb-eng.png,-,-,High,High,75,42,66,71,71,71,70,39,61,69,47,71,60,49,66,70,77,74,69,72,74,44,72,82,65,39,70,76,69,62,40,67,69,72,73,12,7,10,11,12,62,66,64,64,64,66,67,71,70,71,75,73,75,75,72,75,19,L. Thomas,75,80,8000000,21,1853,LB,England,Defender,Rotation 70-77,Defender / Rotation 70-77
Vítor Tormena,Vítor Tormena de Farias,75,78,6500000,CB,CB,Brazil,https://cdn.sofifa.net/players/246/098/23_60.png,26,192,84,1600,361,SC Braga,13000,13500000,CB,2024,3,2019,-,Right,2,2,1,-,https://cdn.sofifa.net/flags/br.png,-,-,Medium,Medium,53,36,58,60,77,77,66,28,77,70,26,58,43,25,63,68,54,53,39,72,41,56,32,70,86,32,74,74,43,39,41,73,78,77,76,8,5,12,8,6,57,54,54,54,54,54,56,60,63,60,72,73,72,73,77,73,16,Vítor Tormena,75,78,6500000,26,1600,CB,Brazil,Defender,Rotation 70-77,Defender / Rotation 70-77
Riqui Puig,Ricard Puig Martí,75,83,12500000,CM,CAM,Spain,https://cdn.sofifa.net/players/242/816/23_60.png,22,169,56,1878,389,LA Galaxy,8000,21300000,CM,2025,6,2022,-,Right,3,3,1,-,https://cdn.sofifa.net/flags/es.png,-,-,Medium,Medium,65,64,73,80,58,49,60,63,49,80,56,80,66,51,77,80,68,63,82,73,85,66,55,65,33,68,65,61,64,80,55,77,53,65,53,12,15,14,12,9,67,72,72,72,72,72,77,74,77,74,68,69,68,66,60,66,21,Riqui Puig,75,83,12500000,22,1878,CAM,Spain,Midfield,Rotation 70-77,Midfield / Rotation 70-77
L. Balerdi,Leonardo Balerdi,75,81,8000000,CB,CB,Argentina,https://cdn.sofifa.net/players/242/835/23_60.png,23,187,76,1707,375,Olympique de Marseille,26000,16800000,SUB,2026,5,2021,-,Right,3,2,1,-,https://cdn.sofifa.net/flags/ar.png,-,-,Medium,Medium,68,36,57,64,75,75,42,29,77,75,29,60,39,30,70,69,64,72,64,69,56,55,74,68,78,31,76,72,33,43,47,67,75,77,75,6,8,15,15,14,57,55,55,55,55,55,59,60,64,60,70,74,70,72,77,72,19,L. Balerdi,75,81,8000000,23,1707,CB,Argentina,Defender,Rotation 70-77,Defender / Rotation 70-77
A. Gordon,Anthony Gordon,75,84,12500000,"LM,RM",RM,England,https://cdn.sofifa.net/players/242/964/23_60.png,21,182,74,1829,395,Everton,26000,26300000,RM,2025,10,2017,-,Right,3,3,1,-,https://cdn.sofifa.net/flags/gb-eng.png,-,-,High,Medium,80,69,72,75,37,62,75,68,49,73,48,77,76,75,67,76,78,82,73,68,68,74,58,75,56,71,62,31,68,69,65,65,34,40,33,5,6,14,7,8,71,74,72,72,72,74,74,76,70,76,61,58,61,58,49,58,16,A. Gordon,75,84,12500000,21,1829,RM,England,Midfield,Rotation 70-77,Midfield / Rotation 70-77
Y. Adli,Yacine Adli,75,82,11500000,"CM,CAM",CAM,France,https://cdn.sofifa.net/players/243/627/23_60.png,21,186,78,2005,422,AC Milan,37000,21900000,RES,2026,7,2021,-,Right,3,3,1,-,https://cdn.sofifa.net/flags/fr.png,-,-,High,Medium,66,70,76,75,66,69,72,66,62,77,62,76,71,74,77,77,65,67,69,75,59,77,64,74,68,75,65,69,74,78,60,76,66,68,59,14,12,9,10,14,73,73,74,74,74,73,77,76,77,76,72,74,72,71,69,71,21,Y. Adli,75,82,11500000,21,2005,CAM,France,Midfield,Rotation 70-77,Midfield / Rotation 70-77
D. Spence,Djed Spence,75,84,12000000,"RWB,RB",RWB,England,https://cdn.sofifa.net/players/243/702/23_60.png,21,184,71,1715,394,Tottenham Hotspur,44000,25200000,SUB,2027,24,2022,-,Right,3,3,1,-,https://cdn.sofifa.net/flags/gb-eng.png,-,-,High,High,89,43,58,74,67,63,71,38,48,68,27,77,49,28,47,71,87,90,79,73,66,54,60,78,63,45,46,70,50,44,37,65,67,73,64,13,8,7,11,6,60,66,63,63,63,66,65,70,64,70,75,67,75,74,67,74,18,D. Spence,75,84,12000000,21,1715,RWB,England,Defender,Rotation 70-77,Defender / Rotation 70-77
N. Pérez,Nehuén Pérez,75,82,10500000,CB,CB,Argentina,https://cdn.sofifa.net/players/244/206/23_60.png,22,186,75,1522,331,Udinese Calcio,13000,20000000,CB,2027,18,2022,-,Right,3,2,1,-,https://cdn.sofifa.net/flags/ar.png,-,-,Medium,High,57,25,47,51,77,74,21,21,74,69,22,39,21,32,60,61,60,55,48,75,55,42,77,69,75,16,79,77,26,36,40,70,77,78,77,9,8,8,9,6,49,44,46,46,46,44,50,51,58,51,66,72,66,69,77,69,17,N. Pérez,75,82,10500000,22,1522,CB,Argentina,Defender,Rotation 70-77,Defender / Rotation 70-77
G. Rutter,Georginio Rutter,75,85,12500000,ST,ST,France,https://cdn.sofifa.net/players/245/637/23_60.png,20,182,83,1745,375,TSG Hoffenheim,25000,23800000,ST,2026,33,2021,-,Left,5,4,1,-,https://cdn.sofifa.net/flags/fr.png,-,-,Medium,Medium,77,74,59,77,24,64,52,77,73,66,68,78,56,45,51,76,76,78,77,72,79,74,76,66,73,69,35,12,76,62,68,69,17,26,17,6,10,14,10,10,77,72,74,74,74,72,73,72,64,72,51,47,51,48,43,48,18,G. Rutter,75,85,12500000,20,1745,ST,France,Forward,Rotation 70-77,Forward / Rotation 70-77
F. Pizzini,Francisco Pizzini,75,75,5500000,"RM,LM",RM,Argentina,https://cdn.sofifa.net/players/214/971/23_60.png,28,178,75,1875,405,Club Atlético Talleres,16000,8300000,SUB,2025,28,2022,-,Right,3,4,1,-,https://cdn.sofifa.net/flags/ar.png,-,-,High,Medium,80,69,72,78,40,66,71,69,60,75,59,79,79,58,71,75,81,80,82,70,79,69,57,70,69,71,54,38,69,71,63,78,39,37,32,7,11,10,9,11,73,74,73,73,73,74,75,75,71,75,62,59,62,58,52,58,18,F. Pizzini,75,75,5500000,28,1875,RM,Argentina,Midfield,Rotation 70-77,Midfield / Rotation 70-77
J. Martin,Jonas Martin,75,75,4400000,"CM,CDM",CM,France,https://cdn.sofifa.net/players/197/813/23_60.png,32,184,77,2021,420,LOSC Lille,29000,8400000,SUB,2024,8,2022,-,Right,4,3,2,-,https://cdn.sofifa.net/flags/fr.png,-,-,Medium,Medium,58,67,76,75,71,73,72,64,59,78,63,75,75,66,77,78,56,59,68,78,68,72,61,75,73,69,73,72,69,76,76,79,72,73,68,8,8,14,15,11,71,71,72,72,72,71,75,74,75,74,74,75,74,73,73,73,20,J. Martin,75,75,4400000,32,2021,CM,France,Midfield,Rotation 70-77,Midfield / Rotation 70-77
L. Waldschmidt,Luca Waldschmidt,75,78,7500000,"CF,ST",CAM,Germany,https://cdn.sofifa.net/players/220/085/23_60.png,26,181,74,1857,382,VfL Wolfsburg,42000,13300000,CAM,2025,7,2021,-,Left,3,3,1,-,https://cdn.sofifa.net/flags/de.png,-,-,High,Medium,68,78,70,76,29,61,63,77,59,74,71,76,73,63,65,75,77,60,78,75,77,81,66,69,64,80,44,28,78,75,83,72,33,19,18,14,10,7,9,16,76,74,75,75,75,74,77,75,71,75,55,54,55,51,44,51,21,L. Waldschmidt,75,78,7500000,26,1857,CAM,Germany,Midfield,Rotation 70-77,Midfield / Rotation 70-77
Unai López,Unai López Cabrera,75,78,7500000,"CM,CDM,CAM",CAM,Spain,https://cdn.sofifa.net/players/222/390/23_60.png,26,170,69,2063,430,Rayo Vallecano,19000,16300000,SUB,2024,17,2021,-,Right,3,3,1,-,https://cdn.sofifa.net/flags/es.png,-,-,High,Medium,71,70,77,76,67,69,73,71,51,82,55,72,75,79,76,78,73,69,84,75,88,76,77,78,62,70,72,71,68,74,54,73,69,70,59,9,13,12,13,15,72,74,73,73,73,74,77,76,77,76,74,75,74,73,70,73,21,Unai López,75,78,7500000,26,2063,CAM,Spain,Midfield,Rotation 70-77,Midfield / Rotation 70-77
Álvaro,Álvaro González Soberón,75,75,3600000,CB,CB,Spain,https://cdn.sofifa.net/players/202/935/23_60.png,32,182,75,1706,359,Al Nassr,32000,6100000,CB,2024,21,2022,-,Right,2,2,2,-,https://cdn.sofifa.net/flags/es.png,-,-,Medium,High,59,34,58,55,74,79,51,22,72,73,31,49,47,42,67,60,62,57,52,71,70,65,84,70,82,25,83,73,45,39,36,61,72,77,76,8,13,12,12,8,55,51,52,52,52,51,55,58,62,58,69,73,69,71,75,71,19,Álvaro,75,75,3600000,32,1706,CB,Spain,Defender,Rotation 70-77,Defender / Rotation 70-77
Samu Castillejo,Samuel Castillejo Azuaga,75,75,6000000,"RM,LM",RM,Spain,https://cdn.sofifa.net/players/210/617/23_60.png,27,182,67,1879,393,Valencia CF,30000,12600000,RM,2025,11,2022,-,Left,2,4,2,-,https://cdn.sofifa.net/flags/es.png,-,-,High,Medium,79,67,72,80,43,52,73,65,43,74,58,80,75,69,69,80,82,77,92,71,82,72,60,62,48,69,48,50,71,71,59,70,45,43,25,13,16,15,8,14,70,75,73,73,73,75,75,75,72,75,63,61,63,59,51,59,21,Samu Castillejo,75,75,6000000,27,1879,RM,Spain,Midfield,Rotation 70-77,Midfield / Rotation 70-77
C. Lema,Cristian Lema,75,75,3600000,CB,CB,Argentina,https://cdn.sofifa.net/players/215/228/23_60.png,32,191,93,1676,343,Newell's Old Boys,14000,5400000,CB,2022,2,2021,-,Right,2,2,1,-,https://cdn.sofifa.net/flags/ar.png,-,-,Low,High,35,53,56,41,76,82,36,47,86,66,37,32,61,64,64,51,35,35,31,63,33,76,60,66,91,43,85,72,53,49,69,66,76,76,70,11,8,7,14,9,59,45,50,50,50,45,52,50,60,50,61,70,61,64,75,64,18,C. Lema,75,75,3600000,32,1676,CB,Argentina,Defender,Rotation 70-77,Defender / Rotation 70-77
José Callejón,José María Callejón Bueno,75,75,2300000,"RM,ST",RM,Spain,https://cdn.sofifa.net/players/185/020/23_60.png,35,178,73,1942,405,Granada CF,9000,3700000,ST,2023,9,2022,-,Right,4,3,3,-,https://cdn.sofifa.net/flags/es.png,-,-,Medium,Medium,75,72,75,77,48,58,79,70,65,78,84,74,74,65,60,79,74,75,82,68,80,78,70,65,55,70,54,54,76,78,62,79,60,32,32,8,5,14,11,11,75,75,75,75,75,75,75,75,73,75,66,63,66,63,57,63,19,José Callejón,75,75,2300000,35,1942,RM,Spain,Midfield,Rotation 70-77,Midfield / Rotation 70-77
M. Sarr,Malang Sarr,75,79,7000000,"CB,LB",CB,France,https://cdn.sofifa.net/players/235/454/23_60.png,23,182,75,1881,402,AS Monaco,61000,0,SUB,2023,23,2020,TRUE,Left,2,2,1,-,https://cdn.sofifa.net/flags/fr.png,-,-,Medium,High,67,52,69,65,75,74,68,53,73,75,37,62,60,59,68,66,65,69,67,73,69,68,77,68,79,40,68,75,59,63,44,75,76,76,75,6,9,14,12,8,66,64,64,64,64,64,66,68,69,68,73,74,73,74,76,74,18,M. Sarr,75,79,7000000,23,1881,CB,France,Defender,Rotation 70-77,Defender / Rotation 70-77
Cote,José Ángel Valdés Díaz,75,75,3900000,LB,LB,Spain,https://cdn.sofifa.net/players/190/143/23_60.png,32,182,77,1952,404,Real Sporting de Gijón,10000,6200000,LB,2024,3,2022,-,Left,3,3,1,-,https://cdn.sofifa.net/flags/es.png,-,-,High,Low,64,54,75,70,74,67,79,46,72,78,42,71,75,71,72,71,64,64,65,76,66,69,68,65,66,59,71,77,69,68,45,70,74,74,71,12,13,10,16,13,67,68,68,68,68,68,71,72,73,72,75,75,75,75,75,75,22,Cote,75,75,3900000,32,1952,LB,Spain,Defender,Rotation 70-77,Defender / Rotation 70-77
Salva Sevilla,Salvador Sevilla López,75,75,1100000,"CDM,CM",CDM,Spain,https://cdn.sofifa.net/players/158/144/23_60.png,38,180,71,1930,391,Deportivo Alavés,8000,1800000,CDM,2023,8,2022,-,Right,3,3,2,-,https://cdn.sofifa.net/flags/es.png,-,-,Medium,Medium,37,72,79,71,70,62,75,67,53,80,56,73,81,83,81,78,41,34,41,72,63,81,32,59,63,79,73,68,64,80,73,69,70,76,74,14,14,9,13,10,68,68,70,70,70,68,74,71,75,71,71,75,71,69,70,69,21,Salva Sevilla,75,75,1100000,38,1930,CDM,Spain,Midfield,Rotation 70-77,Midfield / Rotation 70-77
Danisco Fachini,Daniel Clayton Fachini Lobato,75,75,1900000,CDM,CDM,Brazil,https://cdn.sofifa.net/players/230/336/23_60.png,34,169,68,1843,389,Flamengo,30000,3400000,CDM,2025,14,2022,-,Right,3,2,1,-,https://cdn.sofifa.net/flags/br.png,-,-,Medium,Medium,66,43,67,69,74,70,55,19,67,78,12,66,48,69,76,71,68,65,63,74,77,76,76,79,64,71,71,84,38,55,60,74,69,74,72,11,14,9,6,6,58,60,60,60,60,60,64,65,71,65,74,75,74,74,74,74,18,Danisco Fachini,75,75,1900000,34,1843,CDM,Brazil,Midfield,Rotation 70-77,Midfield / Rotation 70-77
J. Bellegarde,Jean-Ricner Bellegarde,75,80,8500000,"CM,CDM",CM,France,https://cdn.sofifa.net/players/235/456/23_60.png,24,172,70,2026,429,RC Strasbourg Alsace,21000,16800000,CM,2024,17,2019,-,Right,3,3,1,-,https://cdn.sofifa.net/flags/fr.png,-,-,Medium,Medium,78,62,72,76,70,71,64,59,61,77,53,75,57,68,76,76,77,79,82,75,85,69,69,79,68,63,69,70,73,74,55,74,70,74,69,12,15,14,10,9,71,73,72,72,72,73,76,76,76,76,75,76,75,74,72,74,21,J. Bellegarde,75,80,8500000,24,2026,CM,France,Midfield,Rotation 70-77,Midfield / Rotation 70-77
Borja Bastón,Borja González Tomás,75,75,5500000,ST,ST,Spain,https://cdn.sofifa.net/players/194/996/23_60.png,29,186,83,1769,371,Real Oviedo,12000,8800000,ST,2023,9,2021,-,Right,4,3,2,-,https://cdn.sofifa.net/flags/es.png,-,-,Medium,Medium,49,77,63,66,37,79,53,78,79,71,74,62,68,51,55,76,43,54,61,75,34,84,70,69,90,72,65,22,78,69,71,79,44,30,24,6,9,10,9,13,75,67,71,71,71,67,71,68,67,68,53,56,53,50,53,50,19,Borja Bastón,75,75,5500000,29,1769,ST,Spain,Forward,Rotation 70-77,Forward / Rotation 70-77
W. Hughes,Will Hughes,75,76,6500000,"CM,CDM",CM,England,https://cdn.sofifa.net/players/206/516/23_60.png,27,185,74,1918,396,Crystal Palace,46000,12800000,SUB,2024,19,2021,-,Left,3,4,1,-,https://cdn.sofifa.net/flags/gb-eng.png,-,-,Medium,Medium,48,64,77,76,68,63,76,67,58,80,50,77,67,62,76,78,65,34,68,75,67,60,49,72,58,62,70,65,72,80,66,79,69,71,69,7,15,12,9,12,68,72,71,71,71,72,76,75,76,75,72,74,72,70,69,70,20,W. Hughes,75,76,6500000,27,1918,CM,England,Midfield,Rotation 70-77,Midfield / Rotation 70-77
Escudero,Sergio Escudero Palomo,75,75,3900000,"LB,LM",LB,Spain,https://cdn.sofifa.net/players/192/679/23_60.png,32,176,72,2008,417,Real Valladolid CF,20000,8199999,LB,2024,18,2022,-,Left,2,3,1,-,https://cdn.sofifa.net/flags/es.png,-,-,Medium,Medium,67,63,72,70,76,69,74,56,70,74,51,68,69,69,73,73,63,70,69,75,70,80,71,70,66,63,73,76,67,66,66,69,80,75,73,9,15,7,13,14,70,68,69,69,69,68,71,72,73,72,75,75,75,75,75,75,21,Escudero,75,75,3900000,32,2008,LB,Spain,Defender,Rotation 70-77,Defender / Rotation 70-77
Joshuando Sá,Joshua Eduardo Sá Madeira,75,75,5500000,"LB,LWB",LB,Brazil,https://cdn.sofifa.net/players/230/341/23_60.png,26,182,81,1802,394,Santos,23000,10500000,LB,2025,28,2022,-,Left,3,2,1,-,https://cdn.sofifa.net/flags/br.png,-,-,Medium,Medium,73,44,64,65,75,73,74,41,70,72,46,63,51,52,61,68,70,75,61,72,58,44,47,72,76,42,71,74,61,49,53,65,75,76,74,7,10,13,9,15,62,63,61,61,61,63,64,67,66,67,75,73,75,75,75,75,19,Joshuando Sá,75,75,5500000,26,1802,LB,Brazil,Defender,Rotation 70-77,Defender / Rotation 70-77
L. Janson,Lucas Janson,75,75,6000000,"LW,ST",LW,Argentina,https://cdn.sofifa.net/players/215/202/23_60.png,27,171,67,1905,400,Vélez Sarsfield,16000,9000000,LW,2024,11,2019,-,Right,3,4,1,-,https://cdn.sofifa.net/flags/ar.png,-,-,High,Medium,84,72,66,79,36,63,67,75,69,71,68,79,59,53,65,76,86,83,90,67,91,69,84,70,58,71,62,35,77,64,64,73,31,32,33,12,12,8,9,15,75,75,74,74,74,75,75,75,69,75,60,56,60,57,51,57,20,L. Janson,75,75,6000000,27,1905,LW,Argentina,Forward,Rotation 70-77,Forward / Rotation 70-77
L. Tousart,Lucas Tousart,75,80,7500000,"CDM,CM",CB,France,https://cdn.sofifa.net/players/227/234/23_60.png,25,185,83,1893,404,Hertha BSC,24000,14100000,CM,2025,29,2020,-,Right,3,2,2,-,https://cdn.sofifa.net/flags/fr.png,-,-,Medium,High,63,53,64,66,76,82,56,42,73,73,43,65,39,45,71,68,52,72,59,71,66,73,80,83,82,62,82,78,57,60,48,68,75,77,74,11,15,16,10,15,65,62,63,63,63,62,66,66,71,66,73,76,73,74,78,74,21,L. Tousart,75,80,7500000,25,1893,CB,France,Defender,Rotation 70-77,Defender / Rotation 70-77
C. Chambers,Calum Chambers,75,76,5500000,"CB,RB,CDM",CB,England,https://cdn.sofifa.net/players/205/989/23_60.png,27,182,77,1910,407,Aston Villa,58000,10900000,SUB,2025,16,2022,-,Right,3,2,2,-,https://cdn.sofifa.net/flags/gb-eng.png,-,-,Low,High,65,56,69,68,76,73,70,54,73,75,47,66,60,49,70,74,63,66,60,74,66,60,75,62,77,58,77,76,57,64,54,66,76,77,74,11,14,12,7,12,66,66,65,65,65,66,69,69,71,69,74,76,74,74,76,74,20,C. Chambers,75,76,5500000,27,1910,CB,England,Defender,Rotation 70-77,Defender / Rotation 70-77
H. Reed,Harrison Reed,75,77,6000000,"CDM,CM",CDM,England,https://cdn.sofifa.net/players/205/990/23_60.png,27,175,72,1951,414,Fulham,44000,11900000,CDM,2024,6,2020,-,Right,3,3,1,-,https://cdn.sofifa.net/flags/gb-eng.png,-,-,Medium,High,69,57,72,70,72,74,73,53,51,74,40,67,65,61,72,69,76,64,77,74,82,65,65,79,69,63,80,76,63,70,49,70,75,74,71,7,12,14,10,11,65,68,66,66,66,68,71,71,73,71,75,76,75,74,73,74,19,H. Reed,75,77,6000000,27,1951,CDM,England,Midfield,Rotation 70-77,Midfield / Rotation 70-77
Kike García,Enrique García Martínez,75,75,4600000,ST,ST,Spain,https://cdn.sofifa.net/players/192/678/23_60.png,32,186,79,1823,387,CA Osasuna,27000,9700000,SUB,2024,18,2021,-,Right,4,3,1,-,https://cdn.sofifa.net/flags/es.png,-,-,High,Medium,57,76,64,73,44,73,56,77,78,76,76,75,42,60,53,76,58,56,62,75,46,77,74,61,79,75,71,52,81,67,70,80,45,34,21,7,9,8,13,13,75,71,74,74,74,71,74,71,70,71,58,60,58,55,58,55,19,Kike García,75,75,4600000,32,1823,ST,Spain,Forward,Rotation 70-77,Forward / Rotation 70-77
M. Ducksch,Marvin Ducksch,75,75,6000000,ST,ST,Germany,https://cdn.sofifa.net/players/197/031/23_60.png,28,188,79,1855,385,SV Werder Bremen,26000,10800000,ST,2024,7,2021,-,Right,3,3,1,-,https://cdn.sofifa.net/flags/de.png,-,-,High,Medium,70,76,67,69,34,69,67,78,72,72,73,67,77,75,50,74,73,67,65,77,65,78,71,73,73,73,55,31,78,66,68,70,27,35,22,6,12,7,12,16,75,72,73,73,73,72,73,72,67,72,57,55,57,54,50,54,20,M. Ducksch,75,75,6000000,28,1855,ST,Germany,Forward,Rotation 70-77,Forward / Rotation 70-77
M. Wittek,Maximilian Wittek,75,76,6000000,LWB,LWB,Germany,https://cdn.sofifa.net/players/224/423/23_60.png,26,173,70,2061,429,Vitesse,15000,9500000,LM,2024,32,2020,-,Left,3,3,1,-,https://cdn.sofifa.net/flags/de.png,-,-,High,Medium,78,68,69,73,67,74,81,61,58,69,72,72,80,76,63,70,77,78,80,71,85,80,72,85,67,73,77,66,71,58,52,72,65,70,73,15,12,12,13,7,71,71,70,70,70,71,71,73,70,73,75,71,75,74,70,74,20,M. Wittek,75,76,6000000,26,2061,LWB,Germany,Defender,Rotation 70-77,Defender / Rotation 70-77
D. Foulquier,Dimitri Foulquier,75,75,4900000,"RB,CB,RWB",RB,France,https://cdn.sofifa.net/players/203/177/23_60.png,29,183,78,1952,427,Valencia CF,29000,10300000,SUB,2025,20,2021,-,Right,3,3,1,-,https://cdn.sofifa.net/flags/fr.png,-,-,High,Medium,76,63,68,71,72,77,71,63,69,72,49,72,60,40,69,72,75,77,69,74,62,74,74,79,78,56,72,72,72,66,49,68,71,74,73,11,7,6,10,14,72,71,71,71,71,71,72,74,73,74,75,74,75,75,75,75,19,D. Foulquier,75,75,4900000,29,1952,RB,France,Defender,Rotation 70-77,Defender / Rotation 70-77
B. Gomis,Bafétimbi Gomis,75,75,1900000,ST,ST,France,https://cdn.sofifa.net/players/159/145/23_60.png,36,184,86,1742,351,Galatasaray SK,44000,3600000,SUB,2023,18,2022,-,Right,4,3,3,-,https://cdn.sofifa.net/flags/fr.png,-,-,Medium,Low,33,80,68,67,36,67,64,82,84,75,83,69,61,62,54,76,34,33,34,72,35,84,76,33,90,72,52,38,82,73,79,81,22,32,35,14,11,9,9,13,75,67,72,72,72,67,73,68,68,68,52,56,52,50,54,50,21,B. Gomis,75,75,1900000,36,1742,ST,France,Forward,Rotation 70-77,Forward / Rotation 70-77
Júnior Caiçara,Uílson de Souza Paula Júnior,75,75,2900000,RB,RB,Brazil,https://cdn.sofifa.net/players/192/427/23_60.png,33,172,67,2031,422,İstanbul Başakşehir FK,30000,5800000,RB,2024,80,2017,-,Right,4,3,2,-,https://cdn.sofifa.net/flags/br.png,-,-,High,Medium,80,58,72,75,70,67,73,49,54,73,51,76,70,67,72,73,83,77,76,69,87,71,71,83,56,62,73,72,71,69,64,67,72,73,71,16,12,15,14,16,67,71,70,70,70,71,73,75,74,75,75,74,75,75,71,75,23,Júnior Caiçara,75,75,2900000,33,2031,RB,Brazil,Defender,Rotation 70-77,Defender / Rotation 70-77
Gabriel Strefezza,Gabriel Tadeu Strefezza Rebelato,75,78,7500000,RW,CAM,Brazil,https://cdn.sofifa.net/players/235/949/23_60.png,25,168,65,1748,372,Lecce,18000,14100000,RW,2025,27,2021,-,Right,3,3,1,-,https://cdn.sofifa.net/flags/br.png,-,-,High,Medium,82,64,72,77,27,50,72,69,31,77,51,77,68,46,69,75,85,80,89,71,84,57,63,77,36,63,50,29,75,74,54,61,32,20,20,15,15,8,10,6,68,75,73,73,73,75,77,77,71,77,59,54,59,53,40,53,20,Gabriel Strefezza,75,78,7500000,25,1748,CAM,Brazil,Midfield,Rotation 70-77,Midfield / Rotation 70-77
I. Sissoko,Ibrahima Sissoko,75,79,8000000,"CM,CDM,CB",CDM,France,https://cdn.sofifa.net/players/231/089/23_60.png,24,193,90,1916,419,RC Strasbourg Alsace,21000,15800000,SUB,2024,27,2018,-,Right,4,3,1,-,https://cdn.sofifa.net/flags/fr.png,-,-,Medium,Medium,62,60,71,70,72,84,59,53,70,78,49,74,64,49,77,78,61,63,40,76,33,74,67,82,89,64,77,72,73,73,52,74,70,76,71,11,5,14,11,11,71,68,71,71,71,68,73,73,77,73,74,78,74,74,77,74,19,I. Sissoko,75,79,8000000,24,1916,CDM,France,Midfield,Rotation 70-77,Midfield / Rotation 70-77
Moleiro,Alberto Moleiro González,75,90,13000000,"LM,CM,CAM",CAM,Spain,https://cdn.sofifa.net/players/264/388/23_60.png,18,169,67,1851,398,Unión Deportiva Las Palmas,4000,28900000,SUB,2026,10,2021,-,Right,3,3,1,-,https://cdn.sofifa.net/flags/es.png,-,-,Medium,Medium,77,66,72,78,46,59,59,69,57,77,53,81,59,42,74,77,80,74,80,66,83,68,61,65,56,62,60,45,72,86,59,60,40,48,53,6,9,11,8,11,71,74,74,74,74,74,78,76,74,76,63,63,63,61,56,61,17,Moleiro,75,90,13000000,18,1851,CAM,Spain,Midfield,Rotation 70-77,Midfield / Rotation 70-77
Santi Comesaña,Santiago Comesaña Veiga,75,81,8000000,"CDM,CM,CAM",CDM,Spain,https://cdn.sofifa.net/players/235/781/23_60.png,25,184,75,1882,410,Rayo Vallecano,17000,18400000,SUB,2023,6,2016,-,Right,4,3,1,-,https://cdn.sofifa.net/flags/es.png,-,-,Medium,Medium,59,68,67,70,73,73,49,69,66,77,49,70,48,55,73,75,61,57,62,72,55,70,61,76,76,74,64,70,63,71,50,73,76,76,72,8,11,11,6,9,71,67,70,70,70,67,73,70,75,70,71,76,71,71,74,71,18,Santi Comesaña,75,81,8000000,25,1882,CDM,Spain,Midfield,Rotation 70-77,Midfield / Rotation 70-77
A. Caci,Anthony Caci,75,80,7500000,"LWB,LB,CB",LWB,France,https://cdn.sofifa.net/players/236/636/23_60.png,25,185,76,1879,403,1. FSV Mainz 05,22000,13300000,SUB,2026,19,2022,-,Right,5,3,1,-,https://cdn.sofifa.net/flags/fr.png,-,-,Medium,Medium,69,52,68,67,75,72,73,53,73,72,47,66,60,48,69,69,69,69,68,74,60,59,74,72,73,42,68,74,62,61,52,68,74,76,75,11,9,12,7,8,66,66,64,64,64,66,67,70,70,70,75,74,75,75,75,75,18,A. Caci,75,80,7500000,25,1879,LWB,France,Defender,Rotation 70-77,Defender / Rotation 70-77
Aarón,Aarón Martín Caricol,75,78,7000000,"LWB,LB,LM",LWB,Spain,https://cdn.sofifa.net/players/236/295/23_60.png,25,178,70,1902,392,1. FSV Mainz 05,22000,12400000,LWB,2023,3,2018,-,Left,3,3,1,-,https://cdn.sofifa.net/flags/es.png,-,-,Medium,Medium,61,47,70,75,72,67,77,36,63,74,40,74,75,75,60,77,74,51,76,74,75,64,61,78,65,55,59,75,61,61,46,70,72,74,71,11,14,10,12,12,63,67,65,65,65,67,69,71,71,71,75,73,75,74,72,74,21,Aarón,75,78,7000000,25,1902,LWB,Spain,Defender,Rotation 70-77,Defender / Rotation 70-77
Alam Lindeiro,Alam Cristian Lindeiro Couto,75,75,5500000,LB,LB,Brazil,https://cdn.sofifa.net/players/236/073/23_60.png,26,181,70,1839,387,Atlético Clube Goianiense,13000,10500000,LB,2025,13,2022,-,Left,3,3,1,-,https://cdn.sofifa.net/flags/br.png,-,-,Medium,Medium,72,42,68,70,73,62,75,41,73,70,48,66,73,57,71,73,76,69,78,77,67,43,58,68,64,37,49,77,50,56,59,73,74,70,71,10,7,7,11,14,61,64,61,61,61,64,65,69,68,69,74,72,74,75,72,75,20,Alam Lindeiro,75,75,5500000,26,1839,LB,Brazil,Defender,Rotation 70-77,Defender / Rotation 70-77
M. Gibbs-White,Morgan Gibbs-White,75,83,12500000,"CAM,ST,RM",CAM,England,https://cdn.sofifa.net/players/236/015/23_60.png,22,178,70,1957,418,Nottingham Forest,45000,26300000,ST,2027,10,2022,-,Right,2,4,1,-,https://cdn.sofifa.net/flags/gb-eng.png,-,-,Medium,Medium,76,70,73,76,57,66,67,69,58,75,59,77,67,65,74,75,77,75,81,73,75,74,58,71,66,71,62,58,72,76,58,74,57,57,56,7,7,14,15,11,73,74,74,74,74,74,77,76,75,76,69,68,69,67,63,67,19,M. Gibbs-White,75,83,12500000,22,1957,CAM,England,Midfield,Rotation 70-77,Midfield / Rotation 70-77
R. Sessegnon,Ryan Sessegnon,75,83,12000000,"LWB,LB",LM,England,https://cdn.sofifa.net/players/235/883/23_60.png,22,178,70,1959,430,Tottenham Hotspur,53000,25200000,LWB,2025,19,2019,-,Left,3,4,1,-,https://cdn.sofifa.net/flags/gb-eng.png,-,-,High,Medium,82,65,72,77,68,66,77,68,55,76,55,76,71,31,65,78,84,80,79,73,78,67,66,76,60,55,67,68,76,74,61,76,69,71,64,6,11,7,8,7,72,75,74,74,74,75,76,78,75,78,75,73,75,74,69,74,17,R. Sessegnon,75,83,12000000,22,1959,LM,England,Midfield,Rotation 70-77,Midfield / Rotation 70-77
Pol Lirola,Pol Mikel Lirola Kosok,75,80,8000000,"RB,RM",RWB,Spain,https://cdn.sofifa.net/players/235/875/23_60.png,24,183,70,1980,422,Elche CF,26000,0,SUB,2023,24,2021,TRUE,Right,3,3,1,-,https://cdn.sofifa.net/flags/es.png,-,-,Medium,Medium,75,62,71,73,71,70,77,60,62,72,58,73,72,61,66,75,77,73,68,72,73,65,64,81,66,66,70,67,66,68,57,70,73,74,73,12,12,5,9,13,69,71,70,70,70,71,72,74,73,74,76,73,76,75,72,75,20,Pol Lirola,75,80,8000000,24,1980,RWB,Spain,Defender,Rotation 70-77,Defender / Rotation 70-77
D. Geiger,Dennis Geiger,75,80,8500000,CM,CM,Germany,https://cdn.sofifa.net/players/235/526/23_60.png,24,173,67,1826,378,TSG Hoffenheim,27000,15100000,CDM,2023,8,2016,-,Right,3,3,1,-,https://cdn.sofifa.net/flags/de.png,-,-,Medium,Medium,53,53,74,79,61,58,66,46,29,80,45,76,66,55,77,81,65,44,85,77,83,57,54,76,42,70,78,64,59,76,40,72,64,64,65,7,8,12,10,5,60,69,67,67,67,69,74,72,77,72,71,73,71,68,63,68,17,D. Geiger,75,80,8500000,24,1826,CM,Germany,Midfield,Rotation 70-77,Midfield / Rotation 70-77
D. Liénard,Dimitri Liénard,75,75,2100000,"LWB,CM",CM,France,https://cdn.sofifa.net/players/235/042/23_60.png,34,181,77,2072,418,RC Strasbourg Alsace,22000,4000000,LWB,2023,11,2013,-,Left,3,3,1,-,https://cdn.sofifa.net/flags/fr.png,-,-,Medium,Medium,53,70,79,73,72,71,79,63,66,80,62,73,79,81,78,76,53,53,66,75,68,79,68,73,71,77,70,73,69,75,78,75,71,75,73,13,12,15,14,14,71,71,71,71,71,71,75,74,75,74,75,75,75,74,74,74,22,D. Liénard,75,75,2100000,34,2072,CM,France,Midfield,Rotation 70-77,Midfield / Rotation 70-77
Toni Martínez,Antonio Martínez López,75,80,8500000,ST,ST,Spain,https://cdn.sofifa.net/players/234/826/23_60.png,25,187,84,1767,377,FC Porto,14000,17600000,SUB,2025,29,2020,-,Right,3,3,1,-,https://cdn.sofifa.net/flags/es.png,-,-,High,High,69,76,59,72,24,77,46,78,73,69,75,73,56,45,53,75,68,69,67,76,56,80,80,73,82,69,69,23,77,64,64,65,20,14,23,11,11,12,7,9,77,70,73,73,73,70,73,71,66,71,51,51,51,48,47,48,19,Toni Martínez,75,80,8500000,25,1767,ST,Spain,Forward,Rotation 70-77,Forward / Rotation 70-77
Dodô,Domilson Cordeiro dos Santos,75,84,12000000,RB,RM,Brazil,https://cdn.sofifa.net/players/234/112/23_60.png,23,166,68,2002,433,Fiorentina,34000,22800000,SUB,2027,2,2022,-,Right,3,3,1,-,https://cdn.sofifa.net/flags/br.png,-,-,High,Medium,88,59,71,77,68,70,74,60,55,76,49,78,71,52,62,75,85,90,80,73,86,66,80,75,67,50,68,69,77,72,50,71,68,73,64,14,14,10,14,5,71,75,73,73,73,75,75,77,74,77,76,73,76,75,71,75,20,Dodô,75,84,12000000,23,2002,RM,Brazil,Midfield,Rotation 70-77,Midfield / Rotation 70-77
J. Willock,Joe Willock,75,84,12500000,"CM,CAM",CAM,England,https://cdn.sofifa.net/players/237/329/23_60.png,22,179,71,2000,431,Newcastle United,58000,26300000,CM,2026,28,2021,-,Right,3,3,1,-,https://cdn.sofifa.net/flags/gb-eng.png,-,-,High,High,76,72,69,77,67,70,60,75,68,77,66,79,64,46,69,77,75,76,77,78,72,73,67,78,66,66,70,70,77,73,62,72,64,70,59,11,6,12,8,9,76,75,76,76,76,75,78,77,77,77,73,73,73,72,71,72,18,J. Willock,75,84,12500000,22,2000,CAM,England,Midfield,Rotation 70-77,Midfield / Rotation 70-77
Cesinha,Cesar Fernando Silva Melo,75,75,4500000,"LW,ST,CAM",CF,Brazil,https://cdn.sofifa.net/players/225/733/23_60.png,32,177,74,1912,408,Daegu FC,10000,5600000,LW,2023,11,2016,-,Right,5,5,1,-,https://cdn.sofifa.net/flags/br.png,-,-,High,Medium,81,76,72,75,32,72,70,75,58,74,70,74,65,76,67,76,80,82,81,72,73,80,68,81,73,79,57,24,78,73,70,67,45,18,20,8,8,12,14,11,75,75,75,75,75,75,75,75,71,75,58,56,58,54,48,54,19,Cesinha,75,75,4500000,32,1912,CF,Brazil,Forward,Rotation 70-77,Forward / Rotation 70-77
Junior Firpo,Héctor Junior Firpo Adamés,75,78,7000000,"LB,LWB",LWB,Spain,https://cdn.sofifa.net/players/241/184/23_60.png,25,184,78,1945,425,Leeds United,31000,13800000,SUB,2025,3,2021,-,Left,3,3,2,-,https://cdn.sofifa.net/flags/es.png,-,-,Medium,Medium,75,62,70,71,72,75,76,62,71,74,55,74,65,43,68,72,74,76,62,72,60,68,72,77,74,59,76,74,72,64,42,70,67,74,73,7,7,7,14,14,72,71,70,70,70,71,72,74,73,74,76,74,76,75,75,75,19,Junior Firpo,75,78,7000000,25,1945,LWB,Spain,Defender,Rotation 70-77,Defender / Rotation 70-77
Carles Pérez,Carles Pérez Sayol,75,78,7500000,"RM,ST,CAM",CAM,Spain,https://cdn.sofifa.net/players/240/654/23_60.png,24,173,75,1838,398,RC Celta de Vigo,43000,0,SUB,2023,7,2020,TRUE,Left,2,4,1,-,https://cdn.sofifa.net/flags/es.png,-,-,High,Medium,80,73,68,79,36,62,65,72,53,74,58,79,66,54,60,83,82,79,81,71,85,85,59,64,64,74,55,23,70,68,57,57,38,37,34,11,5,13,7,12,75,75,75,75,75,75,77,76,69,76,59,56,59,56,49,56,18,Carles Pérez,75,78,7500000,24,1838,CAM,Spain,Midfield,Rotation 70-77,Midfield / Rotation 70-77
K. Wagner,Kai Wagner,75,79,7000000,"LB,LWB",LB,Germany,https://cdn.sofifa.net/players/239/704/23_60.png,25,182,78,1910,410,Philadelphia Union,8000,11000000,LB,2022,27,2019,-,Left,3,2,1,-,https://cdn.sofifa.net/flags/de.png,-,-,High,Medium,78,48,64,69,73,78,74,36,65,74,41,69,61,65,67,70,77,78,70,64,68,74,85,81,76,51,76,66,64,33,30,68,76,78,74,14,13,13,13,14,64,64,62,62,62,64,63,69,66,69,75,73,75,75,75,75,21,K. Wagner,75,79,7000000,25,1910,LB,Germany,Defender,Rotation 70-77,Defender / Rotation 70-77
K. Dewsbury-Hall,Kiernan Dewsbury-Hall,75,80,8500000,"CM,CDM",CM,England,https://cdn.sofifa.net/players/237/386/23_60.png,23,177,70,1987,416,Leicester City,55000,16800000,CM,2024,22,2016,-,Left,3,3,1,-,https://cdn.sofifa.net/flags/gb-eng.png,-,-,High,Medium,66,64,74,75,66,71,68,59,63,79,63,76,69,62,75,77,69,64,69,74,70,70,68,78,69,70,70,68,75,76,59,73,65,67,62,12,15,9,10,7,71,72,72,72,72,72,76,75,77,75,72,74,72,71,70,71,20,K. Dewsbury-Hall,75,80,8500000,23,1987,CM,England,Midfield,Rotation 70-77,Midfield / Rotation 70-77
Rodrigo Becão,Rodrigo Nascimento França,75,78,6500000,CB,CB,Brazil,https://cdn.sofifa.net/players/238/621/23_60.png,26,191,79,1559,336,Udinese Calcio,15000,11500000,CB,2024,50,2019,-,Right,2,2,1,-,https://cdn.sofifa.net/flags/br.png,-,-,Low,Medium,49,33,56,49,78,71,48,30,78,69,24,36,49,27,65,59,46,52,50,74,48,44,71,54,76,32,78,77,30,41,31,70,78,80,74,5,9,6,6,12,51,47,47,47,47,47,51,52,59,52,66,72,66,69,77,69,17,Rodrigo Becão,75,78,6500000,26,1559,CB,Brazil,Defender,Rotation 70-77,Defender / Rotation 70-77
Michael,Michael Richard Delgado de Oliveira,75,76,6500000,"LW,RW",LW,Brazil,https://cdn.sofifa.net/players/238/361/23_60.png,26,166,61,1766,384,Al Hilal,38000,11500000,SUB,2024,96,2022,-,Right,3,4,1,-,https://cdn.sofifa.net/flags/br.png,-,-,High,Medium,84,70,63,83,28,56,60,73,55,68,63,87,43,43,57,78,87,81,89,70,93,70,68,72,53,67,42,38,70,71,58,62,33,13,11,6,14,12,14,7,73,75,75,75,75,75,76,76,68,76,56,52,56,51,42,51,19,Michael,75,76,6500000,26,1766,LW,Brazil,Forward,Rotation 70-77,Forward / Rotation 70-77
Nico González,Nicolás González Iglesias,75,85,12500000,CM,CDM,Spain,https://cdn.sofifa.net/players/255/069/23_60.png,20,188,86,1964,426,Valencia CF,72000,0,SUB,2023,17,2020,TRUE,Right,3,4,1,-,https://cdn.sofifa.net/flags/es.png,-,-,Medium,Medium,66,63,74,72,73,78,62,63,68,82,51,74,50,59,76,75,64,68,64,75,54,66,68,72,82,61,80,75,70,78,54,74,72,76,68,14,14,10,12,7,72,71,72,72,72,71,75,74,77,74,74,78,74,74,76,74,21,Nico González,75,85,12500000,20,1964,CDM,Spain,Midfield,Rotation 70-77,Midfield / Rotation 70-77
W. Omari,Warmed Omari,75,82,10500000,CB,CB,France,https://cdn.sofifa.net/players/256/854/23_60.png,22,188,74,1678,368,Stade Rennais FC,30000,22100000,RES,2026,23,2019,-,Right,3,2,1,-,https://cdn.sofifa.net/flags/fr.png,-,-,Low,Medium,65,34,58,61,77,73,44,25,77,73,31,59,44,32,64,68,63,66,48,71,54,52,72,70,75,33,70,76,34,51,41,69,77,79,76,9,7,13,10,14,55,54,55,55,55,54,59,60,65,60,71,74,71,73,77,73,19,W. Omari,75,82,10500000,22,1678,CB,France,Defender,Rotation 70-77,Defender / Rotation 70-77
A. Truffert,Adrien Truffert,75,84,12000000,LB,LWB,France,https://cdn.sofifa.net/players/256/769/23_60.png,20,176,70,1922,411,Stade Rennais FC,25000,25200000,SUB,2025,3,2019,-,Left,3,2,1,-,https://cdn.sofifa.net/flags/fr.png,-,-,High,Medium,73,55,70,73,72,68,76,52,59,72,54,75,66,53,70,73,71,74,71,71,75,63,71,76,65,51,67,72,71,66,54,68,71,76,75,6,6,6,6,8,67,70,68,68,68,70,71,73,72,73,76,74,76,75,72,75,16,A. Truffert,75,84,12000000,20,1922,LWB,France,Defender,Rotation 70-77,Defender / Rotation 70-77
F. Farías,Facundo Farías,75,85,12000000,"ST,CF,LM",CAM,Argentina,https://cdn.sofifa.net/players/256/287/23_60.png,19,171,69,1946,419,Club Atlético Colón,9000,20400000,LM,2023,35,2020,-,Right,3,4,1,-,https://cdn.sofifa.net/flags/ar.png,-,-,High,Medium,86,72,69,83,39,70,64,69,63,73,71,83,69,49,72,80,91,82,90,72,91,82,57,73,69,70,72,29,75,69,74,80,33,43,37,6,13,6,6,13,77,76,76,76,76,76,78,78,72,78,62,60,62,59,53,59,18,F. Farías,75,85,12000000,19,1946,CAM,Argentina,Midfield,Rotation 70-77,Midfield / Rotation 70-77
M. Bard,Melvin Bard,75,82,11000000,LB,LB,France,https://cdn.sofifa.net/players/254/548/23_60.png,21,173,65,1888,410,OGC Nice,24000,23100000,LB,2026,26,2021,-,Left,3,3,1,-,https://cdn.sofifa.net/flags/fr.png,-,-,Medium,Medium,76,52,67,74,71,70,75,45,59,73,40,73,65,33,63,75,72,80,74,70,79,66,68,73,68,52,72,72,68,62,45,67,71,73,72,12,12,5,7,14,66,69,67,67,67,69,70,72,71,72,75,73,75,75,72,75,19,M. Bard,75,82,11000000,21,1888,LB,France,Defender,Rotation 70-77,Defender / Rotation 70-77
M. Eggestein,Maximilian Eggestein,75,76,6000000,"CDM,CM",CDM,Germany,https://cdn.sofifa.net/players/226/168/23_60.png,25,181,75,1941,410,Sport-Club Freiburg,22000,10700000,CDM,2025,8,2021,-,Right,4,3,2,-,https://cdn.sofifa.net/flags/de.png,-,-,Medium,Medium,59,63,70,73,71,74,67,59,65,76,50,72,64,48,73,75,63,55,70,77,69,77,53,84,72,63,70,74,61,68,60,75,70,73,72,15,10,13,15,8,69,68,69,69,69,68,72,72,75,72,74,76,74,74,73,74,21,M. Eggestein,75,76,6000000,25,1941,CDM,Germany,Midfield,Rotation 70-77,Midfield / Rotation 70-77
A. Knauff,Ansgar Knauff,75,83,12500000,"RM,LM",RM,Germany,https://cdn.sofifa.net/players/257/540/23_60.png,20,180,73,1844,403,Eintracht Frankfurt,27000,0,SUB,2023,36,2020,TRUE,Right,3,3,1,-,https://cdn.sofifa.net/flags/de.png,-,-,Medium,Medium,87,62,68,77,51,58,70,63,48,75,61,80,68,43,56,76,88,87,79,70,75,63,64,72,52,62,54,52,72,71,41,65,55,48,44,8,13,13,14,7,70,75,73,73,73,75,75,76,70,76,67,63,67,65,57,65,19,A. Knauff,75,83,12500000,20,1844,RM,Germany,Midfield,Rotation 70-77,Midfield / Rotation 70-77
M. Gusto,Malo Gusto,75,85,11500000,RB,RB,France,https://cdn.sofifa.net/players/259/307/23_60.png,19,179,74,1891,411,Olympique Lyonnais,24000,24200000,RB,2024,27,2020,-,Right,3,3,1,-,https://cdn.sofifa.net/flags/fr.png,-,-,High,High,86,49,68,70,67,71,77,44,57,71,52,69,68,36,62,71,84,87,72,70,75,60,68,82,65,46,74,66,69,64,45,72,65,71,72,10,6,14,8,11,65,69,66,66,66,69,69,73,69,73,75,71,75,75,70,75,18,M. Gusto,75,85,11500000,19,1891,RB,France,Defender,Rotation 70-77,Defender / Rotation 70-77
Gabriel Veron,Gabriel Veron Fonseca de Souza,75,87,13500000,"RM,LM",CAM,Brazil,https://cdn.sofifa.net/players/259/849/23_60.png,19,176,75,1722,377,FC Porto,7000,29700000,SUB,2027,7,2022,-,Right,3,4,1,-,https://cdn.sofifa.net/flags/br.png,-,-,High,Medium,84,68,68,79,28,50,67,73,40,73,58,81,62,50,69,79,82,85,83,70,68,63,48,55,52,66,40,34,68,67,64,70,23,23,29,6,11,6,12,15,70,75,73,73,73,75,76,76,69,76,57,53,57,53,42,53,19,Gabriel Veron,75,87,13500000,19,1722,CAM,Brazil,Midfield,Rotation 70-77,Midfield / Rotation 70-77
A. Varela,Alan Varela,75,85,11500000,"CDM,CM",CDM,Argentina,https://cdn.sofifa.net/players/260/599/23_60.png,20,177,73,1960,418,Boca Juniors,11000,18400000,CDM,2026,33,2020,-,Right,3,3,1,-,https://cdn.sofifa.net/flags/ar.png,-,-,Medium,Medium,70,59,72,72,71,74,61,54,57,80,60,68,80,43,74,75,70,70,71,75,74,69,62,82,74,61,65,73,63,73,60,79,73,72,70,8,11,14,5,13,68,68,69,69,69,68,73,72,75,72,75,76,75,74,73,74,19,A. Varela,75,85,11500000,20,1960,CDM,Argentina,Midfield,Rotation 70-77,Midfield / Rotation 70-77
F. Sotoca,Florian Sotoca,75,75,4800000,ST,ST,France,https://cdn.sofifa.net/players/227/232/23_60.png,31,187,77,1948,409,Racing Club de Lens,31000,9100000,RW,2024,7,2019,-,Right,3,3,1,-,https://cdn.sofifa.net/flags/fr.png,-,-,High,High,74,72,69,71,43,80,70,74,77,72,70,69,61,63,65,74,70,77,71,79,52,74,88,86,78,66,73,38,78,71,68,75,34,43,42,13,15,12,11,14,75,73,74,74,74,73,74,75,71,75,64,62,64,62,59,62,22,F. Sotoca,75,75,4800000,31,1948,ST,France,Forward,Rotation 70-77,Forward / Rotation 70-77
Pascoal Muscato,Pascoal Simão Muscato Vieira,75,75,4700000,"CDM,CM",CDM,Brazil,https://cdn.sofifa.net/players/230/423/23_60.png,30,177,84,1978,414,Santos,23000,8900000,CDM,2025,17,2022,-,Right,4,2,1,-,https://cdn.sofifa.net/flags/br.png,-,-,Medium,Medium,58,68,69,70,73,76,56,59,59,75,72,70,65,60,74,72,54,62,64,74,64,83,71,70,80,76,74,74,64,69,64,72,75,76,71,9,10,7,9,16,70,67,69,69,69,67,71,69,74,69,72,75,72,71,75,71,20,Pascoal Muscato,75,75,4700000,30,1978,CDM,Brazil,Midfield,Rotation 70-77,Midfield / Rotation 70-77
Leo Vimieiro,Leôncio Roger Vimieiro Madeira,75,75,5500000,LB,LB,Brazil,https://cdn.sofifa.net/players/230/244/23_60.png,26,168,66,1913,406,São Paulo,30000,10500000,LB,2025,18,2022,-,Left,3,2,1,-,https://cdn.sofifa.net/flags/br.png,-,-,Medium,Medium,73,52,66,70,74,71,68,41,64,70,46,68,70,54,64,71,68,77,72,74,71,70,68,78,67,58,72,74,52,60,54,72,75,76,74,8,13,15,14,7,63,65,64,64,64,65,66,68,69,68,75,74,75,75,74,75,20,Leo Vimieiro,75,75,5500000,26,1913,LB,Brazil,Defender,Rotation 70-77,Defender / Rotation 70-77
Enaldo Praz,Enaldo Diogo Barbosa Prazeres,75,75,1200000,"LB,LWB",LB,Brazil,https://cdn.sofifa.net/players/230/186/23_60.png,38,177,73,1850,397,Sport Club Corinthians Paulista,18000,2300000,LB,2025,3,2022,-,Left,3,2,1,-,https://cdn.sofifa.net/flags/br.png,-,-,Medium,Medium,70,49,68,65,74,71,73,45,68,70,41,61,45,46,69,69,69,70,67,72,72,55,69,79,64,52,79,70,51,70,51,68,78,77,71,13,9,5,13,7,61,64,62,62,62,64,66,68,70,68,74,74,74,74,74,74,19,Enaldo Praz,75,75,1200000,38,1850,LB,Brazil,Defender,Rotation 70-77,Defender / Rotation 70-77
Jailson Caeiro,Jailson Michel Caeiro Meireles,75,75,4800000,"RB,RM",RB,Brazil,https://cdn.sofifa.net/players/230/202/23_60.png,30,177,75,1900,401,Ceará Sporting Club,13000,9100000,RM,2025,16,2022,-,Right,4,3,1,-,https://cdn.sofifa.net/flags/br.png,-,-,High,Medium,70,53,63,72,74,69,71,51,71,69,58,73,46,49,66,71,73,68,71,73,71,55,77,82,68,52,53,71,59,51,62,67,80,72,73,11,10,18,11,14,65,66,64,64,64,66,67,70,69,70,75,72,75,75,73,75,21,Jailson Caeiro,75,75,4800000,30,1900,RB,Brazil,Defender,Rotation 70-77,Defender / Rotation 70-77
Kaíqundo Calado,Kaíqundo Calado Dimas,75,75,5500000,"RB,CDM",RB,Brazil,https://cdn.sofifa.net/players/230/213/23_60.png,26,184,77,1875,413,Atlético Clube Goianiense,13000,10500000,CDM,2025,15,2022,-,Right,1,2,1,-,https://cdn.sofifa.net/flags/br.png,-,-,Medium,Medium,82,51,64,71,72,73,70,49,63,67,41,73,60,35,60,69,76,87,75,77,56,60,67,76,74,47,69,74,68,62,49,60,74,73,69,11,15,7,12,10,67,68,67,67,67,68,69,72,69,72,75,72,75,75,74,75,21,Kaíqundo Calado,75,75,5500000,26,1875,RB,Brazil,Defender,Rotation 70-77,Defender / Rotation 70-77
Estevão Candeira,Estevão Danilo Candeira Inácio,75,75,5500000,"RB,LB",RB,Brazil,https://cdn.sofifa.net/players/230/219/23_60.png,26,176,73,1949,413,Flamengo,30000,9900000,RB,2025,5,2022,-,Right,4,2,1,-,https://cdn.sofifa.net/flags/br.png,-,-,Medium,Medium,77,59,70,69,70,68,76,52,62,71,50,68,64,63,69,69,76,77,71,69,73,73,65,86,59,60,69,72,65,66,55,72,68,72,71,14,13,12,9,10,67,68,67,67,67,68,69,72,71,72,75,73,75,75,70,75,20,Estevão Candeira,75,75,5500000,26,1949,RB,Brazil,Defender,Rotation 70-77,Defender / Rotation 70-77
Jorginhson,Jorgino Silas Ruiz Prestes,75,75,4700000,"CDM,CM,CAM",CDM,Brazil,https://cdn.sofifa.net/players/230/252/23_60.png,30,178,75,1923,409,Ceará Sporting Club,13000,8900000,CM,2025,8,2022,-,Left,4,2,1,-,https://cdn.sofifa.net/flags/br.png,-,-,Medium,Medium,70,57,68,74,76,64,50,61,71,70,41,75,75,55,75,73,69,70,76,77,70,51,56,74,56,56,72,76,55,77,61,67,78,77,76,7,7,12,8,16,66,68,68,68,68,68,72,71,74,71,73,75,73,74,75,74,19,Jorginhson,75,75,4700000,30,1923,CDM,Brazil,Midfield,Rotation 70-77,Midfield / Rotation 70-77
Cris Laranjeiros,Cristian Also Laranjeiro Sá,75,75,4600000,CB,CB,Brazil,https://cdn.sofifa.net/players/230/295/23_60.png,30,185,85,1843,405,Club Athletico Paranaense,14000,8700000,CB,2025,18,2022,-,Right,3,2,1,-,https://cdn.sofifa.net/flags/br.png,-,-,Medium,Medium,70,54,61,64,75,81,66,54,78,65,39,61,41,39,67,67,64,74,67,69,58,58,74,76,85,55,79,72,55,56,41,70,72,79,75,15,11,15,9,7,65,63,62,62,62,63,64,66,67,66,73,73,73,74,75,74,19,Cris Laranjeiros,75,75,4600000,30,1843,CB,Brazil,Defender,Rotation 70-77,Defender / Rotation 70-77
Davi Parrela,Davi Alexandre Parrela Ferreira,75,75,6000000,"CB,CDM",CB,Brazil,https://cdn.sofifa.net/players/230/388/23_60.png,22,191,88,1651,364,Atlético Clube Goianiense,11000,11400000,CB,2025,4,2022,-,Right,3,2,1,-,https://cdn.sofifa.net/flags/br.png,-,-,Medium,Medium,64,40,54,52,76,78,55,31,75,61,44,49,38,39,62,54,61,67,44,67,41,55,57,52,89,44,88,71,34,43,51,74,81,77,71,9,7,13,9,12,55,51,50,50,50,51,53,55,57,55,66,70,66,69,75,69,18,Davi Parrela,75,75,6000000,22,1651,CB,Brazil,Defender,Rotation 70-77,Defender / Rotation 70-77
P. Lees-Melou,Pierre Lees-Melou,75,75,5500000,"CM,CAM",CM,France,https://cdn.sofifa.net/players/230/020/23_60.png,29,186,70,2022,429,Stade Brestois 29,23000,11000000,CDM,2025,20,2022,-,Right,4,3,1,-,https://cdn.sofifa.net/flags/fr.png,-,-,High,High,65,72,76,75,67,74,75,69,58,77,58,75,78,68,75,77,66,65,72,74,60,77,66,84,72,77,68,67,72,75,65,77,71,69,61,14,6,12,9,10,73,73,73,73,73,73,75,75,75,75,74,75,74,72,70,72,19,P. Lees-Melou,75,75,5500000,29,2022,CM,France,Midfield,Rotation 70-77,Midfield / Rotation 70-77
T. Davies,Tom Davies,75,78,7500000,"CM,CDM",CM,England,https://cdn.sofifa.net/players/230/005/23_60.png,24,180,70,1944,416,Everton,31000,14800000,SUB,2023,26,2015,-,Right,3,3,1,-,https://cdn.sofifa.net/flags/gb-eng.png,-,-,Medium,Medium,65,64,73,75,69,70,66,64,61,79,42,76,64,61,74,77,66,64,63,74,69,70,56,73,65,67,84,69,69,76,49,76,68,73,69,11,12,9,14,10,70,71,72,72,72,71,75,74,77,74,73,76,73,72,72,72,20,T. Davies,75,78,7500000,24,1944,CM,England,Midfield,Rotation 70-77,Midfield / Rotation 70-77
F. Centonze,Fabien Centonze,75,78,7000000,"RWB,RB",RWB,France,https://cdn.sofifa.net/players/229/971/23_60.png,26,182,75,1951,418,FC Metz,8000,13100000,RB,2024,18,2019,-,Right,2,2,1,-,https://cdn.sofifa.net/flags/fr.png,-,-,High,Medium,81,51,68,70,70,78,72,42,61,70,49,69,65,47,66,70,80,81,72,70,75,64,79,85,77,54,73,70,70,69,50,69,71,71,69,14,12,9,12,13,66,68,67,67,67,68,70,72,71,72,75,73,75,74,73,74,21,F. Centonze,75,78,7000000,26,1951,RWB,France,Defender,Rotation 70-77,Defender / Rotation 70-77
A. Barboza,Alexander Barboza,75,78,6500000,CB,CB,Argentina,https://cdn.sofifa.net/players/229/749/23_60.png,27,193,92,1843,392,Club Libertad,900,14800000,CB,2023,3,2021,-,Left,3,2,1,-,https://cdn.sofifa.net/flags/ar.png,-,-,High,High,51,57,60,64,73,87,48,52,81,70,46,64,43,60,64,66,47,55,51,71,55,74,70,80,91,52,88,70,53,58,67,74,73,72,71,11,11,10,7,12,66,59,61,61,61,59,63,63,67,63,69,73,69,69,77,69,19,A. Barboza,75,78,6500000,27,1843,CB,Argentina,Defender,Rotation 70-77,Defender / Rotation 70-77
Toni Villa,Antonio Villa Suárez,75,75,6000000,"LM,CAM,RM",LM,Spain,https://cdn.sofifa.net/players/229/517/23_60.png,27,173,63,1878,390,Girona FC,24000,13200000,SUB,2025,12,2022,-,Right,4,4,1,-,https://cdn.sofifa.net/flags/es.png,-,-,High,Medium,74,63,74,77,53,49,74,64,56,76,54,76,74,53,73,76,76,73,85,71,86,62,46,69,34,62,60,52,72,76,60,72,50,56,54,10,7,12,14,15,68,73,72,72,72,73,75,75,74,75,68,65,68,66,57,66,20,Toni Villa,75,75,6000000,27,1878,LM,Spain,Midfield,Rotation 70-77,Midfield / Rotation 70-77
W. Anton,Waldemar Anton,75,78,6500000,"CB,CDM",CB,Germany,https://cdn.sofifa.net/players/229/476/23_60.png,25,189,86,1778,388,VfB Stuttgart,20000,12200000,CB,2025,2,2020,-,Right,3,3,1,-,https://cdn.sofifa.net/flags/de.png,-,-,Medium,Medium,64,46,59,65,75,79,42,42,73,74,38,63,37,39,67,67,55,72,62,71,57,58,74,76,82,45,76,72,52,52,48,74,78,76,69,11,12,12,13,13,62,59,60,60,60,59,63,63,67,63,70,74,70,71,77,71,21,W. Anton,75,78,6500000,25,1778,CB,Germany,Defender,Rotation 70-77,Defender / Rotation 70-77
Kevin,Kevin Vázquez Comesaña,75,75,4900000,"RB,RWB",RB,Spain,https://cdn.sofifa.net/players/228/716/23_60.png,29,173,72,1836,391,RC Celta de Vigo,21000,10300000,SUB,2023,20,2011,-,Right,3,3,1,-,https://cdn.sofifa.net/flags/es.png,-,-,Medium,High,66,53,67,66,73,66,77,55,73,75,41,65,58,45,61,75,65,67,37,72,76,54,66,67,64,50,69,71,61,57,46,57,68,78,79,11,15,9,15,14,66,66,65,65,65,66,67,70,69,70,75,73,75,75,74,75,22,Kevin,75,75,4900000,29,1836,RB,Spain,Defender,Rotation 70-77,Defender / Rotation 70-77
L. Godoy,Leonardo Godoy,75,76,6000000,"RB,RWB",RB,Argentina,https://cdn.sofifa.net/players/228/415/23_60.png,27,173,70,1931,430,Estudiantes de La Plata,12000,9500000,RB,2024,29,2020,-,Right,3,3,1,-,https://cdn.sofifa.net/flags/ar.png,-,-,High,Medium,85,57,66,73,69,80,69,57,61,71,45,73,50,35,65,71,83,86,80,72,77,59,61,91,75,57,83,71,75,69,41,73,68,72,68,13,8,9,8,8,70,72,70,70,70,72,73,75,73,75,76,74,76,75,73,75,18,L. Godoy,75,76,6000000,27,1931,RB,Argentina,Defender,Rotation 70-77,Defender / Rotation 70-77
C. Goldson,Connor Goldson,75,76,5000000,CB,CB,England,https://cdn.sofifa.net/players/199/580/23_60.png,29,191,85,1813,402,Rangers FC,44000,9400000,CB,2026,6,2018,-,Right,2,2,1,-,https://cdn.sofifa.net/flags/gb-eng.png,-,-,Medium,Medium,69,50,62,65,74,82,46,53,78,72,35,66,42,34,73,68,71,67,54,72,54,62,80,82,84,35,76,73,58,62,47,70,74,74,74,10,8,10,11,8,66,62,64,64,64,62,66,67,70,67,72,75,72,73,76,73,18,C. Goldson,75,76,5000000,29,1813,CB,England,Defender,Rotation 70-77,Defender / Rotation 70-77
T. Adarabioyo,Tosin Adarabioyo,75,82,10500000,CB,CB,England,https://cdn.sofifa.net/players/222/104/23_60.png,24,196,80,1628,370,Fulham,38000,22100000,CB,2023,4,2020,-,Right,3,2,1,-,https://cdn.sofifa.net/flags/gb-eng.png,-,-,Low,Medium,72,31,57,58,75,77,38,30,71,73,25,50,30,22,71,66,66,76,53,71,53,36,77,68,82,28,75,74,28,51,35,76,75,77,74,14,11,11,8,9,53,53,52,52,52,53,58,59,64,59,69,74,69,71,77,71,19,T. Adarabioyo,75,82,10500000,24,1628,CB,England,Defender,Rotation 70-77,Defender / Rotation 70-77
T. Bakayoko,Tiemoué Bakayoko,75,76,6000000,"CDM,CM",CB,France,https://cdn.sofifa.net/players/219/809/23_60.png,27,189,85,1861,403,AC Milan,71000,0,SUB,2023,14,2017,TRUE,Right,3,3,2,-,https://cdn.sofifa.net/flags/fr.png,-,-,Medium,Medium,61,48,65,71,75,83,55,37,70,72,36,73,51,37,68,72,60,62,60,72,56,72,75,78,87,50,81,76,59,70,45,74,72,79,75,11,15,11,14,10,64,63,64,64,64,63,68,68,72,68,73,76,73,73,76,73,21,T. Bakayoko,75,76,6000000,27,1861,CB,France,Defender,Rotation 70-77,Defender / Rotation 70-77
Luiz Gustavo,Luiz Gustavo Dias,75,75,1900000,"CDM,CM",CDM,Brazil,https://cdn.sofifa.net/players/185/221/23_60.png,34,187,78,1949,409,Al Nassr,32000,3200000,CM,2023,22,2022,-,Left,3,3,3,-,https://cdn.sofifa.net/flags/br.png,-,-,Medium,High,55,61,68,69,76,80,64,49,72,73,54,68,58,60,72,72,59,51,64,68,62,80,77,79,80,74,80,77,56,65,57,83,75,77,74,10,6,11,12,13,68,64,65,65,65,64,69,68,73,68,74,75,74,74,75,74,20,Luiz Gustavo,75,75,1900000,34,1949,CDM,Brazil,Midfield,Rotation 70-77,Midfield / Rotation 70-77
Vitinho,Victor Vinícius Coelho dos Santos,75,75,5500000,"LM,ST",LM,Brazil,https://cdn.sofifa.net/players/208/008/23_60.png,28,180,76,1926,404,Ettifaq FC,29000,9100000,CAM,2025,27,2022,-,Right,5,4,1,-,https://cdn.sofifa.net/flags/br.png,-,-,Medium,Medium,79,76,72,77,39,61,71,74,52,71,70,76,76,76,72,79,77,80,82,73,72,81,71,70,65,81,39,45,73,72,72,72,28,44,33,13,14,8,8,8,75,75,75,75,75,75,75,75,73,75,62,60,62,59,51,59,19,Vitinho,75,75,5500000,28,1926,LM,Brazil,Midfield,Rotation 70-77,Midfield / Rotation 70-77
Vallejo,Jesús Vallejo Lázaro,75,79,7000000,CB,CB,Spain,https://cdn.sofifa.net/players/225/161/23_60.png,25,184,79,1708,372,Real Madrid CF,90000,14900000,SUB,2024,5,2015,-,Right,3,2,1,-,https://cdn.sofifa.net/flags/es.png,-,-,Low,Medium,67,42,57,64,76,66,41,44,74,71,36,57,29,31,72,69,64,69,67,77,66,49,77,41,72,31,81,78,34,49,45,75,78,75,74,10,13,15,13,6,58,57,57,57,57,57,61,60,64,60,68,73,68,70,77,70,20,Vallejo,75,79,7000000,25,1708,CB,Spain,Defender,Rotation 70-77,Defender / Rotation 70-77
A. Younes,Amin Younes,75,75,5500000,"CAM,LM",CAM,Germany,https://cdn.sofifa.net/players/205/966/23_60.png,28,170,71,1843,389,FC Utrecht,29000,0,SUB,2023,14,2022,TRUE,Right,2,4,2,-,https://cdn.sofifa.net/flags/de.png,-,-,High,Medium,69,68,72,81,38,61,63,69,28,76,64,81,73,59,72,81,72,67,88,70,89,73,37,75,52,62,70,42,74,76,58,74,39,43,25,15,11,9,15,15,69,74,74,74,74,74,75,75,74,75,61,62,61,56,49,56,22,A. Younes,75,75,5500000,28,1843,CAM,Germany,Midfield,Rotation 70-77,Midfield / Rotation 70-77
J. Wallace,Jed Wallace,75,75,5500000,"CAM,RW",CAM,England,https://cdn.sofifa.net/players/205/970/23_60.png,28,178,70,1946,410,West Bromwich Albion,34000,10500000,RM,2026,17,2022,-,Right,4,4,1,-,https://cdn.sofifa.net/flags/gb-eng.png,-,-,High,Medium,77,72,74,75,45,67,74,73,49,74,61,76,68,73,70,75,78,76,80,74,74,70,68,87,61,72,58,40,73,77,71,65,45,49,43,12,14,14,11,6,72,75,74,74,74,75,75,75,74,75,66,63,66,63,55,63,20,J. Wallace,75,75,5500000,28,1946,CAM,England,Midfield,Rotation 70-77,Midfield / Rotation 70-77
Wendell,Wendell Nascimento Borges,75,75,5000000,LB,LB,Brazil,https://cdn.sofifa.net/players/216/466/23_60.png,28,176,70,1972,418,FC Porto,12000,10000000,SUB,2025,22,2021,-,Left,2,4,2,-,https://cdn.sofifa.net/flags/br.png,-,-,Medium,Medium,79,54,70,76,69,70,70,49,52,73,29,77,66,73,65,77,81,77,77,72,76,60,70,74,64,59,82,74,69,69,67,70,67,72,77,8,12,6,14,14,66,71,70,70,70,71,73,74,73,74,75,74,75,75,72,75,20,Wendell,75,75,5000000,28,1972,LB,Brazil,Defender,Rotation 70-77,Defender / Rotation 70-77
Duirval Diniz,Duirval Hélton Diniz Cabral,75,75,5500000,"CB,RB",CB,Brazil,https://cdn.sofifa.net/players/230/401/23_60.png,26,187,82,1697,358,Club Athletico Paranaense,14000,10500000,RB,2025,4,2022,-,Right,3,2,1,-,https://cdn.sofifa.net/flags/br.png,-,-,Medium,Medium,53,47,55,52,77,74,45,44,75,66,34,41,36,55,62,59,54,52,60,74,53,54,77,62,80,52,72,72,24,45,61,67,76,82,75,7,16,12,9,11,55,50,50,50,50,50,54,54,60,54,67,71,67,69,75,69,20,Duirval Diniz,75,75,5500000,26,1697,CB,Brazil,Defender,Rotation 70-77,Defender / Rotation 70-77
Álex Baena,Alejandro Baena Rodríguez,75,82,11000000,"RM,CM,ST",CAM,Spain,https://cdn.sofifa.net/players/257/279/23_60.png,20,174,69,1953,418,Villarreal CF,21000,25300000,SUB,2025,16,2019,-,Right,4,3,1,-,https://cdn.sofifa.net/flags/es.png,-,-,High,Medium,76,74,73,74,59,62,69,75,58,76,68,75,68,65,71,75,77,76,78,71,68,75,40,68,58,73,70,59,76,75,63,68,59,61,58,6,11,8,12,11,74,75,75,75,75,75,77,76,74,76,69,69,69,68,64,68,19,Álex Baena,75,82,11000000,20,1953,CAM,Spain,Midfield,Rotation 70-77,Midfield / Rotation 70-77
Elildo Petri,Elias Thiago Petri Taffarel,75,75,6000000,"RM,CAM",RM,Brazil,https://cdn.sofifa.net/players/230/427/23_60.png,26,172,71,1801,389,Palmeiras,33000,10800000,SUB,2025,27,2022,-,Right,4,2,1,-,https://cdn.sofifa.net/flags/br.png,-,-,Medium,Medium,73,68,75,77,29,67,71,65,43,83,67,80,74,69,76,76,73,73,72,73,73,75,33,61,73,69,70,28,71,66,68,68,32,25,15,15,9,9,8,6,72,74,73,73,73,74,75,75,71,75,57,57,57,51,46,51,18,Elildo Petri,75,75,6000000,26,1801,RM,Brazil,Midfield,Rotation 70-77,Midfield / Rotation 70-77
Dênildo Stein,Dênis Rubens Stein Rebelo,75,75,1900000,"ST,CF",ST,Brazil,https://cdn.sofifa.net/players/230/502/23_60.png,38,180,71,1789,380,Ceará Sporting Club,12000,3600000,ST,2025,10,2022,-,Left,3,3,1,-,https://cdn.sofifa.net/flags/br.png,-,-,High,Medium,76,76,61,73,30,64,61,78,77,62,77,76,62,63,55,75,73,78,62,79,56,76,55,61,69,73,57,34,72,65,64,65,22,23,22,8,14,12,16,12,75,72,74,74,74,72,73,72,66,72,54,52,54,52,47,52,22,Dênildo Stein,75,75,1900000,38,1789,ST,Brazil,Forward,Rotation 70-77,Forward / Rotation 70-77
Formosandrinho,Estevão Daniel Formoso Serpa,75,75,5500000,"ST,CF",ST,Brazil,https://cdn.sofifa.net/players/230/524/23_60.png,30,178,72,1745,371,Clube Atlético Mineiro,34000,9900000,ST,2025,22,2022,-,Right,3,3,1,-,https://cdn.sofifa.net/flags/br.png,-,-,Medium,Medium,77,77,60,73,24,60,57,76,77,65,72,72,61,55,58,73,76,78,77,73,71,85,63,61,63,77,52,23,75,56,56,78,20,14,15,8,9,8,8,11,75,71,73,73,73,71,72,71,64,71,51,48,51,48,43,48,18,Formosandrinho,75,75,5500000,30,1745,ST,Brazil,Forward,Rotation 70-77,Forward / Rotation 70-77
E. Gómez,Elías Gómez,75,75,5000000,"LB,LWB",LB,Argentina,https://cdn.sofifa.net/players/221/053/23_60.png,28,175,79,2022,432,River Plate,16000,7000000,LB,2025,29,2022,-,Left,3,3,1,-,https://cdn.sofifa.net/flags/ar.png,-,-,High,Medium,81,62,71,74,67,77,77,58,65,70,59,75,75,59,67,74,80,82,75,72,75,72,58,82,78,61,74,66,72,70,58,71,65,70,72,13,15,10,15,8,72,72,71,71,71,72,73,75,73,75,75,73,75,75,72,75,21,E. Gómez,75,75,5000000,28,2022,LB,Argentina,Defender,Rotation 70-77,Defender / Rotation 70-77
R. Thomas,Romain Thomas,75,75,1800000,CB,CB,France,https://cdn.sofifa.net/players/184/190/23_60.png,34,193,84,1528,319,Stade Malherbe Caen,8000,3200000,CB,2025,29,2022,-,Left,3,2,2,-,https://cdn.sofifa.net/flags/fr.png,-,-,Medium,High,33,37,54,47,76,72,42,30,79,69,18,31,39,34,68,65,33,33,38,71,41,64,69,46,83,28,76,74,28,37,50,73,76,77,74,13,7,11,14,10,51,43,46,46,46,43,49,48,58,48,62,71,62,65,75,65,20,R. Thomas,75,75,1800000,34,1528,CB,France,Defender,Rotation 70-77,Defender / Rotation 70-77
Rafael Cachoira,Rafael Jorgino Cachoira Rebelo,75,75,6000000,"CB,CDM",CB,Brazil,https://cdn.sofifa.net/players/230/528/23_60.png,22,188,84,1717,364,RB Bragantino,13000,11400000,CB,2025,5,2022,-,Right,3,2,1,-,https://cdn.sofifa.net/flags/br.png,-,-,Medium,Medium,53,40,58,59,77,77,56,30,73,66,49,58,62,49,76,62,46,59,54,67,40,60,54,62,83,42,84,75,40,36,42,70,82,77,73,12,12,12,13,11,56,52,52,52,52,52,55,57,62,57,68,73,68,70,75,70,20,Rafael Cachoira,75,75,6000000,22,1717,CB,Brazil,Defender,Rotation 70-77,Defender / Rotation 70-77
R. Alessandrini,Romain Alessandrini,75,75,3600000,"ST,RM,LM",ST,France,https://cdn.sofifa.net/players/184/575/23_60.png,33,173,79,2022,426,Shenzhen FC,14000,5600000,SUB,2023,10,2022,-,Left,4,4,2,-,https://cdn.sofifa.net/flags/fr.png,-,-,High,Low,85,78,72,78,45,68,71,75,53,72,75,77,77,76,67,78,84,86,83,76,81,83,71,73,63,80,75,33,77,74,73,76,43,55,34,11,12,9,16,9,75,75,75,75,75,75,75,75,73,75,64,62,64,61,56,61,21,R. Alessandrini,75,75,3600000,33,2022,ST,France,Forward,Rotation 70-77,Forward / Rotation 70-77
João Paulo,João Paulo Mior,75,75,4600000,"CM,CDM",CM,Brazil,https://cdn.sofifa.net/players/205/953/23_60.png,31,171,71,2031,432,Seattle Sounders FC,9000,6900000,SUB,2023,6,2020,-,Right,3,3,1,-,https://cdn.sofifa.net/flags/br.png,-,-,Medium,High,72,69,77,75,69,70,74,66,54,81,67,74,68,67,78,77,74,71,77,71,78,78,43,78,68,71,72,64,71,77,57,75,75,71,67,15,8,16,14,9,72,74,73,73,73,74,75,75,75,75,75,75,75,73,70,73,20,João Paulo,75,75,4600000,31,2031,CM,Brazil,Midfield,Rotation 70-77,Midfield / Rotation 70-77
Dani García,Daniel García Carrillo,75,75,4400000,CM,CDM,Spain,https://cdn.sofifa.net/players/216/194/23_60.png,32,180,81,1927,395,Athletic Club de Bilbao,24000,9200000,SUB,2024,14,2018,-,Right,3,3,1,-,https://cdn.sofifa.net/flags/es.png,-,-,Low,High,37,63,70,70,74,81,55,58,48,76,53,66,61,57,77,74,36,37,66,78,76,69,65,89,79,68,78,79,74,74,58,68,72,81,72,6,14,14,6,11,66,65,67,67,67,65,71,68,75,68,72,75,72,71,75,71,19,Dani García,75,75,4400000,32,1927,CDM,Spain,Midfield,Rotation 70-77,Midfield / Rotation 70-77
Pepelu,Jose Luís García Vayá,75,81,9000000,"CM,CDM",CM,Spain,https://cdn.sofifa.net/players/230/786/23_60.png,23,186,73,2011,422,Levante Unión Deportiva,11000,16200000,CM,2032,8,2014,-,Right,3,3,1,-,https://cdn.sofifa.net/flags/es.png,-,-,Medium,Medium,64,64,76,71,71,76,71,58,54,77,58,70,80,75,78,75,62,66,66,78,63,75,59,88,72,68,74,74,66,76,68,74,72,73,69,12,13,6,9,6,69,70,70,70,70,70,74,74,77,74,76,77,76,75,73,75,19,Pepelu,75,81,9000000,23,2011,CM,Spain,Midfield,Rotation 70-77,Midfield / Rotation 70-77
F. Cristaldo,Franco Cristaldo,75,78,7500000,"CAM,CM,LM",CAM,Argentina,https://cdn.sofifa.net/players/223/097/23_60.png,25,170,69,2007,425,Club Atlético Huracán,13000,11800000,CAM,2024,10,2020,-,Right,3,4,1,-,https://cdn.sofifa.net/flags/ar.png,-,-,Medium,High,75,69,72,74,63,72,59,70,51,76,55,73,63,62,74,75,76,75,80,70,82,69,70,82,67,73,72,69,74,79,60,68,58,69,64,14,12,9,11,14,72,73,73,73,73,73,77,75,77,75,72,73,72,71,68,71,21,F. Cristaldo,75,78,7500000,25,2007,CAM,Argentina,Midfield,Rotation 70-77,Midfield / Rotation 70-77
Iborra,Vicente Iborra de la Fuente,75,75,1900000,"CDM,CM",CDM,Spain,https://cdn.sofifa.net/players/189/560/23_60.png,34,190,80,1954,407,Levante Unión Deportiva,26000,0,CDM,2023,10,2019,TRUE,Right,4,3,2,-,https://cdn.sofifa.net/flags/es.png,-,-,Medium,Medium,53,64,72,65,74,79,59,60,79,78,66,62,66,67,76,76,52,54,45,72,48,75,72,61,90,59,74,74,75,74,69,80,76,71,70,14,11,6,15,8,72,66,69,69,69,66,71,69,74,69,70,75,70,71,75,71,20,Iborra,75,75,1900000,34,1954,CDM,Spain,Midfield,Rotation 70-77,Midfield / Rotation 70-77
L. Giannetti,Lautaro Giannetti,75,77,5500000,CB,CB,Argentina,https://cdn.sofifa.net/players/215/147/23_60.png,28,184,79,1658,369,Vélez Sarsfield,15000,8700000,SUB,2023,17,2012,-,Right,4,2,1,-,https://cdn.sofifa.net/flags/ar.png,-,-,Medium,High,71,34,54,55,77,78,35,31,69,73,27,47,33,28,54,63,67,75,53,69,55,49,84,72,83,29,71,75,30,52,39,66,81,77,75,13,13,13,8,15,54,52,52,52,52,52,56,57,61,57,69,73,69,72,77,72,21,L. Giannetti,75,77,5500000,28,1658,CB,Argentina,Defender,Rotation 70-77,Defender / Rotation 70-77
Iván Alejo,Iván Alejo Peralta,75,75,6000000,"RM,LM",RW,Spain,https://cdn.sofifa.net/players/231/280/23_60.png,27,184,76,1897,414,Cádiz CF,27000,12600000,RM,2025,11,2020,-,Right,3,4,1,-,https://cdn.sofifa.net/flags/es.png,-,-,Medium,Medium,81,73,73,76,44,67,76,77,47,75,59,80,76,66,69,75,83,79,85,67,52,78,67,51,73,69,71,38,70,68,55,61,48,42,42,9,12,14,14,10,74,75,74,74,74,75,75,75,70,75,62,61,62,59,56,59,20,Iván Alejo,75,75,6000000,27,1897,RW,Spain,Forward,Rotation 70-77,Forward / Rotation 70-77
Lincoln,Lincoln Oliveira dos Santos,75,82,11500000,"CAM,CM",LM,Brazil,https://cdn.sofifa.net/players/233/585/23_60.png,23,178,73,1976,413,Fenerbahçe SK,46000,24200000,SUB,2026,18,2022,-,Left,3,4,1,-,https://cdn.sofifa.net/flags/br.png,-,-,High,Medium,78,70,77,78,45,65,77,69,51,77,69,78,81,76,77,76,80,77,85,70,76,74,68,76,63,67,57,46,72,78,70,78,40,48,44,13,12,11,9,9,72,75,74,74,74,75,77,78,75,78,66,64,66,63,56,63,19,Lincoln,75,82,11500000,23,1976,LM,Brazil,Midfield,Rotation 70-77,Midfield / Rotation 70-77
B. Chardonnet,Brendan Chardonnet,75,78,6500000,CB,CB,France,https://cdn.sofifa.net/players/215/410/23_60.png,27,181,74,1733,364,Stade Brestois 29,20000,13500000,CB,2025,5,2014,-,Right,3,2,1,-,https://cdn.sofifa.net/flags/fr.png,-,-,Medium,High,54,45,54,60,75,76,45,46,76,68,42,52,38,35,63,68,53,55,56,72,69,49,80,68,80,35,74,75,50,38,64,67,76,76,72,10,14,10,11,13,60,55,55,55,55,55,58,59,63,59,68,72,68,70,77,70,20,B. Chardonnet,75,78,6500000,27,1733,CB,France,Defender,Rotation 70-77,Defender / Rotation 70-77
F. Zuqui,Fernando Zuqui,75,75,5500000,"CM,CAM,CDM",CM,Argentina,https://cdn.sofifa.net/players/215/155/23_60.png,30,173,66,2019,428,Estudiantes de La Plata,13000,8300000,CM,2024,8,2017,-,Right,3,3,1,-,https://cdn.sofifa.net/flags/ar.png,-,-,Medium,Medium,73,63,76,74,69,73,67,62,56,81,49,71,69,68,74,74,72,74,80,70,89,66,69,90,64,66,75,72,67,80,53,70,73,70,65,7,9,15,15,7,69,71,71,71,71,71,75,75,75,75,75,75,75,74,71,74,18,F. Zuqui,75,75,5500000,30,2019,CM,Argentina,Midfield,Rotation 70-77,Midfield / Rotation 70-77
N. Füllkrug,Niclas Füllkrug,75,75,5500000,ST,ST,Germany,https://cdn.sofifa.net/players/205/431/23_60.png,29,189,83,1817,379,SV Werder Bremen,26000,9900000,ST,2025,11,2019,-,Right,4,3,1,-,https://cdn.sofifa.net/flags/de.png,-,-,High,Medium,61,76,62,70,36,74,63,76,80,67,70,70,69,69,48,75,61,61,59,75,52,79,70,63,82,73,67,24,80,61,79,72,41,30,17,15,9,10,13,9,75,70,72,72,72,70,71,70,65,70,53,53,53,51,52,51,20,N. Füllkrug,75,75,5500000,29,1817,ST,Germany,Forward,Rotation 70-77,Forward / Rotation 70-77
L. Abergel,Laurent Abergel,75,75,4800000,"CDM,CM",CDM,France,https://cdn.sofifa.net/players/213/367/23_60.png,29,170,65,1879,404,FC Lorient,18000,9600000,CDM,2025,6,2019,-,Right,3,3,1,-,https://cdn.sofifa.net/flags/fr.png,-,-,Medium,High,69,49,68,72,71,75,67,42,52,75,37,70,42,47,69,75,74,64,74,72,83,68,78,88,67,49,76,74,58,66,42,62,69,76,74,7,14,15,8,7,63,66,65,65,65,66,69,71,73,71,75,75,75,75,73,75,18,L. Abergel,75,75,4800000,29,1879,CDM,France,Midfield,Rotation 70-77,Midfield / Rotation 70-77
A. Losilla,Anthony Losilla,75,75,1100000,"CDM,CM,CB",CDM,France,https://cdn.sofifa.net/players/199/288/23_60.png,36,185,78,1880,395,VfL Bochum 1848,15000,2000000,CDM,2023,8,2014,-,Right,3,3,1,-,https://cdn.sofifa.net/flags/fr.png,-,-,High,High,52,57,67,71,72,76,55,55,75,77,64,70,54,47,72,74,53,52,67,72,69,63,83,85,75,58,67,74,41,67,49,77,70,75,66,16,8,10,10,7,64,63,63,63,63,63,68,67,73,67,72,75,72,71,74,71,19,A. Losilla,75,75,1100000,36,1880,CDM,France,Midfield,Rotation 70-77,Midfield / Rotation 70-77
Samu Sáiz,Samuel Sáiz Alonso,75,75,4800000,"ST,LM,RM",RW,Spain,https://cdn.sofifa.net/players/198/143/23_60.png,31,174,68,1947,406,Girona FC,26000,10600000,SUB,2023,10,2019,-,Right,3,4,1,-,https://cdn.sofifa.net/flags/es.png,-,-,High,Medium,79,75,74,77,31,70,74,75,64,78,68,76,80,69,68,78,80,79,82,77,87,77,71,74,74,74,56,25,77,70,75,68,27,30,20,9,9,14,15,15,75,75,75,75,75,75,75,75,72,75,59,56,59,55,48,55,21,Samu Sáiz,75,75,4800000,31,1947,RW,Spain,Forward,Rotation 70-77,Forward / Rotation 70-77
R. Henry,Rico Henry,75,78,7000000,"LWB,LB",LWB,England,https://cdn.sofifa.net/players/224/494/23_60.png,24,170,66,1859,405,Brentford,33000,13800000,LB,2026,3,2016,-,Left,2,3,1,-,https://cdn.sofifa.net/flags/gb-eng.png,-,-,High,High,90,40,59,74,70,72,66,40,48,67,33,69,48,39,50,74,91,89,89,73,90,43,92,80,65,34,76,72,65,52,43,65,72,73,71,13,12,12,6,12,61,67,64,64,64,67,67,70,66,70,75,71,75,75,72,75,20,R. Henry,75,78,7000000,24,1859,LWB,England,Defender,Rotation 70-77,Defender / Rotation 70-77
G. Higuaín,Gonzalo Higuaín,75,75,2700000,ST,ST,Argentina,https://cdn.sofifa.net/players/167/664/23_60.png,34,186,89,1765,362,Inter Miami CF,10000,3900000,ST,2022,10,2020,-,Right,4,3,4,-,https://cdn.sofifa.net/flags/ar.png,-,-,Low,Low,48,79,71,72,28,64,65,77,74,74,75,75,74,74,65,77,47,48,50,75,56,85,72,43,80,79,50,18,81,74,70,78,32,20,16,5,12,7,5,10,75,71,74,74,74,71,75,72,70,72,50,53,50,47,47,47,18,G. Higuaín,75,75,2700000,34,1765,ST,Argentina,Forward,Rotation 70-77,Forward / Rotation 70-77
N. Stark,Niklas Stark,75,77,6000000,"CB,CDM",CB,Germany,https://cdn.sofifa.net/players/212/977/23_60.png,27,190,88,1849,406,SV Werder Bremen,21000,11300000,SUB,2022,4,2022,-,Right,3,2,2,-,https://cdn.sofifa.net/flags/de.png,-,-,Medium,Medium,75,50,63,67,76,75,50,45,79,73,48,66,41,35,65,68,75,75,65,73,62,63,67,73,78,52,74,75,52,68,39,68,75,77,76,7,15,10,15,13,65,63,64,64,64,63,67,67,70,67,73,75,73,74,77,74,21,N. Stark,75,77,6000000,27,1849,CB,Germany,Defender,Rotation 70-77,Defender / Rotation 70-77
J. Brownhill,Josh Brownhill,75,78,7500000,"CM,RM",CDM,England,https://cdn.sofifa.net/players/220/659/23_60.png,26,180,69,2030,430,Burnley,40000,14800000,CAM,2024,8,2020,-,Right,3,3,1,-,https://cdn.sofifa.net/flags/gb-eng.png,-,-,Medium,High,67,65,71,74,75,78,65,61,67,74,54,73,63,70,73,76,71,64,70,77,71,76,84,89,71,71,78,82,69,71,46,72,72,77,68,8,11,12,7,9,72,71,71,71,71,71,74,74,77,74,76,78,76,76,76,76,18,J. Brownhill,75,78,7500000,26,2030,CDM,England,Midfield,Rotation 70-77,Midfield / Rotation 70-77
Omar Mascarell,Omar Mascarell González,75,75,4800000,"CDM,CM",CDM,Spain,https://cdn.sofifa.net/players/208/620/23_60.png,29,181,76,1928,401,Elche CF,18000,10600000,CM,2025,21,2021,-,Right,5,3,2,-,https://cdn.sofifa.net/flags/es.png,-,-,Low,Medium,57,60,69,72,72,71,53,53,59,77,56,71,61,65,78,74,62,52,74,74,72,72,73,76,70,66,69,72,59,67,63,70,73,75,69,6,7,9,10,11,66,66,67,67,67,66,71,69,74,69,71,75,71,71,73,71,18,Omar Mascarell,75,75,4800000,29,1928,CDM,Spain,Midfield,Rotation 70-77,Midfield / Rotation 70-77
Lekue,Iñigo Lekue Martínez,75,75,4900000,"RB,LB",RB,Spain,https://cdn.sofifa.net/players/225/523/23_60.png,29,180,70,1976,425,Athletic Club de Bilbao,23000,10300000,LB,2023,15,2015,-,Right,3,3,1,-,https://cdn.sofifa.net/flags/es.png,-,-,High,Medium,81,62,70,70,70,72,74,64,61,72,41,70,69,56,65,71,83,79,71,76,69,62,68,76,71,62,70,75,72,70,53,66,69,71,70,15,16,13,13,9,70,72,71,71,71,72,73,74,73,74,75,73,75,75,72,75,22,Lekue,75,75,4900000,29,1976,RB,Spain,Defender,Rotation 70-77,Defender / Rotation 70-77
A. Maitland-Niles,Ainsley Maitland-Niles,75,77,6500000,"RWB,RM,RB",RWB,England,https://cdn.sofifa.net/players/225/782/23_60.png,24,177,71,1972,425,Southampton,49000,0,SUB,2023,3,2014,TRUE,Right,3,4,2,-,https://cdn.sofifa.net/flags/gb-eng.png,-,-,Medium,Medium,78,62,70,74,70,71,69,58,50,74,44,73,64,50,68,75,79,77,79,73,71,69,66,78,69,66,69,70,70,70,69,73,71,75,72,15,9,7,10,13,69,72,71,71,71,72,74,74,74,74,75,74,75,74,72,74,20,A. Maitland-Niles,75,77,6500000,24,1972,RWB,England,Defender,Rotation 70-77,Defender / Rotation 70-77
W. Bou,Walter Bou,75,75,6000000,"ST,CF,CAM",ST,Argentina,https://cdn.sofifa.net/players/224/510/23_60.png,28,174,74,2005,415,Vélez Sarsfield,17000,9000000,CAM,2025,20,2022,-,Right,2,4,1,-,https://cdn.sofifa.net/flags/ar.png,-,-,High,Medium,75,75,68,76,46,75,66,75,70,72,73,76,67,60,62,74,78,73,77,75,76,78,89,82,70,73,77,50,78,70,74,77,29,52,47,12,15,12,11,12,75,74,75,75,75,74,75,75,72,75,65,64,65,63,60,63,21,W. Bou,75,75,6000000,28,2005,ST,Argentina,Forward,Rotation 70-77,Forward / Rotation 70-77
C. Ansaldi,Cristian Ansaldi,75,75,1700000,"LWB,LB,LM",LWB,Argentina,https://cdn.sofifa.net/players/173/306/23_60.png,35,181,76,1981,416,Parma,4000,2700000,LM,2022,14,2022,-,Right,5,4,2,-,https://cdn.sofifa.net/flags/ar.png,-,-,Medium,High,69,63,73,73,71,67,76,57,60,79,68,72,73,47,70,77,67,71,72,70,69,72,69,69,64,68,72,69,70,70,52,74,69,76,76,15,15,11,8,8,70,71,70,70,70,71,74,74,74,74,75,75,75,74,73,74,20,C. Ansaldi,75,75,1700000,35,1981,LWB,Argentina,Defender,Rotation 70-77,Defender / Rotation 70-77
B. Hübner,Benjamin Hübner,75,75,3600000,CB,CB,Germany,https://cdn.sofifa.net/players/189/433/23_60.png,32,193,86,1587,328,TSG Hoffenheim,28000,6100000,SUB,2023,21,2016,-,Left,2,2,2,-,https://cdn.sofifa.net/flags/de.png,-,-,Medium,Medium,38,33,55,57,78,67,47,25,80,63,45,58,40,42,64,59,42,34,34,74,46,52,61,34,80,22,76,78,41,51,50,71,79,78,77,16,8,7,8,16,53,49,50,50,50,49,54,53,60,53,64,71,64,66,75,66,21,B. Hübner,75,75,3600000,32,1587,CB,Germany,Defender,Rotation 70-77,Defender / Rotation 70-77
N. Clyne,Nathaniel Clyne,74,74,3100000,RB,RB,England,https://cdn.sofifa.net/players/190/456/23_60.png,31,175,67,1930,408,Crystal Palace,39000,5900000,RB,2023,17,2020,-,Right,2,3,2,-,https://cdn.sofifa.net/flags/gb-eng.png,-,-,Medium,High,69,60,70,72,73,64,76,54,67,73,45,71,64,49,66,73,73,66,70,72,72,73,69,62,60,67,76,74,66,68,46,74,74,74,74,10,11,13,15,7,68,69,69,69,69,69,71,72,72,72,74,73,74,74,74,74,20,N. Clyne,74,74,3100000,31,1930,RB,England,Defender,Rotation 70-77,Defender / Rotation 70-77
A. Adli,Amine Adli,74,84,9500000,"ST,LM",CAM,France,https://cdn.sofifa.net/players/255/223/23_60.png,22,174,72,1892,399,Bayer 04 Leverkusen,37000,18100000,SUB,2026,21,2021,-,Left,3,4,1,-,https://cdn.sofifa.net/flags/fr.png,-,-,High,High,86,72,67,80,40,54,65,71,71,71,67,82,73,52,61,80,86,86,85,69,82,78,75,77,47,70,36,30,76,68,68,70,44,35,35,10,8,14,8,12,76,76,76,76,76,76,77,77,70,77,62,56,62,59,50,59,18,A. Adli,74,84,9500000,22,1892,CAM,France,Midfield,Rotation 70-77,Midfield / Rotation 70-77
Ailtio Coelho,Ailton Diogo Coelho Barbosa,74,74,4099999,LM,LM,Brazil,https://cdn.sofifa.net/players/230/392/23_60.png,30,176,75,1888,397,São Paulo,31000,7800000,SUB,2025,33,2022,-,Left,3,2,1,-,https://cdn.sofifa.net/flags/br.png,-,-,Medium,Medium,82,72,71,74,38,60,71,71,69,68,72,73,70,73,71,74,85,80,82,70,74,74,52,64,66,75,43,48,72,75,65,68,36,29,20,16,10,15,14,11,74,74,73,73,73,74,74,74,70,74,59,57,59,56,50,56,21,Ailtio Coelho,74,74,4099999,30,1888,LM,Brazil,Midfield,Rotation 70-77,Midfield / Rotation 70-77
L. Perrin,Lucas Perrin,74,79,6000000,CB,CB,France,https://cdn.sofifa.net/players/243/449/23_60.png,23,188,81,1600,347,RC Strasbourg Alsace,18000,11900000,CB,2025,5,2022,-,Right,2,2,1,-,https://cdn.sofifa.net/flags/fr.png,-,-,Medium,Medium,51,35,55,59,76,71,42,28,77,72,18,57,42,30,62,68,49,52,41,71,52,59,70,70,73,30,67,75,23,43,46,63,74,77,76,9,13,13,13,8,53,50,51,51,51,50,55,56,62,56,68,72,68,70,76,70,19,L. Perrin,74,79,6000000,23,1600,CB,France,Defender,Rotation 70-77,Defender / Rotation 70-77
Guilherme,Guilherme Costa Marques,74,74,3500000,"RM,CAM",RM,Brazil,https://cdn.sofifa.net/players/200/438/23_60.png,31,174,70,1981,421,Guangzhou City,11000,5400000,SUB,2026,12,2021,-,Left,3,4,1,-,https://cdn.sofifa.net/flags/br.png,-,-,High,Low,91,67,69,76,51,67,65,65,50,73,64,75,59,70,67,73,90,91,90,70,85,71,82,74,59,68,73,61,68,70,57,71,38,56,55,15,12,14,6,15,71,74,72,72,72,74,74,74,72,74,69,66,69,67,61,67,20,Guilherme,74,74,3500000,31,1981,RM,Brazil,Midfield,Rotation 70-77,Midfield / Rotation 70-77
Douglas Armeira,Douglas Arthur Armeira Bahia,74,74,3600000,RB,RB,Brazil,https://cdn.sofifa.net/players/236/112/23_60.png,30,174,74,1898,407,Palmeiras,28000,6500000,SUB,2025,3,2022,-,Right,3,3,1,-,https://cdn.sofifa.net/flags/br.png,-,-,High,Medium,72,57,63,69,72,74,70,54,59,69,53,69,63,47,52,67,70,74,71,68,76,71,71,83,67,50,82,70,57,56,58,66,77,74,72,12,7,11,11,7,65,65,64,64,64,65,65,68,66,68,74,72,74,74,73,74,18,Douglas Armeira,74,74,3600000,30,1898,RB,Brazil,Defender,Rotation 70-77,Defender / Rotation 70-77
A. Solari,Augusto Solari,74,74,4099999,"RM,LM",RM,Argentina,https://cdn.sofifa.net/players/212/214/23_60.png,30,180,80,1981,425,RC Celta de Vigo,20000,8600000,SUB,2023,21,2021,-,Right,3,3,1,-,https://cdn.sofifa.net/flags/ar.png,-,-,Medium,High,85,62,72,75,58,73,71,64,63,72,37,74,75,73,70,73,79,89,87,69,74,65,87,73,74,59,69,65,69,71,57,73,53,55,61,7,15,13,11,7,71,72,71,71,71,72,74,74,72,74,70,68,70,69,66,69,19,A. Solari,74,74,4099999,30,1981,RM,Argentina,Midfield,Rotation 70-77,Midfield / Rotation 70-77
Sergio Álvarez,Sergio Álvarez Díaz,74,74,3500000,"CDM,CM",CDM,Spain,https://cdn.sofifa.net/players/199/158/23_60.png,30,183,74,1932,409,SD Eibar,9000,5600000,CDM,2024,6,2018,-,Right,3,2,1,-,https://cdn.sofifa.net/flags/es.png,-,-,Medium,Medium,59,66,67,67,70,80,54,60,57,71,59,64,59,53,72,71,58,60,70,71,54,80,74,91,77,73,76,75,64,73,41,81,70,71,69,12,13,16,16,8,68,65,67,67,67,65,70,69,74,69,72,74,72,71,73,71,21,Sergio Álvarez,74,74,3500000,30,1932,CDM,Spain,Midfield,Rotation 70-77,Midfield / Rotation 70-77
Luis Pérez,Luis Jesús Pérez Maqueda,74,75,4400000,"RB,RWB",RB,Spain,https://cdn.sofifa.net/players/235/088/23_60.png,27,174,71,1872,412,Real Valladolid CF,18000,9600000,RB,2023,2,2020,-,Right,2,3,1,-,https://cdn.sofifa.net/flags/es.png,-,-,High,Medium,88,47,63,68,69,77,68,45,55,68,29,68,58,45,53,61,89,88,82,66,77,51,88,89,75,45,64,73,76,61,44,65,68,71,70,9,10,6,7,13,64,67,65,65,65,67,67,71,67,71,74,70,74,74,71,74,18,Luis Pérez,74,75,4400000,27,1872,RB,Spain,Defender,Rotation 70-77,Defender / Rotation 70-77
J. Cork,Jack Cork,74,74,2100000,"CDM,CM",CDM,England,https://cdn.sofifa.net/players/169/706/23_60.png,33,184,75,1910,387,Burnley,34000,4000000,CDM,2024,4,2017,-,Right,4,3,2,-,https://cdn.sofifa.net/flags/gb-eng.png,-,-,Low,High,40,60,70,68,73,76,69,54,70,76,53,65,74,64,72,73,49,33,59,72,63,73,75,79,75,63,74,74,63,58,60,79,74,75,69,13,11,16,6,6,66,63,64,64,64,63,67,67,72,67,72,74,72,71,74,71,18,J. Cork,74,74,2100000,33,1910,CDM,England,Midfield,Rotation 70-77,Midfield / Rotation 70-77
Bruno Henrique,Bruno Henrique Corsini,74,74,2800000,"CDM,CM",CDM,Brazil,https://cdn.sofifa.net/players/216/813/23_60.png,32,179,75,2002,418,Al Ittihad,29000,4800000,CM,2023,19,2020,-,Right,3,3,1,-,https://cdn.sofifa.net/flags/br.png,-,-,High,Medium,61,67,74,69,71,76,77,60,70,74,55,67,75,72,76,75,59,62,59,70,63,79,74,70,77,75,80,72,66,68,67,71,71,70,68,11,11,7,11,11,70,68,69,69,69,68,71,71,74,71,73,74,73,72,74,72,19,Bruno Henrique,74,74,2800000,32,2002,CDM,Brazil,Midfield,Rotation 70-77,Midfield / Rotation 70-77
Kaimo Lima,Kauê Enaldo Lima Rodrigues,74,74,4000000,"CB,CDM,LB",CB,Brazil,https://cdn.sofifa.net/players/230/381/23_60.png,26,188,77,1968,419,Fluminense,19000,7600000,LB,2025,3,2022,-,Left,3,2,1,-,https://cdn.sofifa.net/flags/br.png,-,-,Medium,Medium,74,63,69,68,75,70,70,50,75,74,59,68,52,70,77,70,72,76,64,71,55,79,81,61,74,76,68,76,59,58,66,76,74,76,70,8,8,9,10,12,69,67,67,67,67,67,69,70,71,70,73,74,73,74,74,74,18,Kaimo Lima,74,74,4000000,26,1968,CB,Brazil,Defender,Rotation 70-77,Defender / Rotation 70-77
M. Richter,Marco Richter,74,77,6000000,"RM,CAM,LM",ST,Germany,https://cdn.sofifa.net/players/238/068/23_60.png,24,176,74,1802,386,Hertha BSC,22000,11300000,SUB,2025,23,2021,-,Right,4,4,1,-,https://cdn.sofifa.net/flags/de.png,-,-,Medium,Medium,75,71,67,78,34,61,68,70,68,69,70,80,60,47,65,76,85,66,81,75,79,75,54,69,65,72,41,22,73,69,56,72,21,42,37,12,13,7,5,10,75,74,74,74,74,74,75,75,69,75,58,54,58,55,48,55,19,M. Richter,74,77,6000000,24,1802,ST,Germany,Forward,Rotation 70-77,Forward / Rotation 70-77
Petros,Petros Matheus dos Santos Araujo,74,74,2600000,"CM,CDM",CDM,Brazil,https://cdn.sofifa.net/players/222/709/23_60.png,33,181,77,2025,429,Al Fateh,26000,4300000,CM,2024,6,2022,-,Right,3,3,2,-,https://cdn.sofifa.net/flags/br.png,-,-,High,High,64,67,70,73,72,83,61,66,68,75,56,72,58,60,74,75,66,63,69,75,69,75,71,90,77,66,90,76,67,73,55,79,68,74,74,16,13,9,10,14,72,70,71,71,71,70,74,73,74,73,74,74,74,74,74,74,22,Petros,74,74,2600000,33,2025,CDM,Brazil,Midfield,Rotation 70-77,Midfield / Rotation 70-77
I. Pussetto,Ignacio Pussetto,74,76,5500000,"ST,CF",ST,Argentina,https://cdn.sofifa.net/players/219/536/23_60.png,26,180,74,1731,375,U.C. Sampdoria,40000,0,SUB,2023,18,2020,TRUE,Right,4,3,1,-,https://cdn.sofifa.net/flags/ar.png,-,-,High,Medium,78,72,63,77,25,60,65,76,67,71,64,80,43,42,63,77,79,77,76,72,69,73,71,66,66,65,33,12,77,58,69,70,25,18,25,6,14,11,11,10,76,74,74,74,74,74,74,75,66,75,54,49,54,50,42,50,19,I. Pussetto,74,76,5500000,26,1731,ST,Argentina,Forward,Rotation 70-77,Forward / Rotation 70-77
B. Merlini,Bautista Merlini,74,74,4600000,"LM,LW,RM",LM,Argentina,https://cdn.sofifa.net/players/233/372/23_60.png,26,167,65,1860,393,Club Libertad,950,10100000,LM,2023,8,2021,-,Right,3,4,1,-,https://cdn.sofifa.net/flags/ar.png,-,-,High,High,84,66,68,77,41,57,71,70,44,68,51,76,69,65,63,72,87,81,92,68,90,62,58,80,41,67,69,35,67,70,59,73,41,43,47,12,10,6,15,11,68,73,71,71,71,73,74,74,68,74,64,59,64,61,51,61,20,B. Merlini,74,74,4600000,26,1860,LM,Argentina,Midfield,Rotation 70-77,Midfield / Rotation 70-77
J. Reine-Adélaïde,Jeff Reine-Adélaïde,74,81,8500000,"CM,RM",CAM,France,https://cdn.sofifa.net/players/228/509/23_60.png,24,184,75,1920,410,Olympique Lyonnais,40000,17900000,SUB,2024,22,2019,-,Right,3,4,2,-,https://cdn.sofifa.net/flags/fr.png,-,-,High,Medium,71,70,72,79,54,64,65,70,58,78,63,83,66,53,72,79,72,71,75,73,65,79,63,64,68,67,56,62,75,77,55,78,41,61,49,10,15,11,16,8,75,75,76,76,76,75,78,77,76,77,67,68,67,65,62,65,21,J. Reine-Adélaïde,74,81,8500000,24,1920,CAM,France,Midfield,Rotation 70-77,Midfield / Rotation 70-77
Luis Rioja,Luis Rioja González,74,74,4200000,LM,LM,Spain,https://cdn.sofifa.net/players/224/415/23_60.png,28,176,70,1806,378,Deportivo Alavés,12000,6700000,LM,2025,11,2019,-,Left,4,3,1,-,https://cdn.sofifa.net/flags/es.png,-,-,High,Medium,77,66,70,77,37,51,74,67,32,71,48,79,72,68,69,75,80,75,85,68,80,75,71,70,44,57,41,36,73,63,69,62,42,36,35,6,9,10,12,14,68,73,71,71,71,73,73,74,68,74,61,57,61,57,46,57,19,Luis Rioja,74,74,4200000,28,1806,LM,Spain,Midfield,Rotation 70-77,Midfield / Rotation 70-77
V. Janelt,Vitaly Janelt,74,80,6500000,"CM,CDM",CDM,Germany,https://cdn.sofifa.net/players/235/167/23_60.png,24,184,79,1995,431,Brentford,34000,13700000,CDM,2026,27,2020,-,Left,3,3,1,-,https://cdn.sofifa.net/flags/de.png,-,-,High,High,68,69,71,72,73,78,68,67,55,75,72,72,48,54,76,74,69,67,68,75,70,76,72,81,78,69,76,75,71,73,52,75,74,76,72,6,8,6,6,14,72,71,72,72,72,71,74,74,76,74,76,77,76,75,75,75,18,V. Janelt,74,80,6500000,24,1995,CDM,Germany,Midfield,Rotation 70-77,Midfield / Rotation 70-77
Murilo,Murilo de Souza Costa,74,74,4500000,"RW,RM",RW,Brazil,https://cdn.sofifa.net/players/225/696/23_60.png,27,177,68,1815,392,Gil Vicente FC,12000,9500000,SUB,2024,77,2021,-,Left,3,3,1,-,https://cdn.sofifa.net/flags/br.png,-,-,Medium,Medium,88,70,65,79,25,65,66,69,58,66,68,80,69,72,57,79,90,86,87,71,70,76,67,77,71,66,32,23,67,65,70,68,21,21,23,13,11,8,9,7,74,74,73,73,73,74,74,74,66,74,57,50,57,53,43,53,19,Murilo,74,74,4500000,27,1815,RW,Brazil,Forward,Rotation 70-77,Forward / Rotation 70-77
A. Soumaoro,Adama Soumaoro,74,74,3500000,CB,CB,France,https://cdn.sofifa.net/players/200/353/23_60.png,30,187,91,1636,350,Bologna,25000,6000000,SUB,2024,5,2021,-,Right,3,2,1,-,https://cdn.sofifa.net/flags/fr.png,-,-,Medium,Medium,53,37,54,55,73,78,57,31,76,68,35,47,35,36,56,61,51,54,50,66,64,48,85,55,89,42,79,72,34,32,40,73,73,74,72,6,10,8,16,14,54,50,49,49,49,50,52,54,57,54,66,69,66,68,74,68,19,A. Soumaoro,74,74,3500000,30,1636,CB,France,Defender,Rotation 70-77,Defender / Rotation 70-77
Calero,Fernando Calero Villa,74,76,4600000,"CB,CDM",CB,Spain,https://cdn.sofifa.net/players/240/289/23_60.png,26,183,71,1836,388,RCD Espanyol de Barcelona,15000,10000000,SUB,2026,5,2019,-,Right,4,2,1,-,https://cdn.sofifa.net/flags/es.png,-,-,Medium,Medium,64,42,66,68,74,74,59,37,74,73,44,65,60,38,72,70,65,63,72,72,67,58,85,74,73,34,74,73,52,66,40,73,75,75,74,11,13,7,14,7,61,61,61,61,61,61,65,66,70,66,72,75,72,73,76,73,20,Calero,74,76,4600000,26,1836,CB,Spain,Defender,Rotation 70-77,Defender / Rotation 70-77
M. D'Arpino,Maxime D'Arpino,74,76,4700000,"CDM,CM",CDM,France,https://cdn.sofifa.net/players/234/914/23_60.png,26,175,62,1980,412,KV Oostende,11000,7200000,RES,2026,6,2020,-,Right,4,3,1,-,https://cdn.sofifa.net/flags/fr.png,-,-,High,Medium,65,61,74,70,69,73,76,52,48,74,59,66,76,77,75,71,71,60,83,68,80,74,55,87,66,72,78,72,59,72,55,68,68,73,73,12,5,10,7,6,65,68,66,66,66,68,71,71,74,71,75,75,75,73,70,73,16,M. D'Arpino,74,76,4700000,26,1980,CDM,France,Midfield,Rotation 70-77,Midfield / Rotation 70-77
A. Hahn,André Hahn,74,74,3600000,"ST,RM",ST,Germany,https://cdn.sofifa.net/players/211/862/23_60.png,31,185,80,1987,419,FC Augsburg,26000,6500000,RM,2023,28,2018,-,Right,4,3,2,-,https://cdn.sofifa.net/flags/de.png,-,-,High,High,69,74,68,70,55,83,79,74,75,67,73,71,54,52,63,73,69,69,59,77,61,81,84,87,80,75,85,52,75,72,49,64,49,56,59,14,14,13,15,11,74,72,73,73,73,72,73,74,72,74,69,67,69,68,67,68,22,A. Hahn,74,74,3600000,31,1987,ST,Germany,Forward,Rotation 70-77,Forward / Rotation 70-77
Hugo Guillamón,Hugo Guillamón Sammartín,74,82,9000000,"CDM,CB,CM",CDM,Spain,https://cdn.sofifa.net/players/246/352/23_60.png,22,178,62,1805,384,Valencia CF,22000,20700000,CDM,2023,6,2018,-,Right,4,2,1,-,https://cdn.sofifa.net/flags/es.png,-,-,Low,High,58,51,66,64,74,71,51,55,72,77,40,59,51,33,73,71,60,57,62,71,67,52,76,75,68,43,70,72,33,67,62,67,74,76,75,13,11,13,13,13,60,60,60,60,60,60,65,64,70,64,71,75,71,72,75,72,21,Hugo Guillamón,74,82,9000000,22,1805,CDM,Spain,Midfield,Rotation 70-77,Midfield / Rotation 70-77
Meirelinson,Fernando Elton Meireles Petri,74,74,3500000,CB,CB,Brazil,https://cdn.sofifa.net/players/230/293/23_60.png,30,182,79,1856,399,Sport Club Corinthians Paulista,23000,6700000,CB,2025,2,2022,-,Right,2,2,1,-,https://cdn.sofifa.net/flags/br.png,-,-,Medium,Medium,71,45,66,72,75,70,65,43,74,74,43,71,61,47,66,75,70,71,72,74,69,56,72,69,72,39,67,74,50,59,47,57,73,77,73,8,15,7,14,9,63,65,63,63,63,65,67,69,69,69,74,74,74,74,74,74,20,Meirelinson,74,74,3500000,30,1856,CB,Brazil,Defender,Rotation 70-77,Defender / Rotation 70-77
X. Chavalerin,Xavier Chavalerin,74,74,3500000,"CM,LM,CDM",CM,France,https://cdn.sofifa.net/players/193/683/23_60.png,31,178,66,1983,414,ESTAC Troyes,17000,7000000,SUB,2024,24,2021,-,Left,3,3,1,-,https://cdn.sofifa.net/flags/fr.png,-,-,Medium,High,59,67,73,71,69,75,68,66,58,77,59,70,70,71,72,74,58,59,67,73,73,74,60,89,70,65,72,74,68,72,63,69,69,71,68,11,15,6,14,7,70,69,70,70,70,69,73,73,74,73,74,74,74,73,71,73,20,X. Chavalerin,74,74,3500000,31,1983,CM,France,Midfield,Rotation 70-77,Midfield / Rotation 70-77
Sergio Gómez,Sergio Gómez Martín,74,83,9000000,"LB,RM,LM",CAM,Spain,https://cdn.sofifa.net/players/241/811/23_60.png,21,171,68,2059,424,Manchester City,53000,18500000,SUB,2026,21,2022,-,Left,3,4,1,-,https://cdn.sofifa.net/flags/es.png,-,-,High,Medium,70,70,74,75,69,66,77,67,47,74,69,74,75,76,69,73,76,65,85,73,83,72,71,78,58,70,68,73,72,76,78,73,70,72,70,11,7,9,11,10,70,73,72,72,72,73,75,75,75,75,75,74,75,74,69,74,19,Sergio Gómez,74,83,9000000,21,2059,CAM,Spain,Midfield,Rotation 70-77,Midfield / Rotation 70-77
Abel Ruiz,Abel Ruiz Ortega,74,83,9500000,ST,ST,Spain,https://cdn.sofifa.net/players/239/250/23_60.png,22,180,75,1813,394,SC Braga,13000,20900000,SUB,2025,9,2020,-,Right,3,4,1,-,https://cdn.sofifa.net/flags/es.png,-,-,High,Medium,74,74,66,75,38,67,57,75,64,73,71,76,58,56,63,78,73,75,72,72,64,74,70,73,73,73,46,24,75,67,64,69,45,38,20,6,10,10,10,8,76,73,74,74,74,73,75,74,70,74,57,57,57,54,51,54,18,Abel Ruiz,74,83,9500000,22,1813,ST,Spain,Forward,Rotation 70-77,Forward / Rotation 70-77
S. Simón,Santiago Simón,74,84,9500000,"RM,CM",CAM,Argentina,https://cdn.sofifa.net/players/256/408/23_60.png,20,181,74,1993,425,River Plate,11000,15200000,SUB,2024,31,2021,-,Right,2,3,1,-,https://cdn.sofifa.net/flags/ar.png,-,-,Medium,Medium,77,63,72,75,66,72,72,61,55,73,55,74,69,58,72,75,81,73,79,72,78,65,60,73,70,66,79,65,75,76,58,75,65,71,70,13,15,8,6,11,70,73,72,72,72,73,75,75,75,75,73,73,73,72,70,72,20,S. Simón,74,84,9500000,20,1993,CAM,Argentina,Midfield,Rotation 70-77,Midfield / Rotation 70-77
Y. Karamoh,Yann Karamoh,74,78,6000000,"LW,LM",CAM,France,https://cdn.sofifa.net/players/231/826/23_60.png,23,185,77,1797,383,Torino F.C.,33000,11300000,SUB,2023,7,2022,-,Right,4,4,1,-,https://cdn.sofifa.net/flags/fr.png,-,-,High,Medium,78,68,69,77,31,60,69,68,65,72,66,80,67,51,65,79,80,77,72,68,65,69,67,67,60,69,50,29,72,71,65,73,23,31,26,14,10,10,8,12,73,74,74,74,74,74,75,75,69,75,57,54,57,54,47,54,19,Y. Karamoh,74,78,6000000,23,1797,CAM,France,Midfield,Rotation 70-77,Midfield / Rotation 70-77
A. Armstrong,Adam Armstrong,74,77,5500000,"ST,LW",ST,England,https://cdn.sofifa.net/players/221/841/23_60.png,25,172,69,1940,404,Southampton,45000,10900000,LM,2025,9,2021,-,Right,4,3,1,-,https://cdn.sofifa.net/flags/gb-eng.png,-,-,High,Low,84,75,66,75,35,69,62,75,66,70,68,73,69,63,58,72,88,80,87,76,90,77,85,73,61,76,79,41,75,67,70,72,36,23,25,10,13,13,12,7,76,74,74,74,74,74,75,74,68,74,59,57,59,56,51,56,20,A. Armstrong,74,77,5500000,25,1940,ST,England,Forward,Rotation 70-77,Forward / Rotation 70-77
Barrenetxea,Ander Barrenetxea,74,83,9500000,LW,LW,Spain,https://cdn.sofifa.net/players/246/672/23_60.png,20,175,74,1726,364,Real Sociedad,21000,21900000,SUB,2027,7,2018,-,Right,4,3,1,-,https://cdn.sofifa.net/flags/es.png,-,-,High,Medium,78,71,63,80,24,48,68,75,58,66,66,82,64,43,53,76,81,76,85,69,84,75,80,59,44,62,35,17,72,65,59,74,33,12,14,13,11,11,5,13,73,74,73,73,73,74,74,74,64,74,52,46,52,48,39,48,19,Barrenetxea,74,83,9500000,20,1726,LW,Spain,Forward,Rotation 70-77,Forward / Rotation 70-77
Marlon,Marlon da Silva Barbosa,74,77,4900000,CB,CB,Brazil,https://cdn.sofifa.net/players/215/703/23_60.png,26,182,87,1794,390,AC Monza,850,0,CB,2023,4,2021,TRUE,Right,3,3,1,-,https://cdn.sofifa.net/flags/br.png,-,-,Medium,Medium,68,44,59,67,75,77,43,40,71,70,33,64,57,46,69,71,67,69,63,72,63,61,61,69,83,36,77,73,36,51,58,74,75,76,76,8,15,16,13,12,60,58,58,58,58,58,62,62,66,62,70,74,70,72,76,72,21,Marlon,74,77,4900000,26,1794,CB,Brazil,Defender,Rotation 70-77,Defender / Rotation 70-77
Kiko Femenía,Francisco Femenía Far,74,74,3100000,"RB,LB",RB,Spain,https://cdn.sofifa.net/players/189/860/23_60.png,31,174,61,1963,412,Villarreal CF,24000,6500000,SUB,2025,2,2022,-,Right,3,3,1,-,https://cdn.sofifa.net/flags/es.png,-,-,High,Medium,74,57,70,74,70,67,76,53,58,73,54,72,67,55,63,75,76,72,76,70,82,56,69,76,62,64,70,70,67,69,60,68,71,72,71,16,15,7,15,11,66,70,68,68,68,70,72,73,72,73,74,73,74,74,71,74,22,Kiko Femenía,74,74,3100000,31,1963,RB,Spain,Defender,Rotation 70-77,Defender / Rotation 70-77
A. Smith,Adam Smith,74,74,3100000,"RB,RWB,LB",RB,England,https://cdn.sofifa.net/players/190/885/23_60.png,31,180,78,1927,408,AFC Bournemouth,36000,6200000,RB,2024,15,2014,-,Right,3,3,1,-,https://cdn.sofifa.net/flags/gb-eng.png,-,-,Medium,High,66,60,69,70,72,71,69,52,66,73,43,68,67,66,64,74,67,66,66,73,69,72,62,75,69,68,73,69,65,68,55,71,74,74,73,8,9,15,9,6,68,68,68,68,68,68,70,71,72,71,74,74,74,74,73,74,18,A. Smith,74,74,3100000,31,1927,RB,England,Defender,Rotation 70-77,Defender / Rotation 70-77
R. Bertrand,Ryan Bertrand,74,74,2900000,LB,LB,England,https://cdn.sofifa.net/players/169/705/23_60.png,32,179,85,1930,406,Leicester City,53000,5500000,RES,2023,5,2021,-,Left,3,3,2,-,https://cdn.sofifa.net/flags/gb-eng.png,-,-,Medium,Medium,68,53,71,72,72,70,76,50,68,75,43,73,71,66,69,75,69,67,63,69,69,59,72,66,69,54,75,70,63,64,52,73,72,74,73,11,13,15,10,15,66,68,67,67,67,68,70,72,71,72,74,74,74,74,74,74,21,R. Bertrand,74,74,2900000,32,1930,LB,England,Defender,Rotation 70-77,Defender / Rotation 70-77
Ángel,Ángel Luís Rodríguez Díaz,74,74,1800000,"ST,CAM",ST,Spain,https://cdn.sofifa.net/players/177/633/23_60.png,35,172,68,1812,379,RCD Mallorca,18000,4000000,SUB,2023,22,2021,-,Right,3,3,1,-,https://cdn.sofifa.net/flags/es.png,-,-,Medium,Medium,69,75,62,74,34,65,56,76,70,72,77,74,62,57,49,75,69,69,71,75,75,76,75,51,68,72,72,26,77,62,69,70,42,23,20,6,13,8,14,11,74,71,73,73,73,71,73,71,65,71,53,53,53,50,50,50,20,Ángel,74,74,1800000,35,1812,ST,Spain,Forward,Rotation 70-77,Forward / Rotation 70-77
Michael Dimeira,Michael Renan Dimeira Couto,74,74,4099999,"CAM,RM",CAM,Brazil,https://cdn.sofifa.net/players/230/370/23_60.png,30,167,63,1745,390,São Paulo,31000,7800000,RM,2025,11,2022,-,Right,3,2,1,-,https://cdn.sofifa.net/flags/br.png,-,-,High,High,86,64,71,78,39,52,65,70,43,79,51,84,56,52,74,82,89,83,62,53,77,55,54,61,49,61,48,33,66,68,62,51,41,41,37,11,6,13,11,8,68,74,72,72,72,74,74,74,71,74,61,58,61,57,48,57,16,Michael Dimeira,74,74,4099999,30,1745,CAM,Brazil,Midfield,Rotation 70-77,Midfield / Rotation 70-77
J. Beyer,Jordan Beyer,74,79,6000000,"CB,RB",CB,Germany,https://cdn.sofifa.net/players/242/660/23_60.png,22,187,80,1731,376,Burnley,19000,0,SUB,2023,36,2018,TRUE,Right,3,2,1,-,https://cdn.sofifa.net/flags/de.png,-,-,Medium,Medium,73,34,59,66,75,69,61,29,71,69,31,63,40,35,57,70,72,73,69,68,64,46,83,61,70,30,75,74,48,53,42,72,75,77,76,7,7,13,11,11,57,59,57,57,57,59,61,64,64,64,72,72,72,73,76,73,18,J. Beyer,74,79,6000000,22,1731,CB,Germany,Defender,Rotation 70-77,Defender / Rotation 70-77
Brian Oliván,Brian Oliván Herrero,74,74,3800000,"LB,CB",LB,Spain,https://cdn.sofifa.net/players/228/326/23_60.png,28,177,73,1907,408,RCD Espanyol de Barcelona,16000,8000000,LB,2025,14,2022,-,Left,3,2,1,-,https://cdn.sofifa.net/flags/es.png,-,-,Medium,Medium,74,56,65,69,69,75,69,55,59,72,50,68,71,38,65,73,75,73,67,69,67,63,66,88,67,48,79,72,65,56,62,64,69,72,68,13,15,13,8,12,66,67,66,66,66,67,68,71,70,71,74,73,74,74,72,74,20,Brian Oliván,74,74,3800000,28,1907,LB,Spain,Defender,Rotation 70-77,Defender / Rotation 70-77
Ewerton,Ewerton Paixão da Silva,74,76,5500000,"LM,RM",CAM,Brazil,https://cdn.sofifa.net/players/270/055/23_60.png,25,175,73,1769,379,SK Slavia Praha,1000,12500000,LM,2025,22,2022,-,Right,3,3,1,-,https://cdn.sofifa.net/flags/br.png,-,-,High,Low,82,70,67,78,25,57,72,73,36,66,54,79,70,66,56,76,84,80,86,67,85,67,66,62,54,74,57,16,73,71,56,74,25,23,34,9,10,7,6,9,70,75,73,73,73,75,75,75,66,75,55,50,55,51,41,51,17,Ewerton,74,76,5500000,25,1769,CAM,Brazil,Midfield,Rotation 70-77,Midfield / Rotation 70-77
C. Jullien,Christopher Jullien,74,74,3500000,CB,CB,France,https://cdn.sofifa.net/players/208/615/23_60.png,29,196,88,1717,379,Montpellier Hérault SC,20000,6700000,SUB,2023,6,2022,-,Right,3,2,2,-,https://cdn.sofifa.net/flags/fr.png,-,-,Low,High,64,50,62,56,73,74,51,52,82,72,28,54,38,36,71,67,62,65,38,64,33,64,82,49,82,32,81,68,60,62,55,67,72,74,70,8,14,12,11,8,64,59,61,61,61,59,63,63,66,63,66,71,66,68,74,68,18,C. Jullien,74,74,3500000,29,1717,CB,France,Defender,Rotation 70-77,Defender / Rotation 70-77
B. Cuesta,Bernardo Cuesta,74,74,2700000,ST,ST,Argentina,https://cdn.sofifa.net/players/237/031/23_60.png,33,171,76,1729,361,FBC Melgar,1000,5900000,ST,2022,9,2020,-,Right,4,2,1,-,https://cdn.sofifa.net/flags/ar.png,-,-,High,Medium,67,79,56,62,27,70,58,84,78,62,72,55,38,63,40,66,65,69,68,66,74,80,84,78,77,70,38,22,81,56,80,67,33,11,17,6,12,8,12,6,74,66,68,68,68,66,66,66,59,66,50,46,50,48,44,48,17,B. Cuesta,74,74,2700000,33,1729,ST,Argentina,Forward,Rotation 70-77,Forward / Rotation 70-77
Borja Sánchez,Borja Sánchez Laborde,74,75,5000000,LM,LM,Spain,https://cdn.sofifa.net/players/241/117/23_60.png,26,185,80,1884,399,Real Oviedo,10000,8400000,LM,2025,10,2019,-,Right,4,4,1,-,https://cdn.sofifa.net/flags/es.png,-,-,Medium,Medium,76,69,73,74,41,66,72,69,65,74,69,74,73,72,71,73,77,75,84,69,59,70,71,70,68,71,56,38,71,74,57,75,39,38,36,12,13,11,6,7,73,73,72,72,72,73,75,75,71,75,61,59,61,58,53,58,18,Borja Sánchez,74,75,5000000,26,1884,LM,Spain,Midfield,Rotation 70-77,Midfield / Rotation 70-77
Manu Sánchez,Manuel Sánchez de la Peña,74,83,9000000,"LB,LWB,LM",LB,Spain,https://cdn.sofifa.net/players/252/327/23_60.png,21,171,66,1736,378,CA Osasuna,25000,0,SUB,2023,20,2019,TRUE,Left,3,3,1,-,https://cdn.sofifa.net/flags/es.png,-,-,Medium,Medium,72,44,62,68,72,60,67,42,62,70,36,66,52,34,53,71,76,69,70,66,74,50,62,75,51,41,65,74,56,57,38,62,66,78,75,6,6,10,12,6,60,63,61,61,61,63,64,67,66,67,73,70,73,74,70,74,16,Manu Sánchez,74,83,9000000,21,1736,LB,Spain,Defender,Rotation 70-77,Defender / Rotation 70-77
C. Bernardi,Christian Bernardi,74,74,3300000,"CAM,RM,CM",RW,Argentina,https://cdn.sofifa.net/players/235/176/23_60.png,32,179,72,1959,413,Club Atlético Colón,13000,5000000,CM,2024,23,2016,-,Right,3,3,1,-,https://cdn.sofifa.net/flags/ar.png,-,-,High,Medium,78,72,70,78,50,65,69,70,65,68,65,78,81,69,67,77,81,75,86,73,82,79,55,80,61,70,60,44,77,72,69,78,45,54,50,8,7,6,7,9,74,74,74,74,74,74,74,74,72,74,66,63,66,64,58,64,17,C. Bernardi,74,74,3300000,32,1959,RW,Argentina,Forward,Rotation 70-77,Forward / Rotation 70-77
Gonzalo Villar,Gonzalo Villar del Fraile,74,80,6500000,"CM,CDM",CM,Spain,https://cdn.sofifa.net/players/244/393/23_60.png,24,181,74,1892,398,U.C. Sampdoria,40000,0,SUB,2023,4,2020,TRUE,Right,3,4,1,-,https://cdn.sofifa.net/flags/es.png,-,-,Medium,Medium,54,57,74,77,69,67,64,54,49,80,49,73,64,66,73,83,45,62,74,74,81,63,53,65,66,60,74,70,60,77,53,74,72,72,66,12,11,13,8,6,65,68,68,68,68,68,74,71,76,71,72,76,72,70,71,70,19,Gonzalo Villar,74,80,6500000,24,1892,CM,Spain,Midfield,Rotation 70-77,Midfield / Rotation 70-77
Kike Barja,Enrique Barja Afonso,74,77,5500000,"RM,LM",RM,Spain,https://cdn.sofifa.net/players/225/200/23_60.png,25,178,69,1739,375,CA Osasuna,22000,12000000,SUB,2026,11,2014,-,Right,3,3,1,-,https://cdn.sofifa.net/flags/es.png,-,-,Medium,Medium,73,66,69,73,35,59,73,73,59,70,49,74,52,41,69,75,78,69,76,70,62,63,68,66,60,58,47,33,74,73,58,69,35,30,31,6,12,12,15,8,71,73,72,72,72,73,74,75,69,75,58,56,58,55,48,55,19,Kike Barja,74,77,5500000,25,1739,RM,Spain,Midfield,Rotation 70-77,Midfield / Rotation 70-77
Mauro Cildinho,Mauro Pierre Cildinho Conradi,74,74,4200000,RB,RB,Brazil,https://cdn.sofifa.net/players/230/361/23_60.png,26,172,64,1864,389,Atlético Clube Goianiense,12000,8000000,RB,2025,6,2022,-,Right,3,3,1,-,https://cdn.sofifa.net/flags/br.png,-,-,Medium,Medium,74,46,68,74,69,58,72,44,47,73,55,74,67,61,66,73,81,69,83,66,84,52,74,78,46,41,58,77,49,60,50,66,75,65,73,12,10,12,8,9,59,66,63,63,63,66,67,70,69,70,74,72,74,74,68,74,18,Mauro Cildinho,74,74,4200000,26,1864,RB,Brazil,Defender,Rotation 70-77,Defender / Rotation 70-77
Luquinhas,Lucas Lima Linhares,74,77,5500000,"RW,CAM,LW",CAM,Brazil,https://cdn.sofifa.net/players/244/186/23_60.png,25,170,60,1808,388,New York Red Bulls,9000,8700000,RM,2024,82,2022,-,Right,4,4,1,-,https://cdn.sofifa.net/flags/br.png,-,-,High,Medium,82,67,68,79,35,57,60,67,49,74,65,78,70,62,59,75,83,81,93,73,92,70,39,75,56,64,40,38,75,74,51,77,28,35,31,6,12,8,12,13,72,74,74,74,74,74,76,75,70,75,60,56,60,56,46,56,19,Luquinhas,74,77,5500000,25,1808,CAM,Brazil,Midfield,Rotation 70-77,Midfield / Rotation 70-77
J. Stephens,Jack Stephens,74,74,3600000,CB,CB,England,https://cdn.sofifa.net/players/202/697/23_60.png,28,185,75,1746,368,AFC Bournemouth,41000,0,SUB,2023,3,2011,TRUE,Right,2,2,1,-,https://cdn.sofifa.net/flags/gb-eng.png,-,-,Medium,Medium,50,42,61,67,75,73,47,36,75,70,34,67,55,58,67,70,49,50,63,71,55,55,67,64,78,42,72,74,47,56,42,62,75,78,72,13,10,11,13,10,59,57,58,58,58,57,62,61,67,61,68,73,68,69,74,69,20,J. Stephens,74,74,3600000,28,1746,CB,England,Defender,Rotation 70-77,Defender / Rotation 70-77
R. Cabella,Rémy Cabella,74,74,3300000,CAM,CAM,France,https://cdn.sofifa.net/players/193/476/23_60.png,32,172,68,1858,384,LOSC Lille,27000,6300000,CAM,2023,17,2022,-,Right,4,4,2,-,https://cdn.sofifa.net/flags/fr.png,-,-,Medium,Low,71,70,74,78,39,52,71,68,57,76,70,78,74,76,71,78,71,71,83,70,78,72,35,69,48,72,47,55,68,74,71,71,31,33,31,12,16,12,13,7,71,73,73,73,73,73,74,74,73,74,62,60,62,58,49,58,20,R. Cabella,74,74,3300000,32,1858,CAM,France,Midfield,Rotation 70-77,Midfield / Rotation 70-77
D. da Costa,Danny da Costa,74,74,3800000,RWB,RWB,Germany,https://cdn.sofifa.net/players/202/429/23_60.png,28,187,87,1941,415,1. FSV Mainz 05,23000,6500000,SUB,2025,21,2022,-,Right,3,3,2,-,https://cdn.sofifa.net/flags/de.png,-,-,High,High,73,56,65,68,72,81,69,51,71,64,54,70,66,49,64,68,76,71,65,70,66,68,81,84,80,55,79,71,70,68,40,65,68,75,74,15,15,12,6,6,68,67,67,67,67,67,68,71,70,71,74,73,74,74,74,74,19,D. da Costa,74,74,3800000,28,1941,RWB,Germany,Defender,Rotation 70-77,Defender / Rotation 70-77
Wesley,Wesley Moraes Ferreira da Silva,74,78,6000000,ST,ST,Brazil,https://cdn.sofifa.net/players/232/381/23_60.png,25,191,93,1832,397,Levante Unión Deportiva,61000,0,ST,2023,7,2019,TRUE,Right,3,3,1,-,https://cdn.sofifa.net/flags/br.png,-,-,Medium,Medium,65,74,67,70,38,83,58,72,75,72,73,71,57,49,69,76,54,74,53,72,45,83,75,69,91,68,83,37,76,71,69,75,35,37,15,12,13,14,8,6,76,70,73,73,73,70,73,72,70,72,56,60,56,53,56,53,19,Wesley,74,78,6000000,25,1832,ST,Brazil,Forward,Rotation 70-77,Forward / Rotation 70-77
A. Claude-Maurice,Alexis Claude-Maurice,74,77,5500000,"CM,LM,LW",CAM,France,https://cdn.sofifa.net/players/236/477/23_60.png,24,175,64,2081,440,Racing Club de Lens,29000,0,SUB,2023,18,2019,TRUE,Right,3,4,2,-,https://cdn.sofifa.net/flags/fr.png,-,-,Medium,Medium,80,71,72,79,69,69,64,69,60,77,61,79,79,69,69,79,79,81,88,71,79,75,70,69,68,76,69,69,69,73,65,72,69,72,65,11,13,15,14,15,74,75,75,75,75,75,77,76,76,76,73,74,73,73,71,73,22,A. Claude-Maurice,74,77,5500000,24,2081,CAM,France,Midfield,Rotation 70-77,Midfield / Rotation 70-77
A. Gravillon,Andreaw Gravillon,74,78,5500000,"CB,RB",CB,France,https://cdn.sofifa.net/players/239/550/23_60.png,24,185,80,1632,355,Stade de Reims,16000,11400000,CB,2025,6,2021,-,Right,3,2,1,-,https://cdn.sofifa.net/flags/fr.png,-,-,Medium,Medium,59,42,48,55,74,77,41,36,77,62,42,50,36,36,51,62,57,61,54,68,46,59,77,61,86,44,74,72,24,36,42,65,72,75,74,11,14,13,13,6,55,50,50,50,50,50,52,53,56,53,65,68,65,68,76,68,19,A. Gravillon,74,78,5500000,24,1632,CB,France,Defender,Rotation 70-77,Defender / Rotation 70-77
A. Souquet,Arnaud Souquet,74,74,3600000,RB,RB,France,https://cdn.sofifa.net/players/193/470/23_60.png,30,179,74,1918,406,Montpellier Hérault SC,19000,6800000,SUB,2023,2,2019,-,Right,3,3,2,-,https://cdn.sofifa.net/flags/fr.png,-,-,High,Medium,66,59,70,71,71,69,73,56,66,74,53,71,62,46,69,74,66,66,68,71,63,73,72,75,65,55,70,70,68,69,49,72,71,73,73,15,10,8,13,11,68,69,68,68,68,69,71,72,73,72,74,74,74,74,72,74,20,A. Souquet,74,74,3600000,30,1918,RB,France,Defender,Rotation 70-77,Defender / Rotation 70-77
M. Aarons,Max Aarons,74,79,6000000,"RB,RWB",RWB,England,https://cdn.sofifa.net/players/240/060/23_60.png,22,171,69,1805,404,Norwich City,29000,11900000,RB,2024,2,2017,-,Right,3,3,1,-,https://cdn.sofifa.net/flags/gb-eng.png,-,-,High,Medium,80,42,64,75,70,73,68,41,53,68,41,75,50,32,59,73,81,79,84,70,79,46,50,85,70,36,71,71,69,66,27,75,74,72,69,11,11,7,9,8,62,68,65,65,65,68,69,72,70,72,75,72,75,74,71,74,18,M. Aarons,74,79,6000000,22,1805,RWB,England,Defender,Rotation 70-77,Defender / Rotation 70-77
A. Hack,Alexander Hack,74,75,4000000,CB,CB,Germany,https://cdn.sofifa.net/players/231/111/23_60.png,28,193,88,1636,364,1. FSV Mainz 05,23000,7100000,CB,2024,42,2015,-,Left,3,2,1,-,https://cdn.sofifa.net/flags/de.png,-,-,Medium,Medium,66,34,60,53,75,76,55,32,81,68,26,51,43,31,72,52,63,68,51,71,48,44,73,65,83,29,73,75,32,53,45,67,72,79,69,6,6,5,7,8,54,52,51,51,51,52,55,58,62,58,68,72,68,70,75,70,16,A. Hack,74,75,4000000,28,1636,CB,Germany,Defender,Rotation 70-77,Defender / Rotation 70-77
Borja García,Borja García Freire,74,74,3500000,"CM,LM",CM,Spain,https://cdn.sofifa.net/players/194/761/23_60.png,31,175,72,1958,415,Girona FC,22000,7700000,CM,2023,24,2021,-,Right,3,3,1,-,https://cdn.sofifa.net/flags/es.png,-,-,Medium,Medium,73,69,73,74,60,66,69,70,53,78,59,75,67,54,75,74,75,72,77,70,73,67,72,65,72,74,52,66,72,75,62,69,45,73,59,9,13,13,12,16,72,73,73,73,73,73,74,74,74,74,70,70,70,68,65,68,21,Borja García,74,74,3500000,31,1958,CM,Spain,Midfield,Rotation 70-77,Midfield / Rotation 70-77
M. Gulde,Manuel Gulde,74,74,2900000,CB,CB,Germany,https://cdn.sofifa.net/players/190/666/23_60.png,31,184,80,1703,365,Sport-Club Freiburg,22000,4900000,SUB,2025,5,2016,-,Right,2,2,1,-,https://cdn.sofifa.net/flags/de.png,-,-,Medium,Medium,69,40,51,57,76,72,47,36,75,61,54,52,45,30,55,60,63,74,55,73,65,50,81,64,76,34,69,76,39,42,44,70,77,75,74,10,10,6,16,15,57,53,53,53,53,53,55,57,59,57,68,69,68,71,74,71,21,M. Gulde,74,74,2900000,31,1703,CB,Germany,Defender,Rotation 70-77,Defender / Rotation 70-77
L. Pratto,Lucas Pratto,74,74,2100000,ST,ST,Argentina,https://cdn.sofifa.net/players/184/252/23_60.png,34,188,91,1980,420,Vélez Sarsfield,15000,3200000,ST,2023,12,2021,-,Right,3,3,2,-,https://cdn.sofifa.net/flags/ar.png,-,-,High,Medium,70,74,69,69,58,80,68,71,77,68,72,72,73,59,66,74,66,73,50,69,39,82,76,64,86,70,86,58,76,76,75,80,45,60,70,8,15,6,15,15,74,71,73,73,73,71,73,73,71,73,67,68,67,67,69,67,21,L. Pratto,74,74,2100000,34,1980,ST,Argentina,Forward,Rotation 70-77,Forward / Rotation 70-77
L. Vietto,Luciano Vietto,74,74,4200000,"CAM,LW,ST",CAM,Argentina,https://cdn.sofifa.net/players/207/441/23_60.png,28,174,73,1954,405,Al Hilal,34000,7100000,SUB,2023,10,2020,-,Right,4,3,2,-,https://cdn.sofifa.net/flags/ar.png,-,-,High,Medium,76,70,72,78,45,64,74,67,65,70,75,78,75,65,72,78,79,74,84,70,80,72,72,74,58,72,65,35,74,73,69,70,47,46,35,14,14,8,8,12,73,74,73,73,73,74,74,74,72,74,63,61,63,60,55,60,20,L. Vietto,74,74,4200000,28,1954,CAM,Argentina,Midfield,Rotation 70-77,Midfield / Rotation 70-77
J. Kenny,Jonjoe Kenny,74,75,4600000,"RB,LB",RB,England,https://cdn.sofifa.net/players/224/263/23_60.png,25,176,67,1912,395,Hertha BSC,22000,8600000,RB,2025,16,2022,-,Right,2,3,1,-,https://cdn.sofifa.net/flags/gb-eng.png,-,-,High,Medium,70,49,65,70,71,70,69,30,64,70,51,68,61,49,67,72,74,67,68,75,73,74,74,75,63,62,78,74,64,55,55,65,68,74,75,6,13,16,13,15,63,64,64,64,64,64,66,68,69,68,74,73,74,74,73,74,21,J. Kenny,74,75,4600000,25,1912,RB,England,Defender,Rotation 70-77,Defender / Rotation 70-77
C. Führich,Chris Führich,74,78,6000000,"RM,ST",CAM,Germany,https://cdn.sofifa.net/players/241/925/23_60.png,24,181,70,1901,408,VfB Stuttgart,19000,11300000,SUB,2025,22,2021,-,Right,4,3,1,-,https://cdn.sofifa.net/flags/de.png,-,-,High,Medium,83,68,69,75,54,59,67,71,54,74,58,74,68,50,68,74,83,83,84,70,80,69,66,79,49,65,58,43,70,70,61,63,56,59,55,6,7,12,12,6,71,73,72,72,72,73,75,75,72,75,68,65,68,66,59,66,17,C. Führich,74,78,6000000,24,1901,CAM,Germany,Midfield,Rotation 70-77,Midfield / Rotation 70-77
Nico Williams,Nicholas Williams Arthuer,74,86,10000000,"RM,LM",RM,Spain,https://cdn.sofifa.net/players/256/516/23_60.png,19,181,67,1800,391,Athletic Club de Bilbao,13000,23000000,RM,2024,11,2020,-,Right,4,4,1,-,https://cdn.sofifa.net/flags/es.png,-,-,Medium,Medium,91,67,65,77,33,58,73,68,68,69,52,79,64,57,59,73,90,92,88,68,74,69,66,68,61,66,36,40,65,59,62,69,36,20,18,9,13,12,12,14,72,74,72,72,72,74,73,75,65,75,59,52,59,55,46,55,20,Nico Williams,74,86,10000000,19,1800,RM,Spain,Midfield,Rotation 70-77,Midfield / Rotation 70-77
Vesga,Mikel Vesga Arruti,74,74,4099999,CM,CDM,Spain,https://cdn.sofifa.net/players/146/947/23_60.png,29,191,84,1840,393,Athletic Club de Bilbao,23000,8600000,CM,2024,6,2016,-,Left,3,3,1,-,https://cdn.sofifa.net/flags/es.png,-,-,Medium,High,41,63,70,66,75,78,59,60,70,76,40,67,60,44,74,75,34,47,42,78,34,77,62,79,86,62,60,77,62,76,57,66,72,78,74,12,11,16,6,13,68,64,67,67,67,64,70,68,74,68,72,74,72,72,74,72,20,Vesga,74,74,4099999,29,1840,CDM,Spain,Midfield,Rotation 70-77,Midfield / Rotation 70-77
Henrique Dourado,José Henrique da Silva Dourado,74,74,3400000,ST,ST,Brazil,https://cdn.sofifa.net/players/215/553/23_60.png,32,186,80,1863,394,Henan Songshan Longmen FC,13000,5300000,ST,2023,9,2019,-,Left,3,3,1,-,https://cdn.sofifa.net/flags/br.png,-,-,High,High,72,75,63,66,34,84,57,76,81,70,71,63,52,53,58,66,71,73,76,70,63,74,84,83,86,69,82,30,79,68,85,74,30,28,20,6,10,8,12,9,74,69,71,71,71,69,71,70,66,70,55,56,55,53,53,53,18,Henrique Dourado,74,74,3400000,32,1863,ST,Brazil,Forward,Rotation 70-77,Forward / Rotation 70-77
Melero,Gonzalo Melero Manzanares,74,74,4200000,"CM,CDM",CM,Spain,https://cdn.sofifa.net/players/227/508/23_60.png,28,183,77,2020,416,Unión Deportiva Almería,23000,9200000,SUB,2026,3,2022,-,Right,3,3,1,-,https://cdn.sofifa.net/flags/es.png,-,-,Medium,Medium,53,75,73,70,70,75,63,75,75,80,73,70,68,67,75,74,51,54,60,71,63,76,71,70,80,71,68,72,78,74,78,71,66,72,68,13,7,9,16,12,74,70,72,72,72,70,74,72,74,72,71,74,71,70,74,70,20,Melero,74,74,4200000,28,2020,CM,Spain,Midfield,Rotation 70-77,Midfield / Rotation 70-77
K. Narey,Khaled Narey,74,74,4500000,"RW,RB",RW,Germany,https://cdn.sofifa.net/players/225/206/23_60.png,27,180,75,1962,427,PAOK,1000,9900000,RW,2026,77,2022,-,Right,5,3,1,-,https://cdn.sofifa.net/flags/de.png,-,-,Medium,Medium,82,67,68,75,62,73,74,68,58,73,44,75,61,49,60,75,86,79,78,72,75,76,78,79,71,64,67,58,72,64,50,69,61,65,65,14,12,12,15,12,73,74,73,73,73,74,74,74,71,74,73,69,73,71,67,71,22,K. Narey,74,74,4500000,27,1962,RW,Germany,Forward,Rotation 70-77,Forward / Rotation 70-77
Lino Essier,Lino Francisco Essier Simão,74,74,3500000,CB,CB,Brazil,https://cdn.sofifa.net/players/230/326/23_60.png,30,183,77,1863,398,São Paulo,28000,6700000,CB,2025,14,2022,-,Left,1,2,1,-,https://cdn.sofifa.net/flags/br.png,-,-,Medium,Medium,67,45,68,66,73,79,76,45,69,68,33,64,74,72,68,69,68,67,68,67,60,28,63,73,84,58,79,72,53,55,58,71,71,78,74,7,7,13,12,10,60,63,60,60,60,63,64,67,67,67,73,73,73,74,74,74,18,Lino Essier,74,74,3500000,30,1863,CB,Brazil,Defender,Rotation 70-77,Defender / Rotation 70-77
R. Dickie,Rob Dickie,74,77,4900000,CB,CB,England,https://cdn.sofifa.net/players/223/159/23_60.png,26,195,74,1674,369,Queens Park Rangers,28000,9700000,CB,2024,4,2020,-,Right,2,2,1,-,https://cdn.sofifa.net/flags/gb-eng.png,-,-,Medium,Medium,61,45,52,59,74,78,51,32,70,66,26,56,27,35,60,65,59,63,54,74,50,65,82,76,83,60,68,74,29,31,49,63,74,75,76,12,7,11,7,7,57,53,53,53,53,53,55,58,61,58,70,71,70,72,76,72,18,R. Dickie,74,77,4900000,26,1674,CB,England,Defender,Rotation 70-77,Defender / Rotation 70-77
Gérson Damesio,Gérson Adriano Damesio Figueiras,74,74,3500000,CB,CB,Brazil,https://cdn.sofifa.net/players/230/327/23_60.png,30,182,80,1580,351,Flamengo,28000,6300000,CB,2025,17,2022,-,Right,3,2,1,-,https://cdn.sofifa.net/flags/br.png,-,-,Medium,Medium,51,42,49,57,76,76,24,51,66,68,28,53,25,26,71,71,63,42,31,68,51,31,86,69,79,41,74,75,29,35,37,65,76,79,76,7,14,10,11,13,55,51,52,52,52,51,56,56,63,56,66,74,66,68,74,68,19,Gérson Damesio,74,74,3500000,30,1580,CB,Brazil,Defender,Rotation 70-77,Defender / Rotation 70-77
R. Battaglia,Rodrigo Battaglia,74,74,4000000,"CM,CDM",CDM,Argentina,https://cdn.sofifa.net/players/219/576/23_60.png,30,187,79,1926,413,RCD Mallorca,22000,8800000,CDM,2024,16,2022,-,Right,4,3,1,-,https://cdn.sofifa.net/flags/ar.png,-,-,Medium,High,60,65,67,70,74,77,47,60,68,79,53,70,45,59,73,75,59,60,57,74,59,75,70,78,75,71,81,78,73,71,57,68,70,76,74,7,7,7,9,9,71,67,70,70,70,67,73,71,74,71,72,74,72,73,74,73,17,R. Battaglia,74,74,4000000,30,1926,CDM,Argentina,Midfield,Rotation 70-77,Midfield / Rotation 70-77
F. Niederlechner,Florian Niederlechner,74,74,3600000,ST,ST,Germany,https://cdn.sofifa.net/players/211/899/23_60.png,31,187,86,1852,392,FC Augsburg,26000,6500000,ST,2023,7,2019,-,Right,4,3,2,-,https://cdn.sofifa.net/flags/de.png,-,-,High,High,68,75,63,73,35,78,54,74,69,72,78,73,62,44,56,74,72,64,66,77,66,83,65,78,79,69,80,35,75,68,69,75,27,35,28,15,7,6,16,16,74,71,73,73,73,71,73,72,69,72,57,58,57,54,53,54,22,F. Niederlechner,74,74,3600000,31,1852,ST,Germany,Forward,Rotation 70-77,Forward / Rotation 70-77
Aitor Ruibal,Aitor Ruibal García,74,75,5000000,"RM,LM,RB",RM,Spain,https://cdn.sofifa.net/players/241/867/23_60.png,26,176,75,1801,401,Real Betis Balompié,20000,10900000,SUB,2025,24,2016,-,Right,3,3,1,-,https://cdn.sofifa.net/flags/es.png,-,-,High,Medium,85,73,67,74,42,60,72,75,58,71,57,76,51,54,65,77,83,87,70,66,69,77,34,63,68,73,43,37,72,63,61,66,36,46,44,9,14,7,15,8,75,74,74,74,74,74,74,75,69,75,63,58,63,60,52,60,19,Aitor Ruibal,74,75,5000000,26,1801,RM,Spain,Midfield,Rotation 70-77,Midfield / Rotation 70-77
M. Schneiderlin,Morgan Schneiderlin,74,74,2800000,"CDM,CM",CDM,France,https://cdn.sofifa.net/players/177/358/23_60.png,32,186,79,1896,390,OGC Nice,31000,5300000,RES,2023,6,2020,-,Right,4,3,2,-,https://cdn.sofifa.net/flags/fr.png,-,-,Low,High,45,58,70,70,73,74,64,53,69,77,54,68,69,62,70,73,50,40,63,73,66,68,66,74,74,56,77,73,63,65,61,78,74,74,70,6,11,12,14,7,66,64,65,65,65,64,68,68,72,68,71,74,71,71,74,71,19,M. Schneiderlin,74,74,2800000,32,1896,CDM,France,Midfield,Rotation 70-77,Midfield / Rotation 70-77
I. Diallo,Ibrahima Diallo,74,82,9000000,"CDM,CM",CDM,France,https://cdn.sofifa.net/players/239/452/23_60.png,23,179,68,1831,393,Southampton,34000,18900000,SUB,2024,27,2020,-,Right,3,3,1,-,https://cdn.sofifa.net/flags/fr.png,-,-,Medium,High,65,48,65,70,71,74,52,41,59,74,36,69,52,39,72,70,68,62,71,68,77,55,62,78,71,54,78,74,57,68,64,67,72,74,69,8,9,8,14,6,61,63,63,63,63,63,68,67,71,67,71,75,71,71,73,71,18,I. Diallo,74,82,9000000,23,1831,CDM,France,Midfield,Rotation 70-77,Midfield / Rotation 70-77
P. Piatti,Pablo Piatti,74,74,2600000,"RM,LM",RM,Argentina,https://cdn.sofifa.net/players/183/899/23_60.png,33,163,63,1926,394,Estudiantes de La Plata,13000,3900000,SUB,2024,31,2022,-,Left,2,3,2,-,https://cdn.sofifa.net/flags/ar.png,-,-,High,Medium,77,73,72,75,47,50,74,72,71,73,71,76,76,58,70,73,78,77,76,75,88,75,73,58,38,76,63,51,75,71,64,70,52,35,38,10,8,13,8,10,74,74,74,74,74,74,74,74,71,74,63,61,63,61,55,61,18,P. Piatti,74,74,2600000,33,1926,RM,Argentina,Midfield,Rotation 70-77,Midfield / Rotation 70-77
M. Leitsch,Maxim Leitsch,74,79,6000000,CB,CB,Germany,https://cdn.sofifa.net/players/234/843/23_60.png,24,189,83,1727,381,1. FSV Mainz 05,19000,10700000,CB,2026,5,2022,-,Left,2,2,1,-,https://cdn.sofifa.net/flags/de.png,-,-,Medium,High,82,37,57,58,76,71,59,29,71,69,30,57,44,35,61,54,84,81,61,74,61,56,68,69,74,35,67,76,44,40,39,69,75,78,77,12,14,14,7,12,57,57,55,55,55,57,57,62,61,62,73,71,73,75,76,75,20,M. Leitsch,74,79,6000000,24,1727,CB,Germany,Defender,Rotation 70-77,Defender / Rotation 70-77
C. Dagba,Colin Dagba,74,77,5500000,RB,RB,France,https://cdn.sofifa.net/players/241/497/23_60.png,23,170,62,1892,406,RC Strasbourg Alsace,43000,0,SUB,2023,2,2018,TRUE,Right,2,3,1,-,https://cdn.sofifa.net/flags/fr.png,-,-,High,Medium,77,56,69,74,70,60,72,51,54,74,39,72,63,43,68,75,78,76,81,69,85,68,65,67,52,61,68,72,69,65,45,70,73,71,72,7,6,9,11,11,66,70,69,69,69,70,72,73,72,73,74,72,74,74,70,74,17,C. Dagba,74,77,5500000,23,1892,RB,France,Defender,Rotation 70-77,Defender / Rotation 70-77
B. Zuculini,Bruno Zuculini,74,74,3600000,"CDM,CM",CB,Argentina,https://cdn.sofifa.net/players/203/864/23_60.png,29,182,77,2004,424,River Plate,15000,5000000,SUB,2023,5,2018,-,Right,3,3,1,-,https://cdn.sofifa.net/flags/ar.png,-,-,High,High,69,65,68,70,72,80,64,60,76,74,62,68,55,48,71,74,68,69,69,70,65,78,81,72,81,64,89,72,71,65,68,71,68,73,74,12,9,12,9,13,72,68,69,69,69,68,71,71,73,71,73,74,73,73,74,73,19,B. Zuculini,74,74,3600000,29,2004,CB,Argentina,Defender,Rotation 70-77,Defender / Rotation 70-77
N. Schulz,Nico Schulz,74,74,3700000,"LB,LM",LB,Germany,https://cdn.sofifa.net/players/200/536/23_60.png,29,181,83,1889,413,Borussia Dortmund,33000,6300000,RES,2024,14,2019,-,Left,2,3,2,-,https://cdn.sofifa.net/flags/de.png,-,-,Medium,Medium,85,46,65,67,70,80,70,39,60,66,34,67,59,42,63,64,82,87,67,73,73,65,65,79,82,36,78,71,70,67,56,68,72,71,73,13,9,15,7,14,64,66,65,65,65,66,67,70,68,70,74,72,74,74,74,74,20,N. Schulz,74,74,3700000,29,1889,LB,Germany,Defender,Rotation 70-77,Defender / Rotation 70-77
L. Kübler,Lukas Kübler,74,74,3700000,"RB,RWB,RM",RB,Germany,https://cdn.sofifa.net/players/208/335/23_60.png,29,182,74,1777,385,Sport-Club Freiburg,23000,6300000,SUB,2024,17,2015,-,Right,2,2,1,-,https://cdn.sofifa.net/flags/de.png,-,-,Low,Medium,75,46,59,64,73,68,68,40,61,69,50,62,46,27,54,64,71,78,66,73,68,56,71,72,64,43,71,74,47,49,58,64,73,75,74,12,14,11,8,8,59,61,59,59,59,61,61,65,63,65,73,71,73,74,73,74,19,L. Kübler,74,74,3700000,29,1777,RB,Germany,Defender,Rotation 70-77,Defender / Rotation 70-77
E. Díaz,Enzo Díaz,74,77,5000000,"LB,CB",CDM,Argentina,https://cdn.sofifa.net/players/246/870/23_60.png,26,175,74,1931,414,Club Atlético Talleres,13000,7900000,LB,2022,15,2019,-,Left,2,3,1,-,https://cdn.sofifa.net/flags/ar.png,-,-,Medium,Medium,73,49,68,72,71,81,69,38,63,71,49,72,49,51,67,71,72,73,73,71,74,63,69,82,81,52,84,69,72,73,47,75,69,76,73,10,14,12,7,15,65,67,67,67,67,67,70,72,72,72,74,75,74,74,75,74,20,E. Díaz,74,77,5000000,26,1931,CDM,Argentina,Midfield,Rotation 70-77,Midfield / Rotation 70-77
Eltildo Correia,Eltildo Lucas Correia Pitta,74,74,3500000,"CB,RB,LB",CB,Brazil,https://cdn.sofifa.net/players/230/230/23_60.png,30,188,78,1793,369,Clube Atlético Mineiro,26000,6300000,SUB,2025,14,2022,-,Right,3,2,1,-,https://cdn.sofifa.net/flags/br.png,-,-,Medium,Medium,56,50,61,51,76,75,61,41,73,67,52,45,54,48,75,55,50,61,38,77,51,71,86,69,75,45,80,72,42,44,77,75,79,75,77,7,15,13,7,11,59,52,53,53,53,52,55,58,62,58,70,73,70,71,74,71,20,Eltildo Correia,74,74,3500000,30,1793,CB,Brazil,Defender,Rotation 70-77,Defender / Rotation 70-77
Carlos Fernández,Carlos Fernández Luna,74,76,5500000,"ST,CAM",ST,Spain,https://cdn.sofifa.net/players/221/014/23_60.png,26,186,71,1764,375,Real Sociedad,28000,12000000,SUB,2026,9,2021,-,Left,4,3,1,-,https://cdn.sofifa.net/flags/es.png,-,-,Medium,Medium,67,76,64,74,27,67,47,78,74,73,70,77,43,56,66,78,62,71,70,72,47,78,73,54,72,74,71,22,72,73,73,67,21,21,22,12,13,8,9,12,76,71,74,74,74,71,76,72,69,72,50,53,50,48,47,48,20,Carlos Fernández,74,76,5500000,26,1764,ST,Spain,Forward,Rotation 70-77,Forward / Rotation 70-77
Otávio Cairinho,Otávio Alberto Cairinho Monteiro,74,74,3500000,"CB,RB",CB,Brazil,https://cdn.sofifa.net/players/230/229/23_60.png,30,179,80,1772,368,Palmeiras,28000,6300000,CB,2025,16,2022,-,Right,3,2,1,-,https://cdn.sofifa.net/flags/br.png,-,-,Medium,Medium,58,50,58,53,75,74,62,43,72,64,43,44,47,55,61,56,56,59,59,67,64,61,89,62,75,54,82,72,36,44,66,69,77,75,76,12,11,10,11,7,56,52,52,52,52,52,54,56,59,56,68,70,68,70,74,70,18,Otávio Cairinho,74,74,3500000,30,1772,CB,Brazil,Defender,Rotation 70-77,Defender / Rotation 70-77
Moisés,Moisés Lima Magalhães,74,74,1400000,"CDM,CM,ST",CDM,Brazil,https://cdn.sofifa.net/players/195/412/23_60.png,34,184,76,2043,436,Shandong Taishan,18000,2200000,ST,2023,10,2019,-,Right,4,3,1,-,https://cdn.sofifa.net/flags/br.png,-,-,High,High,70,74,72,71,71,78,62,74,69,76,63,72,65,74,72,73,64,74,58,69,71,77,82,82,78,78,70,67,70,74,69,72,72,73,69,7,8,6,9,16,74,71,72,72,72,71,74,74,74,74,73,74,73,73,74,73,18,Moisés,74,74,1400000,34,2043,CDM,Brazil,Midfield,Rotation 70-77,Midfield / Rotation 70-77
Caio Nunson,Caio Rodrigo Nunes Anjos,74,74,4400000,"CB,LB",CB,Brazil,https://cdn.sofifa.net/players/230/227/23_60.png,22,185,85,1766,378,Fortaleza,10000,8400000,CB,2025,38,2022,-,Left,3,2,1,-,https://cdn.sofifa.net/flags/br.png,-,-,Medium,Medium,59,50,61,59,73,76,53,48,77,71,44,61,69,67,57,59,55,62,50,67,52,51,72,50,85,58,88,66,34,51,46,65,72,77,72,11,7,8,10,16,59,56,56,56,56,56,59,59,61,59,66,70,66,68,74,68,19,Caio Nunson,74,74,4400000,22,1766,CB,Brazil,Defender,Rotation 70-77,Defender / Rotation 70-77
A. Castro,Alexis Castro,74,74,4500000,"CAM,CM,RM",CAM,Argentina,https://cdn.sofifa.net/players/228/179/23_60.png,27,183,71,2036,430,Club Atlético Tigre,12000,6800000,RM,2022,16,2022,-,Left,2,3,1,-,https://cdn.sofifa.net/flags/ar.png,-,-,High,Medium,77,72,71,76,65,69,69,70,59,72,63,76,81,70,68,77,80,74,80,73,72,81,68,69,69,72,67,66,76,73,55,78,60,72,66,8,14,16,7,13,74,74,74,74,74,74,74,74,74,74,72,71,72,71,69,71,20,A. Castro,74,74,4500000,27,2036,CAM,Argentina,Midfield,Rotation 70-77,Midfield / Rotation 70-77
Robson Denho,Robson Tony Denho Serra,74,74,3500000,"CDM,CM",CDM,Brazil,https://cdn.sofifa.net/players/230/237/23_60.png,30,181,78,1969,408,Atlético Clube Goianiense,12000,6700000,CDM,2025,25,2022,-,Right,3,2,1,-,https://cdn.sofifa.net/flags/br.png,-,-,High,High,64,59,72,63,73,77,65,54,53,74,45,61,79,76,68,66,66,62,61,68,64,82,66,83,75,42,78,74,71,77,73,66,77,76,71,13,13,14,13,9,66,65,66,66,66,65,69,69,72,69,73,74,73,73,74,73,20,Robson Denho,74,74,3500000,30,1969,CDM,Brazil,Midfield,Rotation 70-77,Midfield / Rotation 70-77
S. Barreto,Sergio Barreto,74,79,6000000,CB,CB,Argentina,https://cdn.sofifa.net/players/241/872/23_60.png,23,183,77,1636,358,Club Atlético Independiente,11000,9500000,CB,2023,24,2017,-,Right,3,2,1,-,https://cdn.sofifa.net/flags/ar.png,-,-,Low,High,76,30,47,51,73,81,34,21,75,62,28,40,31,28,55,58,74,77,66,72,52,47,85,74,82,28,85,70,35,36,44,55,75,71,72,14,9,14,8,14,52,49,49,49,49,49,51,54,56,54,67,69,67,70,76,70,20,S. Barreto,74,79,6000000,23,1636,CB,Argentina,Defender,Rotation 70-77,Defender / Rotation 70-77
Germano Cuba,Oswaldo Germano Cuba Correia,74,74,4200000,"LB,CAM,LM",LB,Brazil,https://cdn.sofifa.net/players/230/353/23_60.png,26,170,68,1989,424,Palmeiras,28000,7600000,SUB,2025,42,2022,-,Left,3,3,1,-,https://cdn.sofifa.net/flags/br.png,-,-,High,Medium,88,68,68,76,67,57,75,68,52,68,60,76,59,46,70,73,84,92,89,77,87,69,70,78,44,70,60,67,67,66,59,65,67,70,68,12,15,12,9,10,71,74,72,72,72,74,74,74,73,74,74,71,74,74,67,74,21,Germano Cuba,74,74,4200000,26,1989,LB,Brazil,Defender,Rotation 70-77,Defender / Rotation 70-77
L. Gil,Leonardo Gil,74,74,3500000,"CM,CDM",CM,Argentina,https://cdn.sofifa.net/players/216/020/23_60.png,31,171,69,2031,418,Colo-Colo,7000,4900000,CM,2024,5,2021,-,Left,2,3,1,-,https://cdn.sofifa.net/flags/ar.png,-,-,High,Medium,63,65,75,72,66,77,76,59,66,74,37,72,76,80,73,74,64,63,64,72,80,69,81,80,73,78,80,70,68,78,67,69,61,69,67,12,7,9,16,16,69,70,70,70,70,70,74,74,74,74,73,74,73,72,72,72,21,L. Gil,74,74,3500000,31,2031,CM,Argentina,Midfield,Rotation 70-77,Midfield / Rotation 70-77
T. Cantwell,Todd Cantwell,74,77,6000000,"LM,CM,RM",CAM,England,https://cdn.sofifa.net/players/225/748/23_60.png,24,177,70,1805,380,Norwich City,32000,11900000,LM,2023,14,2016,-,Right,3,4,1,-,https://cdn.sofifa.net/flags/gb-eng.png,-,-,High,Medium,73,67,71,76,42,51,67,69,43,74,62,76,70,64,67,77,74,72,80,72,74,65,46,66,45,67,48,38,72,75,58,74,47,44,30,10,8,14,15,16,69,73,72,72,72,73,76,75,71,75,61,59,61,57,49,57,21,T. Cantwell,74,77,6000000,24,1805,CAM,England,Midfield,Rotation 70-77,Midfield / Rotation 70-77
Nicholas Aldair,Nicholas Júlio Aldair Leal,74,74,4099999,ST,ST,Brazil,https://cdn.sofifa.net/players/230/507/23_60.png,30,187,81,1878,397,Fluminense,22000,7800000,ST,2025,19,2022,-,Right,3,3,1,-,https://cdn.sofifa.net/flags/br.png,-,-,Medium,Medium,67,75,68,72,38,77,66,75,72,74,74,72,63,59,58,75,59,74,66,72,54,78,74,83,79,73,67,40,72,69,74,83,23,37,46,7,11,7,11,14,74,71,73,73,73,71,73,73,70,73,61,59,61,59,55,59,19,Nicholas Aldair,74,74,4099999,30,1878,ST,Brazil,Forward,Rotation 70-77,Forward / Rotation 70-77
S. Longstaff,Sean Longstaff,74,80,6500000,CM,CM,England,https://cdn.sofifa.net/players/237/161/23_60.png,24,180,65,1915,405,Newcastle United,54000,13700000,SUB,2025,36,2015,-,Right,3,2,1,-,https://cdn.sofifa.net/flags/gb-eng.png,-,-,Medium,Medium,61,65,72,72,68,67,60,61,49,77,56,73,68,69,74,75,61,61,57,75,68,73,61,78,67,69,56,74,68,75,54,74,69,72,62,6,8,13,14,12,69,69,70,70,70,69,74,72,76,72,72,74,72,71,69,71,19,S. Longstaff,74,80,6500000,24,1915,CM,England,Midfield,Rotation 70-77,Midfield / Rotation 70-77
Óscar Valentín,Óscar Valentín Martín Luengo,74,75,4300000,"CDM,CM",CDM,Spain,https://cdn.sofifa.net/players/243/558/23_60.png,27,177,72,1792,382,Rayo Vallecano,16000,9400000,CDM,2025,23,2019,-,Right,3,2,1,-,https://cdn.sofifa.net/flags/es.png,-,-,Medium,High,63,45,65,63,72,74,51,28,59,77,35,59,38,41,70,68,62,64,63,65,69,68,72,82,71,60,74,72,65,67,40,60,68,79,75,11,8,13,10,8,60,60,61,61,61,60,66,65,71,65,71,75,71,72,73,72,18,Óscar Valentín,74,75,4300000,27,1792,CDM,Spain,Midfield,Rotation 70-77,Midfield / Rotation 70-77
Víctor Chust,Víctor Chust García,74,83,9000000,CB,CB,Spain,https://cdn.sofifa.net/players/259/173/23_60.png,22,184,76,1534,341,Cádiz CF,20000,20700000,SUB,2026,32,2022,-,Right,5,2,1,-,https://cdn.sofifa.net/flags/es.png,-,-,Low,Medium,69,30,50,51,76,65,28,28,73,75,30,36,27,30,52,72,68,70,38,66,57,32,74,53,70,26,67,74,41,35,35,65,76,78,76,7,9,6,14,11,53,49,51,51,51,49,54,54,59,54,66,71,66,70,76,70,18,Víctor Chust,74,83,9000000,22,1534,CB,Spain,Defender,Rotation 70-77,Defender / Rotation 70-77
Douglas Carvalheira,Douglas Arthur Carvalheira Peixoto,74,74,1500000,LB,LB,Brazil,https://cdn.sofifa.net/players/230/245/23_60.png,34,174,74,1804,400,Flamengo,28000,2700000,SUB,2025,23,2022,-,Left,2,2,1,-,https://cdn.sofifa.net/flags/br.png,-,-,Medium,Medium,90,40,61,71,69,69,71,32,59,69,27,73,62,31,66,69,90,90,77,70,65,60,80,79,65,37,66,66,57,39,39,60,71,73,67,6,14,15,9,10,61,65,62,62,62,65,64,70,65,70,74,70,74,74,71,74,19,Douglas Carvalheira,74,74,1500000,34,1804,LB,Brazil,Defender,Rotation 70-77,Defender / Rotation 70-77
Ruiz de Galarreta,Iñigo Ruiz de Galarreta,74,74,3700000,"CDM,CM",CDM,Spain,https://cdn.sofifa.net/players/205/157/23_60.png,28,175,69,1898,407,RCD Mallorca,21000,8100000,SUB,2023,4,2019,-,Right,3,3,1,-,https://cdn.sofifa.net/flags/es.png,-,-,High,Medium,67,59,70,73,69,69,53,56,51,80,61,70,58,45,75,72,66,67,83,67,83,62,43,77,64,64,80,68,63,75,47,72,66,77,75,12,6,13,7,12,65,67,68,68,68,67,73,71,74,71,72,74,72,71,71,71,18,Ruiz de Galarreta,74,74,3700000,28,1898,CDM,Spain,Midfield,Rotation 70-77,Midfield / Rotation 70-77
T. Pochettino,Tomás Pochettino,74,74,4600000,"CM,CAM",CM,Argentina,https://cdn.sofifa.net/players/231/524/23_60.png,26,180,72,2007,425,River Plate,8000,0,SUB,2022,32,2021,TRUE,Right,3,3,1,-,https://cdn.sofifa.net/flags/ar.png,-,-,High,Medium,71,66,76,76,64,72,75,62,52,75,50,78,73,73,75,75,74,68,76,70,77,72,70,71,73,72,69,61,68,81,62,75,63,69,65,9,13,11,14,11,70,73,72,72,72,73,74,74,74,74,72,72,72,70,68,70,20,T. Pochettino,74,74,4600000,26,2007,CM,Argentina,Midfield,Rotation 70-77,Midfield / Rotation 70-77
Roni Gameira,Erick Ronaldo Gameira Carvalho,74,74,4099999,"ST,CF",ST,Brazil,https://cdn.sofifa.net/players/230/497/23_60.png,30,180,76,1763,377,Club Athletico Paranaense,16000,7800000,ST,2025,9,2022,-,Right,3,3,1,-,https://cdn.sofifa.net/flags/br.png,-,-,High,Low,80,75,58,73,29,62,61,77,76,61,76,73,55,56,52,71,78,82,78,77,65,73,64,58,70,71,44,44,74,55,72,77,10,25,24,7,7,9,8,10,74,71,72,72,72,71,71,71,63,71,55,50,55,52,47,52,18,Roni Gameira,74,74,4099999,30,1763,ST,Brazil,Forward,Rotation 70-77,Forward / Rotation 70-77
Bigas,Pedro Bigas Rigo,74,74,2900000,"CB,LB",CB,Spain,https://cdn.sofifa.net/players/206/222/23_60.png,31,181,78,1823,386,Elche CF,16000,6400000,CB,2023,6,2021,-,Left,2,2,1,-,https://cdn.sofifa.net/flags/es.png,-,-,Medium,High,62,52,64,61,75,72,68,49,73,76,44,55,46,43,69,66,63,62,62,69,64,62,78,61,72,47,82,72,61,45,48,67,75,77,72,15,14,9,13,11,64,61,60,60,60,61,63,64,66,64,71,73,71,72,74,72,21,Bigas,74,74,2900000,31,1823,CB,Spain,Defender,Rotation 70-77,Defender / Rotation 70-77
J. Berthomier,Jason Berthomier,74,74,3300000,CAM,CAM,France,https://cdn.sofifa.net/players/228/908/23_60.png,32,177,74,1989,399,Valenciennes FC,7000,5800000,CAM,2025,5,2022,-,Left,4,4,1,-,https://cdn.sofifa.net/flags/fr.png,-,-,High,Low,66,70,77,76,51,59,78,67,66,77,69,76,73,78,76,76,67,65,76,75,73,71,86,67,49,75,69,57,70,75,72,76,42,51,53,14,14,8,10,14,72,73,73,73,73,73,74,74,74,74,67,66,67,65,60,65,22,J. Berthomier,74,74,3300000,32,1989,CAM,France,Midfield,Rotation 70-77,Midfield / Rotation 70-77
Ilie Sánchez,Ilie Sánchez Farres,74,74,3000000,"CDM,CB,CM",CDM,Spain,https://cdn.sofifa.net/players/199/562/23_60.png,31,180,75,1857,382,Los Angeles FC,8000,4500000,CDM,2022,6,2022,-,Right,3,2,1,-,https://cdn.sofifa.net/flags/es.png,-,-,Medium,High,50,49,67,69,69,78,53,45,68,77,38,64,51,49,77,75,51,49,72,75,69,49,83,86,75,57,72,70,52,66,69,69,71,69,64,6,16,16,12,11,61,62,62,62,62,62,68,67,73,67,70,74,70,70,73,70,20,Ilie Sánchez,74,74,3000000,31,1857,CDM,Spain,Midfield,Rotation 70-77,Midfield / Rotation 70-77
A. Laurienté,Armand Laurienté,74,79,6500000,"RM,RW,ST",CAM,France,https://cdn.sofifa.net/players/243/593/23_60.png,23,177,79,1851,377,U.S. Sassuolo Calcio,24000,11500000,RW,2024,45,2022,-,Right,3,4,1,-,https://cdn.sofifa.net/flags/fr.png,-,-,Medium,Medium,77,73,71,77,35,44,75,69,45,70,75,79,81,83,62,76,76,77,72,66,88,81,55,61,33,80,47,27,72,71,56,69,28,40,43,13,13,8,14,15,71,74,73,73,73,74,75,75,69,75,59,54,59,56,45,56,21,A. Laurienté,74,79,6500000,23,1851,CAM,France,Midfield,Rotation 70-77,Midfield / Rotation 70-77
J. Ramírez,Juan Ramírez,74,74,4099999,"CM,LM",CAM,Argentina,https://cdn.sofifa.net/players/214/665/23_60.png,29,174,72,1955,428,Boca Juniors,16000,5700000,LW,2024,20,2021,-,Left,1,3,1,-,https://cdn.sofifa.net/flags/ar.png,-,-,High,Medium,81,67,70,80,64,66,64,67,47,75,49,82,68,56,71,79,84,79,82,71,75,68,33,81,60,68,72,66,72,72,67,73,66,67,64,12,13,9,6,10,71,74,74,74,74,74,74,74,74,74,74,73,74,72,66,72,19,J. Ramírez,74,74,4099999,29,1955,CAM,Argentina,Midfield,Rotation 70-77,Midfield / Rotation 70-77
F. Fazio,Federico Fazio,74,74,1100000,CB,CB,Argentina,https://cdn.sofifa.net/players/179/847/23_60.png,35,195,85,1521,329,US Salernitana 1919,15000,2000000,CB,2024,17,2022,-,Right,3,2,3,-,https://cdn.sofifa.net/flags/ar.png,-,-,Low,Medium,34,40,54,54,75,72,44,41,85,64,35,44,40,37,60,75,33,34,31,70,33,58,43,53,83,26,76,73,32,48,26,76,72,78,73,8,9,12,11,14,57,48,51,51,51,48,55,54,62,54,65,72,65,67,74,67,20,F. Fazio,74,74,1100000,35,1521,CB,Argentina,Defender,Rotation 70-77,Defender / Rotation 70-77
Ximo Navarro,Joaquín Navarro Jiménez,74,74,2900000,"RB,CB",RB,Spain,https://cdn.sofifa.net/players/198/023/23_60.png,32,176,75,1871,396,Fortuna Sittard,13000,4400000,SUB,2023,2,2022,-,Right,3,3,1,-,https://cdn.sofifa.net/flags/es.png,-,-,Medium,Medium,71,47,65,68,70,75,70,36,69,71,32,65,61,42,64,71,69,73,70,70,69,64,81,85,68,55,79,72,62,59,48,68,70,70,71,12,7,13,10,13,63,64,63,63,63,64,66,69,69,69,74,73,74,74,73,74,19,Ximo Navarro,74,74,2900000,32,1871,RB,Spain,Defender,Rotation 70-77,Defender / Rotation 70-77
Sandro,Sandro Ramírez Castillo,74,75,5000000,ST,ST,Spain,https://cdn.sofifa.net/players/217/731/23_60.png,26,175,71,1854,385,Unión Deportiva Las Palmas,11000,0,SUB,2023,9,2020,TRUE,Right,4,3,2,-,https://cdn.sofifa.net/flags/es.png,-,-,High,Medium,78,74,67,75,31,60,65,70,65,75,74,76,80,76,59,77,76,80,74,73,72,83,67,50,64,75,62,33,77,56,69,65,25,25,24,12,16,10,6,8,75,73,74,74,74,73,74,73,67,73,56,53,56,52,48,52,19,Sandro,74,75,5000000,26,1854,ST,Spain,Forward,Rotation 70-77,Forward / Rotation 70-77
Eric Curbelo,Eric Curbelo de la Fe,74,75,4000000,"CB,RB",CB,Spain,https://cdn.sofifa.net/players/237/442/23_60.png,28,177,77,1784,396,Unión Deportiva Las Palmas,9000,6700000,CB,2024,6,2019,-,Right,5,2,1,-,https://cdn.sofifa.net/flags/es.png,-,-,High,Medium,82,34,62,64,74,80,58,37,67,69,26,59,44,26,65,63,80,83,71,74,84,36,83,81,80,21,76,75,49,65,38,70,77,74,73,14,7,10,12,7,58,60,58,58,58,60,63,66,66,66,74,74,74,75,75,75,19,Eric Curbelo,74,75,4000000,28,1784,CB,Spain,Defender,Rotation 70-77,Defender / Rotation 70-77
Dani Rochelinhas,Danilo Manuel Aldair Rochela,74,74,4099999,"CAM,CM",CAM,Brazil,https://cdn.sofifa.net/players/230/274/23_60.png,30,178,75,1815,380,Club Athletico Paranaense,14000,7800000,CAM,2025,7,2022,-,Left,3,4,1,-,https://cdn.sofifa.net/flags/br.png,-,-,High,Low,76,63,72,76,34,59,66,64,51,74,61,75,72,73,71,76,81,72,82,74,67,55,51,71,54,62,57,41,77,76,71,78,26,33,32,13,8,10,9,10,69,73,72,72,72,73,74,74,72,74,60,58,60,56,48,56,19,Dani Rochelinhas,74,74,4099999,30,1815,CAM,Brazil,Midfield,Rotation 70-77,Midfield / Rotation 70-77
Benjamin Meseira,Benjamin Chris Meseira Zonta,74,74,4200000,RB,RB,Brazil,https://cdn.sofifa.net/players/230/529/23_60.png,26,180,75,1815,396,Club Athletico Paranaense,13000,8000000,SUB,2025,19,2022,-,Right,3,3,1,-,https://cdn.sofifa.net/flags/br.png,-,-,High,Medium,79,45,61,69,69,73,74,34,52,65,32,67,61,47,54,71,77,81,70,73,67,70,64,85,71,44,67,70,53,51,51,70,73,70,69,8,9,16,10,9,61,64,61,61,61,64,63,68,65,68,74,70,74,74,70,74,18,Benjamin Meseira,74,74,4200000,26,1815,RB,Brazil,Defender,Rotation 70-77,Defender / Rotation 70-77
Morato,Felipe Rodrigues da Silva,74,84,9000000,CB,CB,Brazil,https://cdn.sofifa.net/players/256/008/23_60.png,21,192,89,1614,367,SL Benfica,8000,19800000,CB,2027,91,2019,-,Left,2,2,1,-,https://cdn.sofifa.net/flags/br.png,-,-,Medium,Medium,67,35,51,61,73,80,34,32,73,65,39,61,26,27,62,65,66,68,41,74,43,49,63,67,88,28,82,67,29,49,44,75,74,76,74,12,12,12,6,6,56,53,54,54,54,53,57,58,61,58,67,71,67,69,76,69,18,Morato,74,84,9000000,21,1614,CB,Brazil,Defender,Rotation 70-77,Defender / Rotation 70-77
Sergi Enrich,Sergi Enrich Ametller,74,74,3400000,ST,ST,Spain,https://cdn.sofifa.net/players/194/879/23_60.png,32,181,77,1878,388,Real Oviedo,11000,5400000,ST,2023,23,2022,-,Right,4,4,2,-,https://cdn.sofifa.net/flags/es.png,-,-,High,High,52,73,68,72,42,81,65,73,80,75,78,70,55,49,59,75,53,51,69,82,64,76,86,77,88,69,66,37,78,71,71,74,31,46,38,7,11,6,12,10,74,70,72,72,72,70,74,72,71,72,60,61,60,58,59,58,20,Sergi Enrich,74,74,3400000,32,1878,ST,Spain,Forward,Rotation 70-77,Forward / Rotation 70-77
Allan Bardinho,Allan Norberto Bardini Paneira,74,74,4099999,"CAM,CM",CAM,Brazil,https://cdn.sofifa.net/players/230/465/23_60.png,30,175,72,1764,373,Ceará Sporting Club,13000,7800000,CM,2025,19,2022,-,Left,4,4,1,-,https://cdn.sofifa.net/flags/br.png,-,-,Medium,Medium,65,69,73,77,35,54,73,71,44,75,51,77,56,55,76,77,66,65,82,66,75,66,45,61,61,70,31,52,72,77,72,71,23,33,32,12,8,17,8,15,69,73,72,72,72,73,74,74,73,74,59,58,59,55,46,55,19,Allan Bardinho,74,74,4099999,30,1764,CAM,Brazil,Midfield,Rotation 70-77,Midfield / Rotation 70-77
K. Amian,Kelvin Amian,74,78,5500000,"RWB,RM,RB",RWB,France,https://cdn.sofifa.net/players/231/235/23_60.png,24,180,78,1884,405,Spezia,13000,10300000,SUB,2026,27,2021,-,Right,3,2,1,-,https://cdn.sofifa.net/flags/fr.png,-,-,High,Medium,78,48,62,67,71,79,65,43,66,67,46,65,69,39,60,68,77,79,71,69,76,72,79,84,79,35,72,72,64,55,42,69,72,72,72,7,8,14,14,11,65,64,63,63,63,64,64,68,66,68,74,72,74,74,74,74,19,K. Amian,74,78,5500000,24,1884,RWB,France,Defender,Rotation 70-77,Defender / Rotation 70-77
Mauri Borgho,Maurício Wilson Borghes Caeiro,74,74,3600000,"RB,CDM",RB,Brazil,https://cdn.sofifa.net/players/230/217/23_60.png,30,172,71,1976,418,São Paulo,28000,6800000,RB,2025,4,2022,-,Right,4,2,1,-,https://cdn.sofifa.net/flags/br.png,-,-,Medium,Medium,76,63,71,70,72,66,74,65,69,74,63,68,68,65,68,75,77,76,70,67,68,61,63,70,65,59,65,71,72,67,66,65,72,73,72,9,6,16,13,9,71,71,70,70,70,71,72,73,72,73,74,73,74,74,72,74,18,Mauri Borgho,74,74,3600000,30,1976,RB,Brazil,Defender,Rotation 70-77,Defender / Rotation 70-77
A. Young,Ashley Young,74,74,1400000,"LM,LB",CDM,England,https://cdn.sofifa.net/players/152/908/23_60.png,36,175,65,2098,430,Aston Villa,43000,2700000,SUB,2023,18,2021,-,Right,3,4,2,-,https://cdn.sofifa.net/flags/gb-eng.png,-,-,High,Medium,67,65,76,76,76,70,78,63,67,78,74,76,82,75,71,77,69,65,74,78,76,71,65,66,68,63,83,76,70,71,60,79,76,79,75,16,10,15,16,15,72,73,72,72,72,73,74,74,74,74,74,74,74,74,74,74,23,A. Young,74,74,1400000,36,2098,CDM,England,Midfield,Rotation 70-77,Midfield / Rotation 70-77
Estevão Baldeiro,Estevão Danilo Baldeiro Lopes,74,74,4000000,CB,CB,Brazil,https://cdn.sofifa.net/players/236/108/23_60.png,26,186,85,1917,406,Flamengo,28000,7200000,SUB,2025,16,2022,-,Right,3,2,1,-,https://cdn.sofifa.net/flags/br.png,-,-,High,High,75,56,60,64,76,75,62,41,75,64,57,59,48,63,51,71,79,71,60,62,66,75,71,72,78,72,74,75,49,62,55,65,76,78,76,15,15,15,15,15,64,62,62,62,62,62,64,64,65,64,72,72,72,74,74,74,22,Estevão Baldeiro,74,74,4000000,26,1917,CB,Brazil,Defender,Rotation 70-77,Defender / Rotation 70-77
D. Da Silva,Damien Da Silva,74,74,1400000,CB,CB,France,https://cdn.sofifa.net/players/179/789/23_60.png,34,184,83,1612,330,Olympique Lyonnais,42000,2700000,SUB,2023,21,2021,-,Right,4,2,2,-,https://cdn.sofifa.net/flags/fr.png,-,-,Medium,Medium,36,37,57,52,75,73,49,25,78,69,36,42,38,31,66,63,35,37,46,73,56,57,80,55,79,41,78,71,39,47,43,72,74,76,75,6,8,12,16,11,53,48,49,49,49,48,53,53,61,53,64,71,64,67,74,67,19,D. Da Silva,74,74,1400000,34,1612,CB,France,Defender,Rotation 70-77,Defender / Rotation 70-77
Jadson,Jadson Silva de Morais,74,74,3500000,CB,CB,Brazil,https://cdn.sofifa.net/players/238/860/23_60.png,30,186,80,1606,356,Shandong Taishan,18000,5600000,CB,2024,4,2022,-,Right,2,2,1,-,https://cdn.sofifa.net/flags/br.png,-,-,Medium,Medium,67,36,45,54,75,79,21,32,75,60,33,44,21,25,62,61,63,71,60,68,59,45,83,70,86,34,74,72,39,41,35,71,75,77,71,10,15,6,12,6,54,49,51,51,51,49,53,53,59,53,64,70,64,68,74,68,19,Jadson,74,74,3500000,30,1606,CB,Brazil,Defender,Rotation 70-77,Defender / Rotation 70-77
J. Chotard,Joris Chotard,74,82,8500000,"CDM,CM",CDM,France,https://cdn.sofifa.net/players/252/541/23_60.png,20,179,70,1910,407,Montpellier Hérault SC,14000,17900000,CDM,2024,13,2019,-,Right,4,3,1,-,https://cdn.sofifa.net/flags/fr.png,-,-,Medium,Medium,68,54,72,74,71,68,68,52,58,77,40,75,66,57,71,74,67,68,76,73,70,61,69,77,61,53,75,75,62,71,55,69,72,73,66,11,6,7,14,10,65,69,68,68,68,69,72,72,74,72,74,75,74,73,72,73,19,J. Chotard,74,82,8500000,20,1910,CDM,France,Midfield,Rotation 70-77,Midfield / Rotation 70-77
Edval Anton,Edvaldo Flávio Rebelo de Freit,74,74,3500000,"CDM,CM,CAM",CDM,Brazil,https://cdn.sofifa.net/players/230/255/23_60.png,30,183,71,1918,410,Fortaleza,12000,6700000,CM,2025,5,2022,-,Left,3,2,1,-,https://cdn.sofifa.net/flags/br.png,-,-,High,Medium,70,56,71,72,72,69,71,55,69,72,61,71,62,42,74,73,73,68,65,81,64,64,69,85,62,52,67,67,66,76,42,81,74,77,64,7,16,13,7,9,68,69,69,69,69,69,72,74,74,74,74,74,74,74,72,74,20,Edval Anton,74,74,3500000,30,1918,CDM,Brazil,Midfield,Rotation 70-77,Midfield / Rotation 70-77
E. Mammana,Emanuel Mammana,74,75,4400000,"CB,RB",CB,Argentina,https://cdn.sofifa.net/players/221/551/23_60.png,26,183,72,1845,401,River Plate,14000,6500000,CB,2022,23,2022,-,Right,2,3,1,-,https://cdn.sofifa.net/flags/ar.png,-,-,Medium,Medium,77,42,65,71,75,71,66,28,68,75,36,67,44,34,74,74,78,77,73,74,69,63,73,60,75,48,72,78,47,54,62,80,75,74,76,6,11,12,14,8,61,63,62,62,62,63,66,68,69,68,75,75,75,75,75,75,19,E. Mammana,74,75,4400000,26,1845,CB,Argentina,Defender,Rotation 70-77,Defender / Rotation 70-77
Medrán,Álvaro Medrán Just,74,74,4200000,"CM,CDM",CM,Spain,https://cdn.sofifa.net/players/212/476/23_60.png,28,178,71,1966,402,Al Taawoun,23000,6900000,CM,2023,10,2022,-,Right,4,3,1,-,https://cdn.sofifa.net/flags/es.png,-,-,High,Medium,58,67,76,74,63,64,70,58,61,79,57,75,73,74,78,77,56,59,71,71,70,78,68,69,67,78,49,62,63,76,79,69,65,63,58,13,14,13,12,10,69,70,70,70,70,70,74,73,74,73,69,71,69,67,66,67,21,Medrán,74,74,4200000,28,1966,CM,Spain,Midfield,Rotation 70-77,Midfield / Rotation 70-77
E. Copetti,Enzo Copetti,74,76,5500000,"ST,RW",ST,Argentina,https://cdn.sofifa.net/players/238/332/23_60.png,26,180,88,1953,419,Racing Club,18000,8700000,ST,2024,9,2021,-,Right,4,3,1,-,https://cdn.sofifa.net/flags/ar.png,-,-,High,High,81,72,63,68,49,86,64,73,77,70,55,67,50,44,55,66,80,82,66,74,84,81,85,90,85,64,85,42,74,66,75,66,45,50,47,7,9,14,15,12,76,70,71,71,71,70,71,73,68,73,65,63,65,64,63,64,20,E. Copetti,74,76,5500000,26,1953,ST,Argentina,Forward,Rotation 70-77,Forward / Rotation 70-77
J. Schmid,Jonathan Schmid,74,74,3300000,"RM,RB",RM,France,https://cdn.sofifa.net/players/201/982/23_60.png,32,179,79,2042,426,Sport-Club Freiburg,24000,5600000,SUB,2026,7,2019,-,Right,3,3,2,-,https://cdn.sofifa.net/flags/fr.png,-,-,Medium,Medium,67,64,75,76,68,76,82,56,56,75,62,78,84,84,69,76,68,67,73,74,79,77,65,76,76,68,77,71,64,69,62,72,67,69,71,15,7,7,10,8,70,72,70,70,70,72,73,74,74,74,74,74,74,74,72,74,19,J. Schmid,74,74,3300000,32,2042,RM,France,Midfield,Rotation 70-77,Midfield / Rotation 70-77
Lazo,José Carlos Lazo Romero,74,75,5000000,LM,RW,Spain,https://cdn.sofifa.net/players/229/631/23_60.png,26,178,71,1793,388,RCD Espanyol de Barcelona,17000,10900000,SUB,2027,16,2022,-,Right,5,3,1,-,https://cdn.sofifa.net/flags/es.png,-,-,Medium,Medium,78,73,69,79,34,55,72,74,32,72,53,81,72,73,66,79,79,78,87,69,70,77,58,61,58,75,37,23,66,62,66,65,45,33,31,11,7,9,11,6,71,75,73,73,73,75,75,75,68,75,59,54,59,54,45,54,17,Lazo,74,75,5000000,26,1793,RW,Spain,Forward,Rotation 70-77,Forward / Rotation 70-77
Manu García,Manuel García Sánchez,74,74,1300000,"CM,CDM",CDM,Spain,https://cdn.sofifa.net/players/172/287/23_60.png,36,182,74,1936,399,CD Mirandés,7000,2000000,CDM,2023,19,2022,-,Left,3,2,1,-,https://cdn.sofifa.net/flags/es.png,-,-,Medium,High,40,68,72,69,74,76,65,68,67,76,45,69,58,56,75,72,32,47,56,75,63,72,74,74,73,67,84,76,75,77,71,72,73,79,68,8,14,9,7,11,70,67,69,69,69,67,72,70,74,70,71,74,71,71,74,71,19,Manu García,74,74,1300000,36,1936,CDM,Spain,Midfield,Rotation 70-77,Midfield / Rotation 70-77
Walace,Walace Souza Silva,74,76,4600000,"CDM,CM",CDM,Brazil,https://cdn.sofifa.net/players/222/844/23_60.png,27,188,75,1919,413,Udinese Calcio,14000,8199999,CDM,2024,11,2019,-,Right,3,3,1,-,https://cdn.sofifa.net/flags/br.png,-,-,Medium,High,66,65,68,69,70,75,50,58,62,80,66,68,55,52,73,74,64,68,60,70,66,77,55,77,74,74,80,74,56,70,58,72,71,70,62,10,13,7,14,11,69,66,68,68,68,66,72,69,74,69,71,75,71,70,72,70,20,Walace,74,76,4600000,27,1919,CDM,Brazil,Midfield,Rotation 70-77,Midfield / Rotation 70-77
A. Gomes,Angel Gomes,74,82,9500000,"LM,CF,CDM",CAM,England,https://cdn.sofifa.net/players/240/507/23_60.png,21,168,56,1985,416,LOSC Lille,20000,20000000,SUB,2025,20,2020,-,Right,4,4,1,-,https://cdn.sofifa.net/flags/gb-eng.png,-,-,Medium,Medium,77,70,72,77,61,59,65,71,62,75,65,75,69,68,72,77,78,77,86,70,89,69,51,64,56,70,60,61,69,73,66,73,59,64,61,14,15,14,6,14,72,73,73,73,73,73,76,75,74,75,69,69,69,69,65,69,21,A. Gomes,74,82,9500000,21,1985,CAM,England,Midfield,Rotation 70-77,Midfield / Rotation 70-77
Guilherme Sityá,Guilherme Haubert Sityá,74,74,2900000,"LB,LM,LWB",LB,Brazil,https://cdn.sofifa.net/players/224/885/23_60.png,32,180,79,1983,429,İttifak Holding Konyaspor,15000,5800000,LB,2025,12,2020,-,Left,3,3,1,-,https://cdn.sofifa.net/flags/br.png,-,-,High,High,82,61,70,72,67,77,74,58,52,71,47,72,70,72,66,70,81,82,79,69,75,66,80,86,78,68,60,68,60,68,63,65,70,69,67,9,7,11,8,7,67,70,68,68,68,70,71,73,71,73,74,72,74,74,70,74,17,Guilherme Sityá,74,74,2900000,32,1983,LB,Brazil,Defender,Rotation 70-77,Defender / Rotation 70-77
P. Capelle,Pierrick Capelle,74,74,1700000,"RM,CM,LM",RM,France,https://cdn.sofifa.net/players/209/781/23_60.png,35,181,73,2040,421,Angers SCO,15000,3400000,SUB,2023,15,2015,-,Left,4,3,2,-,https://cdn.sofifa.net/flags/fr.png,-,-,Medium,Medium,64,72,74,73,69,69,75,69,53,74,77,73,75,76,73,76,61,67,72,74,64,73,68,75,65,76,71,73,76,71,63,65,69,70,69,9,12,16,9,16,72,72,72,72,72,72,74,74,74,74,74,74,74,73,71,73,21,P. Capelle,74,74,1700000,35,2040,RM,France,Midfield,Rotation 70-77,Midfield / Rotation 70-77
R. Czichos,Rafael Czichos,74,74,2700000,"CB,LB",CB,Germany,https://cdn.sofifa.net/players/211/826/23_60.png,32,187,86,1757,378,Chicago Fire Football Club,8000,3900000,CB,2024,5,2022,-,Left,3,2,1,-,https://cdn.sofifa.net/flags/de.png,-,-,Medium,Medium,59,47,59,61,75,77,56,42,72,66,33,57,52,57,67,65,52,64,57,67,60,63,73,67,82,51,77,75,43,47,36,76,75,76,76,8,7,14,11,9,59,56,56,56,56,56,59,60,64,60,69,72,69,71,74,71,17,R. Czichos,74,74,2700000,32,1757,CB,Germany,Defender,Rotation 70-77,Defender / Rotation 70-77
Éderson,Éderson José dos Santos,74,80,6500000,CM,CM,Brazil,https://cdn.sofifa.net/players/266/866/23_60.png,22,183,86,1931,414,Atalanta,32000,12400000,SUB,2026,13,2022,-,Right,3,3,1,-,https://cdn.sofifa.net/flags/br.png,-,-,Medium,High,70,63,71,75,65,70,62,59,62,77,44,76,65,49,74,77,72,68,69,70,70,70,59,74,68,67,73,69,71,75,57,75,58,70,64,14,10,12,13,13,70,71,72,72,72,71,75,74,76,74,71,73,71,70,69,70,21,Éderson,74,80,6500000,22,1931,CM,Brazil,Midfield,Rotation 70-77,Midfield / Rotation 70-77
J. Rodriguez,Jay Rodriguez,74,74,3400000,ST,ST,England,https://cdn.sofifa.net/players/169/792/23_60.png,32,185,84,1884,390,Burnley,40000,6500000,ST,2024,9,2019,-,Right,4,3,2,-,https://cdn.sofifa.net/flags/gb-eng.png,-,-,High,Medium,65,76,68,73,42,66,68,75,76,69,76,73,69,53,66,74,64,66,69,75,64,78,78,68,73,76,45,44,75,70,78,77,48,30,21,12,12,16,14,9,74,72,73,73,73,72,74,73,70,73,59,58,59,56,54,56,21,J. Rodriguez,74,74,3400000,32,1884,ST,England,Forward,Rotation 70-77,Forward / Rotation 70-77
A. Moreno,Aníbal Moreno,74,82,9000000,"CDM,CM",CAM,Argentina,https://cdn.sofifa.net/players/245/055/23_60.png,23,178,74,1947,417,Racing Club,13000,15300000,CDM,2025,29,2021,-,Right,3,3,1,-,https://cdn.sofifa.net/flags/ar.png,-,-,Medium,Medium,73,65,71,74,69,65,56,57,48,80,52,72,77,59,74,74,77,70,80,74,82,76,56,74,61,74,65,71,66,71,62,72,70,73,67,5,8,5,6,5,68,70,71,71,71,70,75,73,75,73,73,74,73,72,69,72,15,A. Moreno,74,82,9000000,23,1947,CAM,Argentina,Midfield,Rotation 70-77,Midfield / Rotation 70-77
Salvi Sánchez,Salvador Sánchez Ponce,74,74,3500000,"RM,LB",RM,Spain,https://cdn.sofifa.net/players/234/772/23_60.png,31,175,64,1810,379,Rayo Vallecano,18000,7400000,SUB,2024,14,2022,-,Right,3,3,1,-,https://cdn.sofifa.net/flags/es.png,-,-,High,Medium,84,64,73,73,39,46,74,65,43,73,64,73,72,70,71,73,81,86,77,67,83,68,58,63,34,59,53,39,69,72,63,66,36,39,41,10,12,7,9,6,67,72,71,71,71,72,74,74,69,74,62,57,62,59,48,59,17,Salvi Sánchez,74,74,3500000,31,1810,RM,Spain,Midfield,Rotation 70-77,Midfield / Rotation 70-77
Manquillo,Javier Manquillo Gaitán,74,74,3800000,"RB,RWB",RB,Spain,https://cdn.sofifa.net/players/210/972/23_60.png,28,178,76,1835,387,Newcastle United,60000,7200000,SUB,2024,19,2017,-,Right,3,3,2,-,https://cdn.sofifa.net/flags/es.png,-,-,Medium,Medium,69,45,63,72,73,65,73,32,61,70,37,72,72,46,62,74,73,65,69,71,68,69,67,72,60,44,68,74,67,41,46,64,73,75,74,14,7,14,12,13,62,64,63,63,63,64,64,68,67,68,74,72,74,74,72,74,20,Manquillo,74,74,3800000,28,1835,RB,Spain,Defender,Rotation 70-77,Defender / Rotation 70-77
Borja Mayoral,Borja Mayoral Moya,74,79,6500000,ST,ST,Spain,https://cdn.sofifa.net/players/228/635/23_60.png,25,182,74,1856,385,Getafe CF,24000,14100000,ST,2027,19,2022,-,Right,4,3,2,-,https://cdn.sofifa.net/flags/es.png,-,-,Medium,Medium,66,74,67,74,38,66,60,75,73,74,71,73,63,62,65,76,65,66,73,74,72,76,85,63,72,70,48,37,80,67,72,78,40,29,24,12,9,8,15,7,76,72,74,74,74,72,75,73,70,73,57,57,57,54,52,54,20,Borja Mayoral,74,79,6500000,25,1856,ST,Spain,Forward,Rotation 70-77,Forward / Rotation 70-77
Merquelanz,Martín Merquelanz,74,74,4500000,"LW,RW,CAM",LW,Spain,https://cdn.sofifa.net/players/225/562/23_60.png,27,176,72,1927,405,Real Sociedad,28000,9500000,SUB,2025,26,2014,-,Left,3,3,1,-,https://cdn.sofifa.net/flags/es.png,-,-,Medium,Medium,70,77,75,74,45,64,77,77,41,76,66,74,76,80,68,75,71,69,71,68,75,81,50,63,66,77,65,48,71,75,73,69,25,60,55,12,14,14,7,7,72,74,73,73,73,74,74,74,73,74,65,63,65,62,56,62,19,Merquelanz,74,74,4500000,27,1927,LW,Spain,Forward,Rotation 70-77,Forward / Rotation 70-77
J. Silva,Jonathan Silva,74,74,3800000,"LB,LWB,CB",LB,Argentina,https://cdn.sofifa.net/players/215/322/23_60.png,28,179,72,1981,416,Granada CF,22000,0,SUB,2023,5,2021,TRUE,Left,3,3,1,-,https://cdn.sofifa.net/flags/ar.png,-,-,Medium,Medium,70,60,68,72,71,75,71,48,55,71,62,72,71,70,63,73,72,69,71,71,69,79,70,78,71,69,82,70,66,60,55,67,74,74,72,15,6,9,13,10,67,68,67,67,67,68,69,71,71,71,74,73,74,74,73,74,20,J. Silva,74,74,3800000,28,1981,LB,Argentina,Defender,Rotation 70-77,Defender / Rotation 70-77
J. Ward,Joel Ward,74,74,2900000,RB,RB,England,https://cdn.sofifa.net/players/186/392/23_60.png,32,188,83,1799,387,Crystal Palace,39000,5500000,SUB,2023,2,2012,-,Right,3,3,1,-,https://cdn.sofifa.net/flags/gb-eng.png,-,-,Medium,High,54,52,68,66,77,70,73,46,74,72,33,64,50,34,69,69,52,55,61,74,53,64,67,64,71,59,74,78,64,66,40,72,77,76,77,8,7,7,10,11,64,64,64,64,64,64,67,67,71,67,73,74,73,74,74,74,18,J. Ward,74,74,2900000,32,1799,RB,England,Defender,Rotation 70-77,Defender / Rotation 70-77
Matheus Henrique,Matheus Henrique de Souza,74,78,6000000,"CM,CDM",CAM,Brazil,https://cdn.sofifa.net/players/254/487/23_60.png,24,175,71,1927,407,U.S. Sassuolo Calcio,24000,10700000,CM,2026,7,2022,-,Right,4,3,1,-,https://cdn.sofifa.net/flags/br.png,-,-,Medium,Medium,74,60,75,77,57,64,69,56,50,80,59,79,65,60,82,77,78,70,82,72,73,64,64,79,55,61,66,52,73,75,61,67,63,57,60,8,12,7,11,7,68,73,72,72,72,73,77,77,76,77,70,70,70,68,62,68,18,Matheus Henrique,74,78,6000000,24,1927,CAM,Brazil,Midfield,Rotation 70-77,Midfield / Rotation 70-77
Murilo Sancha,Murilo Kaíque Sanches Cardoso,74,74,2000000,"RM,CM",RM,Brazil,https://cdn.sofifa.net/players/230/422/23_60.png,34,176,76,1941,424,América Futebol Clube,16000,3800000,RM,2025,18,2022,-,Right,3,2,1,-,https://cdn.sofifa.net/flags/br.png,-,-,Medium,Medium,78,67,69,73,66,71,73,70,60,72,49,75,70,40,65,73,79,77,76,67,71,72,69,83,73,58,50,55,74,70,65,66,70,69,69,9,7,8,12,11,72,73,72,72,72,73,74,74,72,74,73,70,73,72,68,72,18,Murilo Sancha,74,74,2000000,34,1941,RM,Brazil,Midfield,Rotation 70-77,Midfield / Rotation 70-77
G. Piovi,Gonzalo Piovi,74,74,4099999,"LB,LWB,CB",LB,Argentina,https://cdn.sofifa.net/players/219/670/23_60.png,27,180,72,1955,410,Racing Club,15000,6200000,LB,2025,33,2018,-,Left,2,3,1,-,https://cdn.sofifa.net/flags/ar.png,-,-,Medium,Medium,72,53,68,67,71,79,69,42,65,68,39,66,64,65,67,67,70,74,72,71,70,75,77,82,77,55,81,71,69,67,53,64,69,73,74,14,16,14,11,8,66,65,65,65,65,65,68,69,70,69,74,73,74,74,74,74,21,G. Piovi,74,74,4099999,27,1955,LB,Argentina,Defender,Rotation 70-77,Defender / Rotation 70-77
C. Lenz,Christopher Lenz,74,74,4099999,"LWB,LM",LWB,Germany,https://cdn.sofifa.net/players/212/244/23_60.png,27,181,81,1831,391,Eintracht Frankfurt,22000,7000000,SUB,2024,25,2021,-,Left,3,3,1,-,https://cdn.sofifa.net/flags/de.png,-,-,Medium,Medium,72,42,67,69,72,69,71,35,59,73,31,67,70,65,66,71,68,76,69,69,72,55,69,70,70,45,65,73,49,55,45,71,74,75,70,13,11,11,10,9,59,63,60,60,60,63,64,67,67,67,74,73,74,73,73,73,19,C. Lenz,74,74,4099999,27,1831,LWB,Germany,Defender,Rotation 70-77,Defender / Rotation 70-77
T. Leibold,Tim Leibold,74,74,3800000,"LB,LM",LB,Germany,https://cdn.sofifa.net/players/221/201/23_60.png,28,174,72,2014,420,Hamburger SV,13000,6100000,SUB,2023,21,2019,-,Left,3,3,1,-,https://cdn.sofifa.net/flags/de.png,-,-,High,Medium,78,57,72,75,67,71,75,54,54,72,57,74,75,62,69,74,87,71,84,71,85,66,78,80,63,54,76,69,67,73,59,69,67,68,71,15,10,14,13,7,67,71,69,69,69,71,73,74,73,74,74,73,74,74,70,74,20,T. Leibold,74,74,3800000,28,2014,LB,Germany,Defender,Rotation 70-77,Defender / Rotation 70-77
Vinicius Souza,Vinicius de Souza Costa,74,82,9000000,"CDM,CM",CB,Brazil,https://cdn.sofifa.net/players/262/929/23_60.png,23,187,80,1768,394,RCD Espanyol de Barcelona,13000,20700000,CDM,2025,12,2020,-,Right,3,2,1,-,https://cdn.sofifa.net/flags/br.png,-,-,Medium,High,66,47,63,66,73,79,45,38,75,73,27,66,48,43,72,71,65,66,60,72,40,78,68,76,82,46,78,75,29,65,36,65,71,74,71,14,14,9,13,8,61,59,60,60,60,59,64,64,69,64,71,75,71,72,76,72,21,Vinicius Souza,74,82,9000000,23,1768,CB,Brazil,Defender,Rotation 70-77,Defender / Rotation 70-77
P. Jaeckel,Paul Jaeckel,74,79,6000000,"CB,CDM",CB,Germany,https://cdn.sofifa.net/players/242/958/23_60.png,23,186,83,1639,358,1. FC Union Berlin,20000,11300000,CB,2025,3,2021,-,Right,3,2,1,-,https://cdn.sofifa.net/flags/de.png,-,-,Medium,High,73,33,52,51,76,73,35,25,70,63,33,39,31,37,58,61,67,78,62,68,58,47,59,69,76,36,76,77,32,53,44,62,76,78,75,11,12,6,12,15,52,50,50,50,50,50,54,54,60,54,68,71,68,71,76,71,20,P. Jaeckel,74,79,6000000,23,1639,CB,Germany,Defender,Rotation 70-77,Defender / Rotation 70-77
K. Mac Allister,Kevin Mac Allister,74,77,5000000,"CB,RB",CB,Argentina,https://cdn.sofifa.net/players/233/230/23_60.png,24,175,72,1898,416,Argentinos Juniors,10000,7900000,CB,2023,4,2016,-,Right,3,2,1,-,https://cdn.sofifa.net/flags/ar.png,-,-,Medium,Medium,76,54,62,72,74,78,59,53,71,71,37,70,38,41,58,71,82,71,82,72,77,57,83,85,73,55,80,72,66,64,45,71,75,75,74,8,6,7,12,8,67,68,67,67,67,68,70,71,70,71,74,74,74,75,76,75,17,K. Mac Allister,74,77,5000000,24,1898,CB,Argentina,Defender,Rotation 70-77,Defender / Rotation 70-77
P. Hofmann,Philipp Hofmann,74,74,4200000,ST,ST,Germany,https://cdn.sofifa.net/players/206/606/23_60.png,29,195,89,1655,356,VfL Bochum 1848,24000,7600000,ST,2024,33,2022,-,Left,2,2,1,-,https://cdn.sofifa.net/flags/de.png,-,-,Medium,Medium,51,74,53,63,35,80,31,77,81,68,66,63,46,39,43,70,46,55,46,73,36,83,53,60,93,63,79,23,78,62,62,73,26,38,30,14,10,15,11,15,74,63,69,69,69,63,68,63,63,63,49,53,49,48,54,48,21,P. Hofmann,74,74,4200000,29,1655,ST,Germany,Forward,Rotation 70-77,Forward / Rotation 70-77
M. Plattenhardt,Marvin Plattenhardt,74,74,3600000,LB,LB,Germany,https://cdn.sofifa.net/players/192/557/23_60.png,30,181,76,1991,408,Hertha BSC,24000,6500000,LB,2023,21,2014,-,Left,2,3,2,-,https://cdn.sofifa.net/flags/de.png,-,-,Medium,Medium,66,56,73,71,71,71,85,43,58,72,55,69,86,84,67,74,66,66,67,71,73,79,71,70,73,59,66,68,63,63,59,68,72,74,73,15,6,15,13,16,66,67,66,66,66,67,68,71,70,71,74,73,74,74,72,74,21,M. Plattenhardt,74,74,3600000,30,1991,LB,Germany,Defender,Rotation 70-77,Defender / Rotation 70-77
Guridi,Jon Guridi Aldalur,74,75,4800000,"CM,CDM,CAM",CAM,Spain,https://cdn.sofifa.net/players/238/126/23_60.png,27,179,70,1790,388,Deportivo Alavés,12000,8000000,CAM,2026,18,2022,-,Left,3,3,1,-,https://cdn.sofifa.net/flags/es.png,-,-,Medium,Medium,63,64,69,77,62,53,54,71,43,78,43,79,50,50,76,77,66,61,71,70,77,51,43,57,54,69,48,71,69,73,51,69,53,74,58,12,8,9,11,13,67,71,71,71,71,71,75,73,75,73,68,71,68,66,63,66,19,Guridi,74,75,4800000,27,1790,CAM,Spain,Midfield,Rotation 70-77,Midfield / Rotation 70-77
L. Kilian,Luca Kilian,74,80,6000000,CB,CB,Germany,https://cdn.sofifa.net/players/248/878/23_60.png,22,192,91,1626,367,1. FC Köln,19000,12000000,CB,2025,15,2022,-,Right,3,2,1,-,https://cdn.sofifa.net/flags/de.png,-,-,Low,Medium,70,37,56,54,75,75,48,36,74,67,29,48,31,35,61,59,68,72,50,72,47,45,65,63,84,33,72,72,33,52,36,69,75,77,73,10,8,11,9,11,55,53,53,53,53,53,56,58,61,58,68,71,68,71,76,71,18,L. Kilian,74,80,6000000,22,1626,CB,Germany,Defender,Rotation 70-77,Defender / Rotation 70-77
N. Petersen,Nils Petersen,74,74,2700000,ST,ST,Germany,https://cdn.sofifa.net/players/183/580/23_60.png,33,188,84,1768,365,Sport-Club Freiburg,26000,4600000,SUB,2025,18,2015,-,Right,4,3,2,-,https://cdn.sofifa.net/flags/de.png,-,-,Medium,High,52,77,58,65,40,73,58,80,78,64,83,62,57,45,49,70,53,52,54,81,57,78,61,77,77,67,60,39,80,60,77,78,46,29,21,11,7,15,13,7,74,66,70,70,70,66,68,67,65,67,55,56,55,53,53,53,20,N. Petersen,74,74,2700000,33,1768,ST,Germany,Forward,Rotation 70-77,Forward / Rotation 70-77
E. Ponce,Ezequiel Ponce,74,79,6500000,ST,ST,Argentina,https://cdn.sofifa.net/players/220/715/23_60.png,25,180,80,1842,390,Elche CF,19000,14800000,SUB,2026,19,2022,-,Right,3,3,1,-,https://cdn.sofifa.net/flags/ar.png,-,-,High,Medium,76,73,61,74,37,69,59,75,75,65,67,74,68,61,50,73,77,75,74,73,76,76,79,70,74,68,55,29,75,61,68,70,39,30,28,12,16,7,7,6,76,71,72,72,72,71,72,71,65,71,56,53,56,54,52,54,19,E. Ponce,74,79,6500000,25,1842,ST,Argentina,Forward,Rotation 70-77,Forward / Rotation 70-77
L. Cook,Lewis Cook,74,78,6000000,"CM,CDM",CM,England,https://cdn.sofifa.net/players/224/294/23_60.png,25,175,71,1974,406,AFC Bournemouth,37000,12500000,CDM,2025,4,2016,-,Right,4,3,1,-,https://cdn.sofifa.net/flags/gb-eng.png,-,-,Medium,Medium,60,63,74,77,66,66,70,61,50,77,57,77,71,65,77,78,66,55,75,73,83,66,68,68,61,65,77,69,65,74,61,73,64,72,68,6,15,12,15,13,67,71,70,70,70,71,74,73,76,73,72,74,72,70,69,70,21,L. Cook,74,78,6000000,25,1974,CM,England,Midfield,Rotation 70-77,Midfield / Rotation 70-77
Elias Fontoira,Elias Thiago Fontoira Marques,74,74,4099999,CDM,CDM,Brazil,https://cdn.sofifa.net/players/230/437/23_60.png,26,186,74,2038,428,Internacional,21000,7800000,CDM,2025,6,2022,-,Right,3,2,1,-,https://cdn.sofifa.net/flags/br.png,-,-,Medium,Medium,69,69,74,73,73,70,70,69,66,73,67,74,74,75,74,75,68,69,67,76,60,68,75,73,69,72,65,75,66,77,72,82,80,67,73,8,7,12,10,12,72,72,72,72,72,72,74,74,74,74,74,74,74,74,74,74,19,Elias Fontoira,74,74,4099999,26,2038,CDM,Brazil,Midfield,Rotation 70-77,Midfield / Rotation 70-77
K. Malcuit,Kévin Malcuit,74,74,3600000,RB,RB,France,https://cdn.sofifa.net/players/198/949/23_60.png,30,178,77,1972,423,MKE Ankaragücü,13000,7200000,RB,2023,13,2022,-,Right,3,3,2,-,https://cdn.sofifa.net/flags/fr.png,-,-,High,Medium,75,62,70,74,72,70,75,63,65,73,56,75,62,47,72,74,75,75,76,70,74,66,69,68,69,56,77,73,66,68,55,69,72,72,72,12,13,12,9,11,70,71,70,70,70,71,73,74,73,74,74,74,74,74,73,74,20,K. Malcuit,74,74,3600000,30,1972,RB,France,Defender,Rotation 70-77,Defender / Rotation 70-77
J. Amavi,Jordan Amavi,74,74,3800000,LB,LB,France,https://cdn.sofifa.net/players/219/681/23_60.png,28,176,70,1945,414,Getafe CF,30000,0,SUB,2023,12,2018,TRUE,Left,5,3,2,-,https://cdn.sofifa.net/flags/fr.png,-,-,High,Medium,73,61,67,70,71,72,72,55,66,74,56,70,63,49,66,72,72,74,69,72,70,75,77,68,72,63,74,73,55,54,61,67,67,75,73,11,10,11,14,12,68,67,66,66,66,67,68,70,69,70,74,73,74,74,74,74,20,J. Amavi,74,74,3800000,28,1945,LB,France,Defender,Rotation 70-77,Defender / Rotation 70-77
N. Cozza,Nicolas Cozza,74,81,8000000,"CB,LB",CB,France,https://cdn.sofifa.net/players/239/136/23_60.png,23,178,72,1803,393,Montpellier Hérault SC,16000,16800000,CB,2023,31,2017,-,Left,3,2,1,-,https://cdn.sofifa.net/flags/fr.png,-,-,Medium,Medium,75,41,62,69,75,71,59,39,69,73,31,69,60,36,62,72,76,74,60,75,72,49,77,69,70,35,73,76,49,52,50,67,76,76,73,6,10,8,14,13,61,63,61,61,61,63,64,67,67,67,74,74,74,74,76,74,20,N. Cozza,74,81,8000000,23,1803,CB,France,Defender,Rotation 70-77,Defender / Rotation 70-77
R. Khedira,Rani Khedira,74,75,4099999,"CDM,CB",CB,Germany,https://cdn.sofifa.net/players/211/999/23_60.png,28,189,86,1739,376,1. FC Union Berlin,25000,7700000,CDM,2026,8,2021,-,Right,3,2,2,-,https://cdn.sofifa.net/flags/de.png,-,-,Low,High,58,43,58,61,76,80,42,34,73,68,29,57,38,41,64,68,54,62,54,72,57,58,69,82,79,51,81,79,43,59,46,67,74,76,76,9,13,11,12,8,58,56,57,57,57,56,61,61,67,61,70,75,70,72,75,72,19,R. Khedira,74,75,4099999,28,1739,CB,Germany,Defender,Rotation 70-77,Defender / Rotation 70-77
Diegildo Ramos,Diego Hugo Ramos Calado,74,74,4099999,"ST,RM",ST,Brazil,https://cdn.sofifa.net/players/230/449/23_60.png,30,185,80,1706,341,Flamengo,34000,7400000,SUB,2025,10,2022,-,Left,3,2,1,-,https://cdn.sofifa.net/flags/br.png,-,-,Medium,Medium,30,79,67,67,28,70,62,74,82,68,82,70,77,76,66,74,27,32,44,75,30,88,34,50,82,81,72,12,84,66,78,75,22,28,20,12,7,6,14,11,74,66,70,70,70,66,70,66,67,66,46,51,46,43,47,43,20,Diegildo Ramos,74,74,4099999,30,1706,ST,Brazil,Forward,Rotation 70-77,Forward / Rotation 70-77
Arbilla,Anaitz Arbilla Zabala,74,74,1100000,CB,CB,Spain,https://cdn.sofifa.net/players/199/986/23_60.png,35,178,76,1969,398,SD Eibar,7000,1800000,CB,2023,23,2016,-,Right,4,2,1,-,https://cdn.sofifa.net/flags/es.png,-,-,Medium,High,53,57,70,66,73,79,75,40,71,70,48,63,82,83,74,71,44,60,59,73,67,84,86,71,82,72,82,77,57,57,47,66,68,75,72,14,8,15,13,9,65,62,62,62,62,62,65,66,70,66,72,74,72,72,74,72,20,Arbilla,74,74,1100000,35,1969,CB,Spain,Defender,Rotation 70-77,Defender / Rotation 70-77
L. Vangioni,Leonel Vangioni,74,74,1300000,"LB,LWB",LB,Argentina,https://cdn.sofifa.net/players/212/541/23_60.png,35,181,68,2007,423,Newell's Old Boys,9000,2000000,LB,2022,21,2022,-,Left,3,3,1,-,https://cdn.sofifa.net/flags/ar.png,-,-,High,Medium,77,63,70,70,71,72,74,51,55,71,61,71,71,62,69,69,80,75,71,72,67,78,74,69,69,73,85,74,68,65,69,68,71,74,74,9,9,9,11,7,68,69,68,68,68,69,71,72,71,72,74,74,74,74,74,74,18,L. Vangioni,74,74,1300000,35,2007,LB,Argentina,Defender,Rotation 70-77,Defender / Rotation 70-77
A. Tuanzebe,Axel Tuanzebe,74,78,5500000,CB,CB,England,https://cdn.sofifa.net/players/231/485/23_60.png,24,185,75,1795,393,Manchester United,60000,10900000,RES,2023,38,2015,-,Right,3,3,1,-,https://cdn.sofifa.net/flags/gb-eng.png,-,-,Medium,Medium,81,36,63,68,73,72,52,26,71,75,41,66,45,37,70,70,74,87,66,74,66,53,74,63,75,34,76,73,52,61,50,77,73,75,73,5,8,5,13,12,60,62,61,61,61,62,65,67,68,67,72,74,72,73,76,73,18,A. Tuanzebe,74,78,5500000,24,1795,CB,England,Defender,Rotation 70-77,Defender / Rotation 70-77
Álex Centelles,Alejandro Centelles Plaza,74,81,8000000,LB,LWB,Spain,https://cdn.sofifa.net/players/241/470/23_60.png,22,185,73,1881,411,Unión Deportiva Almería,17000,19200000,SUB,2026,20,2020,-,Left,3,3,1,-,https://cdn.sofifa.net/flags/es.png,-,-,Medium,Medium,78,52,67,71,68,75,72,49,65,70,51,70,70,45,69,75,76,79,66,74,55,64,61,86,72,45,71,68,59,62,48,72,66,72,68,14,9,12,10,8,66,67,66,66,66,67,69,72,71,72,75,73,75,74,71,74,19,Álex Centelles,74,81,8000000,22,1881,LWB,Spain,Defender,Rotation 70-77,Defender / Rotation 70-77
O. Solet,Oumar Solet,74,83,9000000,CB,CB,France,https://cdn.sofifa.net/players/242/238/23_60.png,22,192,81,1784,403,FC Red Bull Salzburg,19000,15300000,CB,2025,22,2020,-,Right,4,2,1,-,https://cdn.sofifa.net/flags/fr.png,-,-,Medium,High,83,43,57,67,72,81,31,35,68,74,33,69,35,34,71,68,80,86,68,69,36,64,80,73,89,39,72,74,59,56,42,69,70,74,70,12,14,10,14,15,64,61,63,63,63,61,66,66,69,66,70,74,70,71,76,71,22,O. Solet,74,83,9000000,22,1784,CB,France,Defender,Rotation 70-77,Defender / Rotation 70-77
M. Mittelstädt,Maximilian Mittelstädt,74,77,5000000,"LB,LM",LB,Germany,https://cdn.sofifa.net/players/227/647/23_60.png,25,180,71,1952,418,Hertha BSC,22000,9400000,SUB,2023,17,2015,-,Left,3,3,1,-,https://cdn.sofifa.net/flags/de.png,-,-,High,Medium,77,61,68,74,71,67,74,56,66,70,43,74,73,44,69,73,79,75,77,70,78,73,82,74,63,69,64,75,64,60,42,65,68,74,67,13,10,7,13,13,69,70,69,69,69,70,71,72,71,72,74,72,74,74,72,74,20,M. Mittelstädt,74,77,5000000,25,1952,LB,Germany,Defender,Rotation 70-77,Defender / Rotation 70-77
J. Worrall,Joe Worrall,74,80,6000000,CB,CB,England,https://cdn.sofifa.net/players/230/708/23_60.png,25,190,90,1513,329,Nottingham Forest,42000,12600000,CB,2024,4,2015,-,Right,2,2,1,-,https://cdn.sofifa.net/flags/gb-eng.png,-,-,Medium,High,57,25,51,45,75,76,39,20,75,68,30,35,27,29,68,54,52,61,43,70,46,34,76,71,81,22,70,73,27,30,35,63,76,75,76,11,11,5,9,14,47,43,43,43,43,43,47,50,56,50,66,71,66,69,76,69,19,J. Worrall,74,80,6000000,25,1513,CB,England,Defender,Rotation 70-77,Defender / Rotation 70-77
S. Ascacíbar,Santiago Ascacíbar,74,78,5500000,"CDM,CM",CDM,Argentina,https://cdn.sofifa.net/players/232/244/23_60.png,25,168,70,1844,392,US Cremonese,22000,0,SUB,2023,8,2020,TRUE,Right,3,2,1,-,https://cdn.sofifa.net/flags/ar.png,-,-,Medium,High,69,47,61,69,74,72,51,39,47,69,47,65,47,41,65,67,74,64,81,73,88,53,83,85,57,64,90,79,31,61,48,71,76,78,77,6,10,5,14,9,55,60,58,58,58,60,64,64,68,64,74,75,74,74,74,74,18,S. Ascacíbar,74,78,5500000,25,1844,CDM,Argentina,Midfield,Rotation 70-77,Midfield / Rotation 70-77
E. Wahi,Elye Wahi,74,84,9000000,"ST,LM",ST,France,https://cdn.sofifa.net/players/260/407/23_60.png,19,184,74,1821,391,Montpellier Hérault SC,14000,18900000,ST,2025,21,2020,-,Right,4,4,1,-,https://cdn.sofifa.net/flags/fr.png,-,-,High,Medium,82,73,64,76,31,65,61,76,64,70,69,77,63,58,57,76,84,81,79,72,71,73,76,61,69,69,57,28,74,64,64,70,25,29,23,13,7,5,12,14,76,74,74,74,74,74,74,74,67,74,56,53,56,53,48,53,20,E. Wahi,74,84,9000000,19,1821,ST,France,Forward,Rotation 70-77,Forward / Rotation 70-77
J. Tanganga,Japhet Tanganga,74,82,9000000,"RWB,RB,CB",CB,England,https://cdn.sofifa.net/players/236/600/23_60.png,23,180,73,1815,396,Tottenham Hotspur,49000,18900000,SUB,2025,25,2017,-,Right,3,2,1,-,https://cdn.sofifa.net/flags/gb-eng.png,-,-,Medium,High,75,33,62,71,75,80,64,28,70,71,36,72,54,37,56,69,72,78,68,74,68,52,87,66,83,19,87,74,47,59,45,71,75,76,75,11,9,12,7,14,59,62,60,60,60,62,63,67,65,67,74,74,74,74,78,74,19,J. Tanganga,74,82,9000000,23,1815,CB,England,Defender,Rotation 70-77,Defender / Rotation 70-77
Vinicius Cardenha,Vinicius Lúcio Cardenha Caeiro,74,74,3600000,"RB,CB",RB,Brazil,https://cdn.sofifa.net/players/230/199/23_60.png,30,179,73,1817,391,Fluminense,19000,6800000,CB,2025,2,2022,-,Right,3,2,1,-,https://cdn.sofifa.net/flags/br.png,-,-,Medium,High,73,49,60,68,71,70,74,52,67,68,43,71,54,46,52,62,65,79,70,74,68,46,71,79,65,42,72,71,42,45,67,73,67,75,71,16,13,10,12,8,61,63,59,59,59,63,62,66,63,66,74,69,74,74,72,74,21,Vinicius Cardenha,74,74,3600000,30,1817,RB,Brazil,Defender,Rotation 70-77,Defender / Rotation 70-77
T. Delaine,Thomas Delaine,73,73,2600000,"RWB,LWB",RWB,France,https://cdn.sofifa.net/players/203/741/23_60.png,30,180,71,1900,413,RC Strasbourg Alsace,19000,4900000,RWB,2025,3,2022,-,Left,5,3,1,-,https://cdn.sofifa.net/flags/fr.png,-,-,High,Medium,83,50,69,72,67,72,70,45,64,72,35,74,68,45,69,71,81,84,77,70,65,62,63,75,70,51,75,66,70,71,45,67,66,68,68,15,11,14,10,10,66,70,68,68,68,70,71,73,72,73,73,72,73,73,70,73,20,T. Delaine,73,73,2600000,30,1900,RWB,France,Defender,Rotation 70-77,Defender / Rotation 70-77
Jubal,Jubal Rocha Mendes Júnior,73,74,2900000,CB,CB,Brazil,https://cdn.sofifa.net/players/217/565/23_60.png,28,190,80,1548,331,AJ Auxerre,15000,6000000,CB,2023,4,2020,-,Right,2,2,1,-,https://cdn.sofifa.net/flags/br.png,-,-,Medium,Medium,51,34,45,55,73,73,29,33,73,66,30,51,36,27,43,60,45,55,54,71,53,45,90,58,78,25,77,72,30,32,46,57,74,72,71,12,12,11,9,8,52,47,48,48,48,47,51,51,55,51,63,67,63,65,74,65,19,Jubal,73,74,2900000,28,1548,CB,Brazil,Defender,Rotation 70-77,Defender / Rotation 70-77
Henrique,Henrique Silva Milagres,73,73,2800000,LB,LB,Brazil,https://cdn.sofifa.net/players/217/821/23_60.png,28,173,72,1796,391,Olympique Lyonnais,41000,5300000,SUB,2024,12,2021,-,Left,3,3,1,-,https://cdn.sofifa.net/flags/br.png,-,-,High,Medium,77,45,63,71,70,65,65,47,54,71,30,70,64,37,66,72,78,77,71,70,77,58,58,74,59,30,69,72,61,52,39,69,70,74,72,10,7,14,13,15,62,65,63,63,63,65,66,69,68,69,73,72,73,73,70,73,20,Henrique,73,73,2800000,28,1796,LB,Brazil,Defender,Rotation 70-77,Defender / Rotation 70-77
Jony,Jonathan Rodríguez Menéndez,73,73,2900000,LM,LM,Spain,https://cdn.sofifa.net/players/222/943/23_60.png,30,179,71,1928,413,Real Sporting de Gijón,34000,0,SUB,2023,9,2021,TRUE,Left,3,3,1,-,https://cdn.sofifa.net/flags/es.png,-,-,High,Medium,83,68,72,73,52,65,74,69,44,71,63,72,81,78,71,70,81,85,85,70,76,69,33,69,69,70,60,56,69,70,59,73,55,51,46,11,16,13,13,9,70,73,71,71,71,73,73,73,71,73,67,65,67,65,58,65,21,Jony,73,73,2900000,30,1928,LM,Spain,Midfield,Rotation 70-77,Midfield / Rotation 70-77
Manu Vallejo,Manuel Vallejo Galván,73,78,4500000,"ST,LM,CAM",ST,Spain,https://cdn.sofifa.net/players/241/686/23_60.png,25,167,72,1907,395,Girona FC,21000,10200000,SUB,2025,25,2022,-,Right,4,3,1,-,https://cdn.sofifa.net/flags/es.png,-,-,High,Medium,74,74,68,75,43,61,68,73,69,71,66,74,70,75,57,73,73,75,78,75,87,77,68,72,63,72,41,25,77,69,76,69,41,47,45,7,14,8,11,10,75,73,74,74,74,73,74,74,69,74,61,57,61,59,53,59,19,Manu Vallejo,73,78,4500000,25,1907,ST,Spain,Forward,Rotation 70-77,Forward / Rotation 70-77
R. Ripart,Renaud Ripart,73,73,3000000,"RM,LM,ST",ST,France,https://cdn.sofifa.net/players/209/430/23_60.png,29,181,73,2020,429,ESTAC Troyes,17000,6000000,LM,2025,20,2021,-,Right,3,3,2,-,https://cdn.sofifa.net/flags/fr.png,-,-,High,High,69,74,68,71,64,83,68,73,68,70,73,72,65,56,66,73,66,72,67,74,66,80,72,90,85,73,73,63,75,68,72,69,64,64,57,10,11,10,13,11,73,71,72,72,72,71,73,73,73,73,71,71,71,70,70,70,20,R. Ripart,73,73,3000000,29,2020,ST,France,Forward,Rotation 70-77,Forward / Rotation 70-77
T. Strobl,Tobias Strobl,73,73,2000000,"CDM,CB",CDM,Germany,https://cdn.sofifa.net/players/207/894/23_60.png,32,188,77,1713,353,FC Augsburg,20000,3600000,RES,2023,5,2020,-,Right,3,2,2,-,https://cdn.sofifa.net/flags/de.png,-,-,Medium,Medium,34,49,65,57,73,75,51,30,69,72,35,57,44,45,74,62,34,34,34,74,42,79,74,69,78,62,77,75,55,68,47,73,76,71,70,11,8,8,16,12,59,54,58,58,58,54,61,59,69,59,66,73,66,67,73,67,20,T. Strobl,73,73,2000000,32,1713,CDM,Germany,Midfield,Rotation 70-77,Midfield / Rotation 70-77
R. Delgado,Rafael Delgado,73,73,2000000,"CB,LB",CB,Argentina,https://cdn.sofifa.net/players/216/036/23_60.png,32,178,70,2105,442,Club Atlético Colón,11000,3000000,SUB,2022,40,2020,-,Left,3,3,1,-,https://cdn.sofifa.net/flags/ar.png,-,-,High,Medium,82,65,70,74,72,79,68,55,71,69,57,72,83,68,68,73,81,82,79,73,79,84,79,80,77,68,84,72,73,74,68,75,70,73,71,9,13,7,14,11,73,71,72,72,72,71,73,73,73,73,73,73,73,73,73,73,20,R. Delgado,73,73,2000000,32,2105,CB,Argentina,Defender,Rotation 70-77,Defender / Rotation 70-77
S. Mustafi,Shkodran Mustafi,73,73,2500000,CB,CB,Germany,https://cdn.sofifa.net/players/192/227/23_60.png,30,184,83,1819,381,Levante Unión Deportiva,10000,4000000,SUB,2023,5,2021,-,Right,2,2,3,-,https://cdn.sofifa.net/flags/de.png,-,-,Medium,Medium,53,57,62,59,73,77,53,58,74,70,51,53,55,47,69,63,50,55,63,68,66,66,80,64,80,52,83,75,49,55,54,62,73,72,70,11,9,15,10,6,64,57,59,59,59,57,62,62,66,62,68,73,68,70,73,70,19,S. Mustafi,73,73,2500000,30,1819,CB,Germany,Defender,Rotation 70-77,Defender / Rotation 70-77
J. Komar,Juan Cruz Komar,73,78,4000000,CB,CB,Argentina,https://cdn.sofifa.net/players/222/428/23_60.png,25,190,82,1634,360,Rosario Central,11000,0,SUB,2022,6,2016,TRUE,Right,3,2,1,-,https://cdn.sofifa.net/flags/ar.png,-,-,Low,Medium,66,36,52,54,73,79,29,33,76,69,35,44,30,37,64,64,64,67,62,70,48,50,60,79,82,28,78,74,35,47,49,66,72,74,72,6,7,6,15,8,55,50,52,52,52,50,56,56,62,56,67,72,67,70,75,70,18,J. Komar,73,78,4000000,25,1634,CB,Argentina,Defender,Rotation 70-77,Defender / Rotation 70-77
Silvosinho,Thomas Nicolas Silva Rangel,73,73,3000000,"RB,RM,RWB",RB,Brazil,https://cdn.sofifa.net/players/230/366/23_60.png,26,177,73,1848,386,Santos,20000,5700000,RB,2025,88,2022,-,Right,3,2,1,-,https://cdn.sofifa.net/flags/br.png,-,-,Medium,Medium,65,54,64,64,70,69,77,46,75,69,42,53,43,68,63,76,72,60,64,71,72,65,73,77,64,64,72,65,51,45,63,68,72,66,76,7,8,10,12,7,63,62,61,61,61,62,63,66,66,66,73,70,73,73,72,73,17,Silvosinho,73,73,3000000,26,1848,RB,Brazil,Defender,Rotation 70-77,Defender / Rotation 70-77
Neviano Neves,Nathan Walter Neves Bessa,73,73,3600000,"CM,RM",CM,Brazil,https://cdn.sofifa.net/players/230/364/23_60.png,22,170,70,1948,407,Sport Club Corinthians Paulista,20000,6800000,RM,2025,7,2022,-,Right,3,2,1,-,https://cdn.sofifa.net/flags/br.png,-,-,Medium,Medium,63,71,73,72,61,67,63,69,58,80,55,71,77,68,78,78,69,58,68,71,74,81,61,69,68,72,63,69,68,65,66,54,54,64,59,15,6,9,12,10,72,70,71,71,71,70,73,73,73,73,69,72,69,68,66,68,19,Neviano Neves,73,73,3600000,22,1948,CM,Brazil,Midfield,Rotation 70-77,Midfield / Rotation 70-77
M. Lowton,Matthew Lowton,73,73,1600000,RB,RB,England,https://cdn.sofifa.net/players/199/633/23_60.png,33,181,78,1950,408,Burnley,31000,3000000,SUB,2023,2,2015,-,Right,3,2,1,-,https://cdn.sofifa.net/flags/gb-eng.png,-,-,High,High,62,60,70,71,72,73,73,52,68,72,69,72,74,46,71,73,63,62,65,71,68,70,75,74,71,68,76,72,66,69,49,73,73,73,72,11,6,6,13,7,68,68,68,68,68,68,71,71,73,71,73,73,73,73,73,73,18,M. Lowton,73,73,1600000,33,1950,RB,England,Defender,Rotation 70-77,Defender / Rotation 70-77
Jorge Cuenca,Jorge Cuenca Barreno,73,82,6500000,CB,CB,Spain,https://cdn.sofifa.net/players/237/522/23_60.png,22,190,75,1642,347,Villarreal CF,19000,15000000,RES,2025,5,2020,-,Left,3,2,1,-,https://cdn.sofifa.net/flags/es.png,-,-,Medium,Medium,60,37,58,52,74,66,45,27,76,71,31,34,29,26,67,68,58,61,62,74,67,59,75,62,65,41,73,74,21,58,44,61,71,76,74,10,12,5,14,12,52,50,50,50,50,50,56,55,63,55,67,72,67,70,75,70,20,Jorge Cuenca,73,82,6500000,22,1642,CB,Spain,Defender,Rotation 70-77,Defender / Rotation 70-77
C. Basham,Chris Basham,73,73,1500000,CB,CB,England,https://cdn.sofifa.net/players/184/274/23_60.png,33,190,80,1720,370,Sheffield United,21000,2900000,SUB,2024,6,2014,-,Right,2,2,1,-,https://cdn.sofifa.net/flags/gb-eng.png,-,-,High,Medium,53,43,61,63,74,76,63,37,73,67,52,63,48,30,62,64,51,54,55,73,54,59,67,66,79,40,83,73,50,57,31,62,74,74,73,14,15,6,7,6,59,58,57,57,57,58,60,62,65,62,70,72,70,70,73,70,19,C. Basham,73,73,1500000,33,1720,CB,England,Defender,Rotation 70-77,Defender / Rotation 70-77
R. Hamouma,Romain Hamouma,73,73,1300000,"ST,RM",CAM,France,https://cdn.sofifa.net/players/192/722/23_60.png,35,178,76,1936,401,AC Ajaccio,13000,2600000,ST,2023,17,2022,-,Right,4,3,2,-,https://cdn.sofifa.net/flags/fr.png,-,-,Medium,Medium,68,75,74,77,42,65,75,74,67,74,76,77,76,70,70,77,69,68,78,74,74,77,57,63,68,74,60,39,75,75,70,73,38,41,41,14,11,14,7,13,73,73,73,73,73,73,73,73,72,73,62,61,62,59,55,59,20,R. Hamouma,73,73,1300000,35,1936,CAM,France,Midfield,Rotation 70-77,Midfield / Rotation 70-77
N. Figal,Nicolás Figal,73,74,2900000,"CB,RB",CB,Argentina,https://cdn.sofifa.net/players/219/841/23_60.png,28,181,64,1772,397,Boca Juniors,13000,4300000,SUB,2024,4,2022,-,Right,3,3,1,-,https://cdn.sofifa.net/flags/ar.png,-,-,High,High,73,43,63,68,72,78,58,38,70,72,28,66,44,30,72,70,73,73,72,68,63,61,80,74,80,41,76,70,35,56,37,70,70,75,70,7,11,7,16,9,60,60,59,59,59,60,63,65,67,65,72,73,72,72,74,72,19,N. Figal,73,74,2900000,28,1772,CB,Argentina,Defender,Rotation 70-77,Defender / Rotation 70-77
J. Laporte,Julien Laporte,73,74,2900000,CB,CB,France,https://cdn.sofifa.net/players/228/290/23_60.png,28,185,82,1520,321,FC Lorient,15000,6000000,CB,2023,15,2019,-,Right,3,2,1,-,https://cdn.sofifa.net/flags/fr.png,-,-,Medium,Medium,44,29,45,49,73,81,27,22,74,65,33,40,28,25,55,61,45,43,41,66,53,41,86,80,85,27,72,71,29,29,39,55,75,73,71,14,6,15,15,14,48,42,44,44,44,42,47,49,56,49,63,69,63,66,74,66,20,J. Laporte,73,74,2900000,28,1520,CB,France,Defender,Rotation 70-77,Defender / Rotation 70-77
Mario González,Mario González Gutiérrez,73,76,4000000,ST,ST,Spain,https://cdn.sofifa.net/players/235/970/23_60.png,26,183,77,1735,368,Oud-Heverlee Leuven,13000,0,ST,2023,9,2021,TRUE,Right,3,3,1,-,https://cdn.sofifa.net/flags/es.png,-,-,Medium,Medium,71,72,64,73,22,66,66,75,71,65,71,75,44,52,61,73,69,73,74,70,68,73,76,75,70,67,41,16,80,69,56,69,18,15,18,5,15,15,6,13,75,72,73,73,73,72,73,73,66,73,52,48,52,48,41,48,19,Mario González,73,76,4000000,26,1735,ST,Spain,Forward,Rotation 70-77,Forward / Rotation 70-77
Tramontinaldo,Márcio Anderson Tramontino Sá,73,73,3000000,"RB,RM",RB,Brazil,https://cdn.sofifa.net/players/230/358/23_60.png,26,175,71,1846,384,Club Athletico Paranaense,12000,5700000,SUB,2025,21,2022,-,Right,3,2,1,-,https://cdn.sofifa.net/flags/br.png,-,-,Medium,Medium,66,50,70,67,72,59,76,45,69,74,55,61,61,62,71,72,63,68,75,71,76,53,62,64,59,51,54,59,51,61,63,64,74,77,75,14,8,7,8,7,61,64,61,61,61,64,66,68,68,68,72,71,72,72,71,72,18,Tramontinaldo,73,73,3000000,26,1846,RB,Brazil,Defender,Rotation 70-77,Defender / Rotation 70-77
B. Williams,Brandon Williams,73,78,4400000,"LB,RB",RWB,England,https://cdn.sofifa.net/players/243/414/23_60.png,21,182,63,1891,410,Manchester United,46000,8700000,RES,2024,33,2018,-,Right,2,3,1,-,https://cdn.sofifa.net/flags/gb-eng.png,-,-,High,Medium,79,56,65,72,69,69,68,54,59,70,62,73,61,30,65,72,80,78,75,69,68,69,74,74,59,50,85,74,66,64,35,72,65,71,73,10,13,11,7,7,67,69,68,68,68,69,70,72,70,72,74,72,74,73,71,73,18,B. Williams,73,78,4400000,21,1891,RWB,England,Defender,Rotation 70-77,Defender / Rotation 70-77
Nacho,José Ignacio Martínez García,73,73,1600000,LB,LB,Spain,https://cdn.sofifa.net/players/212/183/23_60.png,33,174,64,1973,405,CD Tenerife,9000,2600000,LB,2024,24,2022,-,Left,3,3,1,-,https://cdn.sofifa.net/flags/es.png,-,-,High,Medium,76,56,67,68,67,71,71,43,61,69,66,62,71,63,65,71,80,72,83,72,76,74,87,84,66,61,61,70,64,60,61,64,62,72,68,13,12,11,14,8,65,66,65,65,65,66,67,70,69,70,73,71,73,73,70,73,20,Nacho,73,73,1600000,33,1973,LB,Spain,Defender,Rotation 70-77,Defender / Rotation 70-77
Sandelas Júnior,Leonardo Luis Sandelas Junior,73,73,2500000,CDM,CDM,Brazil,https://cdn.sofifa.net/players/230/424/23_60.png,30,183,78,1839,389,Santos,20000,4800000,CDM,2025,19,2022,-,Left,3,2,1,-,https://cdn.sofifa.net/flags/br.png,-,-,Medium,Medium,61,53,65,64,71,75,55,46,61,72,49,61,59,45,71,67,60,61,65,71,59,68,73,77,73,58,76,75,43,64,54,69,73,72,68,15,15,18,8,7,61,60,60,60,60,60,64,64,69,64,70,73,70,71,73,71,20,Sandelas Júnior,73,73,2500000,30,1839,CDM,Brazil,Midfield,Rotation 70-77,Midfield / Rotation 70-77
D. Appiah,Dennis Appiah,73,73,2600000,"RB,CB,LB",RB,France,https://cdn.sofifa.net/players/199/191/23_60.png,30,179,68,1792,382,FC Nantes,19000,5200000,RWB,2023,12,2019,-,Right,3,2,1,-,https://cdn.sofifa.net/flags/fr.png,-,-,Low,Medium,71,39,60,65,73,74,61,33,58,63,34,61,60,44,56,67,70,72,73,69,69,51,82,87,68,38,72,74,51,59,47,67,76,76,71,9,8,11,13,9,57,59,58,58,58,59,61,64,65,64,73,72,73,73,73,73,18,D. Appiah,73,73,2600000,30,1792,RB,France,Defender,Rotation 70-77,Defender / Rotation 70-77
R. Nelson,Reiss Nelson,73,80,6000000,"RW,LW",RM,England,https://cdn.sofifa.net/players/231/448/23_60.png,22,175,71,1782,385,Arsenal,51000,12600000,SUB,2023,24,2016,-,Right,3,4,1,-,https://cdn.sofifa.net/flags/gb-eng.png,-,-,High,Medium,86,64,68,77,36,54,67,68,39,72,55,78,66,67,58,77,87,86,82,65,80,67,41,70,53,54,42,42,69,71,60,60,31,37,37,12,12,11,11,15,69,73,72,72,72,73,74,75,68,75,62,56,62,58,47,58,20,R. Nelson,73,80,6000000,22,1782,RM,England,Midfield,Rotation 70-77,Midfield / Rotation 70-77
Jeffmeirson,Jeff Nazario Meire Costinho,73,73,2600000,LB,LB,Brazil,https://cdn.sofifa.net/players/230/344/23_60.png,30,179,77,1885,397,RB Bragantino,13000,4900000,SUB,2025,3,2022,-,Left,3,2,1,-,https://cdn.sofifa.net/flags/br.png,-,-,Medium,Medium,72,50,69,60,72,74,67,41,67,72,52,56,61,71,71,61,71,72,66,66,66,63,53,78,70,52,82,77,51,66,72,62,69,73,72,10,9,13,7,8,60,61,60,60,60,61,64,65,68,65,72,73,72,73,73,73,17,Jeffmeirson,73,73,2600000,30,1885,LB,Brazil,Defender,Rotation 70-77,Defender / Rotation 70-77
David Costas,David Costas Cordal,73,75,3200000,"CB,RB",CB,Spain,https://cdn.sofifa.net/players/219/848/23_60.png,27,181,73,1820,394,Real Oviedo,9000,5400000,SUB,2024,4,2021,-,Right,3,2,1,-,https://cdn.sofifa.net/flags/es.png,-,-,Medium,Medium,76,45,63,64,73,73,64,42,73,68,31,62,45,59,65,64,72,80,67,70,63,56,80,70,75,44,71,75,46,55,50,70,71,74,73,10,15,10,14,6,61,61,59,59,59,61,62,65,65,65,72,72,72,73,75,73,20,David Costas,73,75,3200000,27,1820,CB,Spain,Defender,Rotation 70-77,Defender / Rotation 70-77
Léo Duarte,Leonardo Duarte da Silva,73,77,3800000,CB,CB,Brazil,https://cdn.sofifa.net/players/233/926/23_60.png,25,183,79,1616,347,İstanbul Başakşehir FK,25000,7900000,CB,2026,5,2022,-,Right,2,2,1,-,https://cdn.sofifa.net/flags/br.png,-,-,Low,High,55,36,49,59,73,75,42,31,64,67,30,55,30,27,56,60,55,55,59,70,62,54,90,62,78,27,80,71,38,30,48,73,76,74,72,10,13,9,8,13,53,50,50,50,50,50,53,55,57,55,66,69,66,67,75,67,19,Léo Duarte,73,77,3800000,25,1616,CB,Brazil,Defender,Rotation 70-77,Defender / Rotation 70-77
Raíllo,Antonio José Raíllo Arenas,73,73,2500000,CB,CB,Spain,https://cdn.sofifa.net/players/228/805/23_60.png,30,187,80,1652,344,RCD Mallorca,19000,5500000,CB,2024,21,2016,-,Right,3,2,1,-,https://cdn.sofifa.net/flags/es.png,-,-,Low,High,49,36,53,54,74,78,29,25,78,73,37,52,42,36,60,61,47,50,32,65,49,54,81,89,69,39,85,73,51,46,43,66,73,74,70,10,15,15,15,14,55,49,53,53,53,49,56,56,63,56,66,72,66,68,73,68,21,Raíllo,73,73,2500000,30,1652,CB,Spain,Defender,Rotation 70-77,Defender / Rotation 70-77
J. Thielmann,Jan Thielmann,73,82,6500000,"RM,CF,LM",RM,Germany,https://cdn.sofifa.net/players/254/660/23_60.png,20,178,72,1883,399,1. FC Köln,16000,13000000,SUB,2024,29,2019,-,Right,3,3,1,-,https://cdn.sofifa.net/flags/de.png,-,-,High,High,81,69,66,72,45,66,65,69,60,69,62,71,67,44,65,74,84,79,75,73,75,73,69,78,58,69,69,51,67,68,65,62,44,39,41,15,7,13,11,14,72,72,71,71,71,72,73,74,70,74,64,62,64,62,56,62,21,J. Thielmann,73,82,6500000,20,1883,RM,Germany,Midfield,Rotation 70-77,Midfield / Rotation 70-77
Hernani,Hernani Azevedo Júnior,73,73,3000000,"CM,CDM",CDM,Brazil,https://cdn.sofifa.net/players/225/475/23_60.png,28,188,77,1993,419,Urbs Reggina 1914,5000,0,CM,2023,20,2022,TRUE,Right,4,3,1,-,https://cdn.sofifa.net/flags/br.png,-,-,Medium,Medium,65,69,69,72,74,70,53,63,66,75,59,73,63,78,76,76,66,64,64,73,53,78,63,68,69,77,79,77,69,67,72,69,73,76,70,9,13,13,11,7,72,69,71,71,71,69,73,71,73,71,72,73,72,72,73,72,19,Hernani,73,73,3000000,28,1993,CDM,Brazil,Midfield,Rotation 70-77,Midfield / Rotation 70-77
A. Bella Kotchap,Armel Bella Kotchap,73,83,6000000,CB,CB,Germany,https://cdn.sofifa.net/players/247/497/23_60.png,20,190,87,1573,358,Southampton,26000,12600000,CB,2026,37,2022,-,Right,5,2,1,-,https://cdn.sofifa.net/flags/de.png,-,-,Medium,Medium,82,25,50,51,74,76,31,20,72,66,24,39,22,22,64,60,77,86,60,59,63,40,77,65,86,20,65,77,29,46,33,57,69,77,72,12,14,5,8,13,50,48,48,48,48,48,52,54,58,54,66,70,66,70,75,70,19,A. Bella Kotchap,73,83,6000000,20,1573,CB,Germany,Defender,Rotation 70-77,Defender / Rotation 70-77
J. Larrivey,Joaquín Larrivey,73,73,1000000,ST,ST,Argentina,https://cdn.sofifa.net/players/179/751/23_60.png,37,186,82,1776,360,Cosenza,3000,1600000,ST,2023,9,2022,-,Right,3,3,1,-,https://cdn.sofifa.net/flags/ar.png,-,-,Medium,Low,50,75,58,61,42,74,43,78,83,60,77,56,66,50,53,72,47,53,45,74,52,75,86,34,90,66,81,20,79,72,79,74,39,44,43,12,11,11,13,12,73,63,68,68,68,63,68,63,63,63,49,54,49,50,58,50,21,J. Larrivey,73,73,1000000,37,1776,ST,Argentina,Forward,Rotation 70-77,Forward / Rotation 70-77
J. Menéndez,Jonathan Menéndez,73,73,3100000,"RM,LM,LW",RM,Argentina,https://cdn.sofifa.net/players/235/047/23_60.png,28,164,63,1830,389,Vélez Sarsfield,8000,0,SUB,2022,27,2021,TRUE,Left,5,3,1,-,https://cdn.sofifa.net/flags/ar.png,-,-,High,Medium,87,68,67,74,42,51,65,65,46,70,67,73,69,47,67,72,86,87,84,69,81,75,68,71,34,69,65,36,73,69,52,77,36,53,37,5,9,10,6,14,70,72,72,72,72,72,73,73,69,73,62,59,62,59,51,59,17,J. Menéndez,73,73,3100000,28,1830,RM,Argentina,Midfield,Rotation 70-77,Midfield / Rotation 70-77
R. Carrera,Ramiro Carrera,73,73,3000000,"CM,LM,RM",CM,Argentina,https://cdn.sofifa.net/players/219/174/23_60.png,28,182,77,1983,426,Atlético Tucumán,11000,4500000,CM,2024,23,2020,-,Right,4,3,1,-,https://cdn.sofifa.net/flags/ar.png,-,-,High,Medium,79,69,71,71,63,73,64,70,52,76,60,73,70,56,72,75,77,80,65,67,60,68,91,77,76,72,54,67,73,74,62,63,62,65,60,14,16,15,8,12,72,72,73,73,73,72,73,73,73,73,71,71,71,70,68,70,21,R. Carrera,73,73,3000000,28,1983,CM,Argentina,Midfield,Rotation 70-77,Midfield / Rotation 70-77
L. Görtler,Lukas Görtler,73,73,3000000,"CM,RM,CAM",CM,Germany,https://cdn.sofifa.net/players/228/645/23_60.png,28,186,80,1954,409,FC St. Gallen 1879,11000,4400000,CM,2026,16,2019,-,Right,3,3,1,-,https://cdn.sofifa.net/flags/de.png,-,-,High,Medium,67,63,75,69,56,79,74,63,64,74,62,66,67,48,79,72,65,68,70,72,68,65,78,91,75,62,74,60,70,81,61,67,52,55,51,11,15,14,13,14,69,70,69,69,69,70,73,73,73,73,69,70,69,67,64,67,22,L. Görtler,73,73,3000000,28,1954,CM,Germany,Midfield,Rotation 70-77,Midfield / Rotation 70-77
Juankar,Juan Carlos Pérez López,73,73,2100000,"LB,LWB",LB,Spain,https://cdn.sofifa.net/players/201/509/23_60.png,32,179,68,1959,415,Panathinaikos FC,700,4600000,LB,2024,3,2020,-,Left,2,3,1,-,https://cdn.sofifa.net/flags/es.png,-,-,Medium,Medium,74,62,69,73,67,70,76,55,56,70,75,72,74,50,69,75,73,74,73,75,69,69,70,78,66,68,71,69,64,64,55,70,63,72,70,10,9,11,8,6,68,70,69,69,69,70,71,73,72,73,73,72,73,73,70,73,18,Juankar,73,73,2100000,32,1959,LB,Spain,Defender,Rotation 70-77,Defender / Rotation 70-77
Nuno Lisareda,Nuno Caio Lisareda Abravanel,73,73,3600000,ST,ST,Brazil,https://cdn.sofifa.net/players/230/436/23_60.png,22,190,88,1754,374,Sport Club Corinthians Paulista,22000,6800000,SUB,2025,29,2022,-,Right,3,2,1,-,https://cdn.sofifa.net/flags/br.png,-,-,Medium,Medium,78,74,60,73,29,60,51,75,68,67,75,74,62,45,47,72,80,77,78,72,66,77,69,68,62,68,41,29,76,72,75,77,27,23,18,7,6,9,7,11,73,72,73,73,73,72,73,72,65,72,53,50,53,50,45,50,17,Nuno Lisareda,73,73,3600000,22,1754,ST,Brazil,Forward,Rotation 70-77,Forward / Rotation 70-77
S. Zoller,Simon Zoller,73,73,2600000,"ST,RW,LW",ST,Germany,https://cdn.sofifa.net/players/202/276/23_60.png,31,179,73,1840,387,VfL Bochum 1848,22000,4700000,RW,2024,9,2019,-,Right,3,3,1,-,https://cdn.sofifa.net/flags/de.png,-,-,High,High,71,74,65,73,39,65,68,77,67,68,72,72,69,55,53,76,75,67,75,72,72,73,64,76,63,69,57,24,76,67,66,71,45,39,25,9,16,10,10,13,73,72,73,73,73,72,73,73,67,73,58,55,58,55,51,55,20,S. Zoller,73,73,2600000,31,1840,ST,Germany,Forward,Rotation 70-77,Forward / Rotation 70-77
M. Torrén,Miguel Ángel Torrén,73,73,1500000,CB,CB,Argentina,https://cdn.sofifa.net/players/176/920/23_60.png,33,176,71,1864,390,Argentinos Juniors,11000,2300000,CB,2023,2,2011,-,Right,3,2,1,-,https://cdn.sofifa.net/flags/ar.png,-,-,Medium,Medium,69,49,64,59,73,76,48,44,70,73,39,53,60,60,74,60,68,69,66,72,69,54,80,71,78,51,74,74,52,60,65,68,75,71,70,13,15,9,16,11,61,58,59,59,59,58,63,63,67,63,69,73,69,71,73,71,22,M. Torrén,73,73,1500000,33,1864,CB,Argentina,Defender,Rotation 70-77,Defender / Rotation 70-77
N. Phillips,Nathaniel Phillips,73,76,3600000,CB,CB,England,https://cdn.sofifa.net/players/240/926/23_60.png,25,190,84,1529,331,Liverpool,57000,6900000,RES,2025,47,2017,-,Right,2,2,1,-,https://cdn.sofifa.net/flags/gb-eng.png,-,-,Low,Medium,52,30,49,51,74,75,30,23,78,66,30,48,29,35,58,51,50,53,44,69,53,49,78,57,82,21,80,70,28,39,45,63,75,75,70,9,6,6,12,10,50,44,46,46,46,44,49,50,56,50,62,68,62,65,75,65,18,N. Phillips,73,76,3600000,25,1529,CB,England,Defender,Rotation 70-77,Defender / Rotation 70-77
J. Makengo,Jean-Victor Makengo,73,79,4800000,"CM,CDM",CM,France,https://cdn.sofifa.net/players/230/686/23_60.png,24,177,75,1977,420,Udinese Calcio,12000,9100000,SUB,2025,6,2020,-,Left,3,3,1,-,https://cdn.sofifa.net/flags/fr.png,-,-,High,High,66,66,72,73,73,70,69,61,70,78,69,74,66,59,74,75,70,63,65,69,70,75,62,73,69,69,69,69,67,68,59,70,70,78,74,8,9,9,8,9,71,70,70,70,70,70,73,73,75,73,74,75,74,74,74,74,17,J. Makengo,73,79,4800000,24,1977,CM,France,Midfield,Rotation 70-77,Midfield / Rotation 70-77
T. Cleverley,Tom Cleverley,73,73,2400000,CM,CM,England,https://cdn.sofifa.net/players/189/725/23_60.png,32,175,67,1927,396,Watford,34000,4600000,SUB,2023,8,2017,-,Right,3,3,2,-,https://cdn.sofifa.net/flags/gb-eng.png,-,-,Medium,Medium,56,68,73,73,61,65,72,64,48,75,68,72,59,62,74,75,61,52,69,75,75,74,59,68,61,72,71,66,69,77,72,67,56,69,52,15,11,9,12,13,69,70,70,70,70,70,73,72,73,72,68,71,68,66,65,66,21,T. Cleverley,73,73,2400000,32,1927,CM,England,Midfield,Rotation 70-77,Midfield / Rotation 70-77
P. De la Vega,Pedro De la Vega,73,83,7000000,"RM,RW,LW",RM,Argentina,https://cdn.sofifa.net/players/246/045/23_60.png,21,177,71,1965,417,Club Atlético Lanús,11000,11900000,SUB,2025,10,2018,-,Right,3,4,1,-,https://cdn.sofifa.net/flags/ar.png,-,-,High,Medium,82,70,69,75,50,71,73,67,71,72,66,75,59,64,64,73,81,82,83,66,76,77,85,75,66,72,75,50,69,67,66,73,46,47,49,8,9,15,8,9,73,73,72,72,72,73,73,74,70,74,66,63,66,64,61,64,17,P. De la Vega,73,83,7000000,21,1965,RM,Argentina,Midfield,Rotation 70-77,Midfield / Rotation 70-77
Luis Couprins,Luis David Couprins Acuna,73,73,3200000,"CDM,CM",CDM,Brazil,https://cdn.sofifa.net/players/230/435/23_60.png,22,177,72,1945,407,Club Athletico Paranaense,10000,6100000,CM,2025,33,2022,-,Right,3,2,1,-,https://cdn.sofifa.net/flags/br.png,-,-,Low,Medium,71,65,66,62,74,69,43,57,71,77,63,58,63,54,75,60,72,71,79,64,74,80,66,75,62,73,79,77,54,65,62,61,79,71,63,11,13,16,8,10,66,62,64,64,64,62,67,65,70,65,69,73,69,70,73,70,19,Luis Couprins,73,73,3200000,22,1945,CDM,Brazil,Midfield,Rotation 70-77,Midfield / Rotation 70-77
Douglas Augusto,Douglas Augusto Soares Gomes,73,76,4000000,"CAM,CM,CDM",CAM,Brazil,https://cdn.sofifa.net/players/251/675/23_60.png,25,174,68,2022,430,PAOK,1000,9100000,CM,2023,8,2019,-,Left,3,2,1,-,https://cdn.sofifa.net/flags/br.png,-,-,Medium,Medium,73,69,69,73,69,77,57,64,58,75,60,73,67,55,73,76,74,73,71,69,78,78,61,78,76,75,84,69,73,72,64,64,69,72,72,8,10,13,11,14,72,71,72,72,72,71,75,73,75,73,73,75,73,72,73,72,19,Douglas Augusto,73,76,4000000,25,2022,CAM,Brazil,Midfield,Rotation 70-77,Midfield / Rotation 70-77
Enric Gallego,Enrique Gallego Puigsech,73,73,1300000,ST,ST,Spain,https://cdn.sofifa.net/players/243/993/23_60.png,35,190,79,1657,349,CD Tenerife,8000,2100000,ST,2023,18,2021,-,Left,3,3,1,-,https://cdn.sofifa.net/flags/es.png,-,-,Medium,Low,54,76,56,67,25,71,43,79,79,65,62,68,50,50,45,73,60,49,48,70,53,77,70,53,85,70,60,20,77,65,73,74,22,17,18,10,14,10,12,10,73,66,70,70,70,66,69,66,62,66,46,48,46,44,46,44,20,Enric Gallego,73,73,1300000,35,1657,ST,Spain,Forward,Rotation 70-77,Forward / Rotation 70-77
C. Tarragona,Cristian Tarragona,73,73,2600000,ST,ST,Argentina,https://cdn.sofifa.net/players/232/729/23_60.png,31,177,74,1871,400,Gimnasia y Esgrima La Plata,16000,3900000,SUB,2022,25,2022,-,Right,3,3,1,-,https://cdn.sofifa.net/flags/ar.png,-,-,High,Medium,82,72,54,70,43,79,39,75,70,62,55,68,57,51,49,68,81,82,80,75,84,75,81,83,75,66,85,37,77,57,72,68,43,39,35,9,15,10,7,9,73,68,71,71,71,68,70,69,64,69,58,58,58,57,57,57,19,C. Tarragona,73,73,2600000,31,1871,ST,Argentina,Forward,Rotation 70-77,Forward / Rotation 70-77
Dagoberto Esteiro,Dago Filipe Esteiro Cortejo,73,73,3400000,ST,ST,Brazil,https://cdn.sofifa.net/players/230/432/23_60.png,26,178,75,1609,343,São Paulo,31000,6500000,ST,2025,29,2022,-,Left,4,2,1,-,https://cdn.sofifa.net/flags/br.png,-,-,Medium,Medium,64,76,52,67,25,59,38,76,73,69,69,68,42,37,42,67,64,64,60,78,60,77,62,53,70,82,36,18,76,50,62,60,19,23,19,10,12,13,6,14,73,66,70,70,70,66,69,65,61,65,47,46,47,45,43,45,20,Dagoberto Esteiro,73,73,3400000,26,1609,ST,Brazil,Forward,Rotation 70-77,Forward / Rotation 70-77
J. Leweling,Jamie Leweling,73,82,7000000,"ST,RW",ST,Germany,https://cdn.sofifa.net/players/252/448/23_60.png,21,184,86,1772,393,1. FC Union Berlin,20000,14000000,RES,2024,40,2022,-,Right,3,3,1,-,https://cdn.sofifa.net/flags/de.png,-,-,Medium,Medium,82,71,61,77,33,69,64,74,58,69,65,80,55,43,49,76,85,79,79,71,77,73,55,71,75,67,57,26,73,59,55,62,33,31,23,6,11,10,14,9,75,74,73,73,73,74,73,74,65,74,57,53,57,54,48,54,19,J. Leweling,73,82,7000000,21,1772,ST,Germany,Forward,Rotation 70-77,Forward / Rotation 70-77
J. Gómez,Jonatan Gómez,73,73,2400000,"CAM,CM",CAM,Argentina,https://cdn.sofifa.net/players/211/489/23_60.png,32,171,71,1909,403,Racing Club,12000,0,SUB,2022,11,2021,TRUE,Right,3,3,1,-,https://cdn.sofifa.net/flags/ar.png,-,-,High,Medium,72,68,72,76,51,64,69,68,46,75,64,77,70,58,72,73,74,71,82,70,82,63,48,69,59,69,73,50,73,73,74,68,55,52,47,12,14,10,10,7,69,73,72,72,72,73,73,73,73,73,66,66,66,63,58,63,19,J. Gómez,73,73,2400000,32,1909,CAM,Argentina,Midfield,Rotation 70-77,Midfield / Rotation 70-77
T. Nianzou,Tanguy Nianzou,73,85,7000000,CB,CB,France,https://cdn.sofifa.net/players/252/961/23_60.png,20,191,85,1671,368,Sevilla FC,13000,16100000,RES,2027,14,2022,-,Right,3,2,1,-,https://cdn.sofifa.net/flags/fr.png,-,-,Low,High,62,37,56,64,73,76,37,32,78,70,37,64,41,31,67,67,55,67,55,67,58,57,77,69,79,25,75,71,36,53,42,65,73,75,69,6,14,9,8,7,57,54,55,55,55,54,59,60,64,60,67,72,67,69,75,69,17,T. Nianzou,73,85,7000000,20,1671,CB,France,Defender,Rotation 70-77,Defender / Rotation 70-77
N. Gießelmann,Niko Gießelmann,73,73,2600000,"LWB,LB",LWB,Germany,https://cdn.sofifa.net/players/210/723/23_60.png,30,182,75,1965,410,1. FC Union Berlin,22000,4700000,SUB,2023,23,2020,-,Left,2,3,1,-,https://cdn.sofifa.net/flags/de.png,-,-,Medium,Medium,66,60,71,68,70,75,77,55,67,73,56,67,67,69,72,69,68,65,67,73,67,68,83,76,75,62,73,69,65,62,54,71,68,73,71,10,13,10,14,7,68,67,66,66,66,67,69,71,71,71,73,73,73,73,73,73,20,N. Gießelmann,73,73,2600000,30,1965,LWB,Germany,Defender,Rotation 70-77,Defender / Rotation 70-77
Josan,José Antonio Ferrández Pomares,73,73,2400000,"RM,RWB",RM,Spain,https://cdn.sofifa.net/players/229/667/23_60.png,32,175,68,1861,395,Elche CF,16000,5300000,SUB,2023,17,2018,-,Right,3,4,1,-,https://cdn.sofifa.net/flags/es.png,-,-,High,Medium,83,68,67,74,54,49,68,74,50,75,59,76,66,55,62,73,83,83,78,65,78,70,74,65,37,56,53,56,70,59,64,62,51,58,55,7,11,6,12,12,70,72,71,71,71,72,73,73,69,73,68,63,68,66,58,66,18,Josan,73,73,2400000,32,1861,RM,Spain,Midfield,Rotation 70-77,Midfield / Rotation 70-77
N. Domingo,Nicolás Domingo,73,73,600000,"CDM,CM,CB",CDM,Argentina,https://cdn.sofifa.net/players/167/665/23_60.png,37,174,70,1887,378,Club Atlético Banfield,9000,870000,CDM,2022,5,2021,-,Right,3,3,1,-,https://cdn.sofifa.net/flags/ar.png,-,-,Low,High,41,59,68,67,71,72,60,51,60,73,55,60,54,56,72,72,38,43,76,72,77,69,71,74,69,67,75,75,55,69,68,73,73,70,71,7,16,14,10,15,62,61,62,62,62,61,67,64,71,64,69,73,69,69,72,69,21,N. Domingo,73,73,600000,37,1887,CDM,Argentina,Midfield,Rotation 70-77,Midfield / Rotation 70-77
E. Piovi,Ezequiel Piovi,73,73,2600000,"CDM,CM,RM",CDM,Argentina,https://cdn.sofifa.net/players/251/132/23_60.png,29,168,68,2021,423,LDU Quito,900,5600000,CM,2025,18,2021,-,Right,3,3,1,-,https://cdn.sofifa.net/flags/ar.png,-,-,Medium,Medium,76,64,69,71,71,72,60,60,55,73,55,68,69,65,70,69,81,71,80,71,84,69,73,80,69,69,69,74,68,73,69,72,70,75,70,14,14,9,13,12,68,69,69,69,69,69,72,72,73,72,73,73,73,73,72,73,21,E. Piovi,73,73,2600000,29,2021,CDM,Argentina,Midfield,Rotation 70-77,Midfield / Rotation 70-77
Aleix Vidal,Aleix Vidal Parreu,73,73,2100000,"RB,RM",RM,Spain,https://cdn.sofifa.net/players/202/493/23_60.png,32,177,70,1990,430,RCD Espanyol de Barcelona,14000,4400000,SUB,2023,22,2021,-,Right,3,3,2,-,https://cdn.sofifa.net/flags/es.png,-,-,High,Medium,79,66,72,75,67,71,74,68,63,74,48,75,74,52,68,75,80,78,75,73,75,78,76,76,65,57,80,67,69,72,50,73,66,68,67,8,7,8,12,12,73,73,73,73,73,73,73,73,73,73,73,73,73,73,71,73,19,Aleix Vidal,73,73,2100000,32,1990,RM,Spain,Midfield,Rotation 70-77,Midfield / Rotation 70-77
Soldado,Roberto Soldado Rillo,73,73,1000000,ST,ST,Spain,https://cdn.sofifa.net/players/146/758/23_60.png,37,180,74,1867,375,Levante Unión Deportiva,9000,1600000,ST,2023,9,2021,-,Right,4,3,3,-,https://cdn.sofifa.net/flags/es.png,-,-,High,Low,48,76,69,72,44,66,64,76,76,75,79,72,70,66,58,77,50,46,62,72,58,76,74,43,71,73,82,41,81,72,79,76,38,41,40,13,13,14,9,6,73,70,73,73,73,70,73,71,70,71,57,61,57,55,59,55,20,Soldado,73,73,1000000,37,1867,ST,Spain,Forward,Rotation 70-77,Forward / Rotation 70-77
Pulido,Jorge Pulido Mayoral,73,73,2100000,CB,CB,Spain,https://cdn.sofifa.net/players/200/519/23_60.png,31,186,72,1603,338,SD Huesca,9000,3400000,CB,2023,14,2017,-,Right,3,2,1,-,https://cdn.sofifa.net/flags/es.png,-,-,Medium,Medium,43,41,51,51,73,79,50,37,73,66,23,39,52,38,43,67,53,34,49,70,45,58,71,77,79,38,83,74,37,37,47,59,75,72,71,12,6,10,10,7,54,49,50,50,50,49,52,53,58,53,67,70,67,68,73,68,18,Pulido,73,73,2100000,31,1603,CB,Spain,Defender,Rotation 70-77,Defender / Rotation 70-77
Erik,Erik Nascimento de Lima,73,73,3200000,"LM,LW,ST",LM,Brazil,https://cdn.sofifa.net/players/216/391/23_60.png,27,170,70,1800,378,Changchun Yatai FC,10000,5000000,LW,2023,11,2021,-,Right,4,3,1,-,https://cdn.sofifa.net/flags/br.png,-,-,Medium,Medium,86,71,66,75,23,57,62,72,64,71,71,75,56,63,62,72,89,83,89,69,83,72,81,74,59,70,26,17,73,65,67,62,22,16,21,14,9,13,9,11,73,73,73,73,73,73,73,73,66,73,54,48,54,50,40,50,19,Erik,73,73,3200000,27,1800,LM,Brazil,Midfield,Rotation 70-77,Midfield / Rotation 70-77
Osvaldo Lodeiro,Osvaldo Murilo Lodeiro Ferreira,73,73,3100000,"CB,RB,LB",CB,Brazil,https://cdn.sofifa.net/players/230/215/23_60.png,22,185,81,1714,373,RB Bragantino,11000,5900000,CB,2025,17,2022,-,Right,3,2,1,-,https://cdn.sofifa.net/flags/br.png,-,-,Medium,Medium,73,49,53,54,75,69,49,43,73,53,44,44,43,45,71,63,69,77,64,73,43,57,52,41,84,51,71,69,37,47,75,70,78,76,74,11,8,10,10,9,59,54,54,54,54,54,56,57,59,57,65,69,65,69,73,69,19,Osvaldo Lodeiro,73,73,3100000,22,1714,CB,Brazil,Defender,Rotation 70-77,Defender / Rotation 70-77
L. Aued,Luciano Aued,73,73,1200000,"CM,CDM",CM,Argentina,https://cdn.sofifa.net/players/206/152/23_60.png,35,178,69,1902,399,Universidad Católica,7000,1700000,CM,2022,11,2017,-,Left,3,3,1,-,https://cdn.sofifa.net/flags/ar.png,-,-,Medium,Medium,52,65,73,71,65,73,69,61,67,78,58,72,63,61,75,76,50,53,55,72,59,71,57,71,77,63,70,62,68,74,80,67,59,73,65,8,6,15,7,7,69,68,69,69,69,68,72,71,73,71,70,73,70,69,70,69,17,L. Aued,73,73,1200000,35,1902,CM,Argentina,Midfield,Rotation 70-77,Midfield / Rotation 70-77
Toni Lato,Antonio Latorre Grueso,73,78,4300000,"LB,LWB,LM",LB,Spain,https://cdn.sofifa.net/players/232/008/23_60.png,24,171,64,1877,401,Valencia CF,20000,9400000,SUB,2023,3,2015,-,Left,4,3,1,-,https://cdn.sofifa.net/flags/es.png,-,-,High,Medium,75,56,71,71,68,60,79,55,65,72,59,70,75,38,75,71,76,75,72,70,80,64,47,63,56,53,67,67,68,64,39,64,68,70,71,7,10,13,9,9,67,69,67,67,67,69,70,72,71,72,73,71,73,73,69,73,18,Toni Lato,73,78,4300000,24,1877,LB,Spain,Defender,Rotation 70-77,Defender / Rotation 70-77
N. Chalobah,Nathaniel Chalobah,73,75,3300000,"CDM,CM",CDM,England,https://cdn.sofifa.net/players/205/897/23_60.png,27,187,80,1866,398,Fulham,38000,6500000,SUB,2023,12,2021,-,Right,3,3,1,-,https://cdn.sofifa.net/flags/gb-eng.png,-,-,Medium,Medium,55,61,67,72,71,72,58,54,70,75,52,73,48,46,71,75,54,55,62,69,61,75,69,62,75,68,76,72,64,71,49,71,69,73,68,12,9,15,8,8,68,66,68,68,68,66,71,69,73,69,69,74,69,69,73,69,18,N. Chalobah,73,75,3300000,27,1866,CDM,England,Midfield,Rotation 70-77,Midfield / Rotation 70-77
J. Duverne,Jean-Kévin Duverne,73,77,4099999,"RB,LB,CB",CB,France,https://cdn.sofifa.net/players/229/705/23_60.png,24,184,71,1754,382,Stade Brestois 29,15000,8500000,RB,2023,2,2019,-,Right,3,3,1,-,https://cdn.sofifa.net/flags/fr.png,-,-,Medium,Medium,63,38,62,70,75,74,58,31,77,73,32,70,54,28,63,71,60,65,66,69,65,55,78,75,75,36,68,73,55,54,33,69,75,75,72,13,9,8,6,12,60,61,60,60,60,61,64,65,67,65,72,73,72,73,75,73,18,J. Duverne,73,77,4099999,24,1754,CB,France,Defender,Rotation 70-77,Defender / Rotation 70-77
Eguaras,Iñigo Eguaras Álvarez,73,73,2500000,"CDM,CM",CDM,Spain,https://cdn.sofifa.net/players/223/740/23_60.png,30,181,77,1887,390,Unión Deportiva Almería,19000,5500000,CM,2024,4,2022,-,Right,3,2,1,-,https://cdn.sofifa.net/flags/es.png,-,-,Medium,Low,53,56,75,65,68,73,65,50,59,79,59,62,70,58,80,71,55,51,61,60,67,62,80,77,75,58,63,63,65,78,59,68,67,75,72,7,7,10,11,11,63,64,64,64,64,64,69,68,73,68,70,73,70,69,71,69,17,Eguaras,73,73,2500000,30,1887,CDM,Spain,Midfield,Rotation 70-77,Midfield / Rotation 70-77
V. Manceau,Vincent Manceau,73,73,2000000,"CB,RB,RWB",CB,France,https://cdn.sofifa.net/players/189/946/23_60.png,32,176,70,1847,374,En Avant de Guingamp,7000,3500000,RWB,2024,15,2022,-,Right,3,2,1,-,https://cdn.sofifa.net/flags/fr.png,-,-,Medium,High,42,47,69,71,75,70,72,41,72,75,42,70,54,44,73,73,50,36,68,74,74,60,80,77,66,42,71,75,53,61,58,74,75,75,73,16,10,10,11,16,61,62,61,61,61,62,66,67,71,67,73,73,73,72,73,72,22,V. Manceau,73,73,2000000,32,1847,CB,France,Defender,Rotation 70-77,Defender / Rotation 70-77
L. O'Brien,Lewis O'Brien,73,80,6000000,"CM,CDM,LM",CM,England,https://cdn.sofifa.net/players/236/530/23_60.png,23,173,63,1923,414,Nottingham Forest,38000,12600000,CM,2026,14,2022,-,Left,2,3,1,-,https://cdn.sofifa.net/flags/gb-eng.png,-,-,High,High,69,62,66,75,69,73,56,60,53,73,52,75,42,47,66,74,74,64,79,75,85,67,68,92,63,65,77,69,68,72,42,70,67,74,73,13,13,11,7,7,68,70,70,70,70,70,73,73,75,73,74,74,74,73,71,73,19,L. O'Brien,73,80,6000000,23,1923,CM,England,Midfield,Rotation 70-77,Midfield / Rotation 70-77
Felipe Silva,Felipe de Sousa Silva,73,73,3000000,ST,ST,Brazil,https://cdn.sofifa.net/players/244/723/23_60.png,29,193,90,1754,380,Chengdu Rongcheng F.C.,10000,4700000,ST,2025,9,2021,-,Left,4,3,1,-,https://cdn.sofifa.net/flags/br.png,-,-,High,Medium,76,72,58,67,23,84,44,74,78,64,73,65,65,42,58,70,76,76,67,61,66,78,81,80,91,61,70,17,73,65,66,67,17,18,10,8,11,10,12,7,73,66,69,69,69,66,69,68,63,68,48,49,48,46,45,46,17,Felipe Silva,73,73,3000000,29,1754,ST,Brazil,Forward,Rotation 70-77,Forward / Rotation 70-77
T. Kempe,Tobias Kempe,73,73,1900000,"CM,CAM",CM,Germany,https://cdn.sofifa.net/players/199/413/23_60.png,33,184,77,1992,412,SV Darmstadt 98,17000,3000000,CM,2023,11,2017,-,Right,3,3,1,-,https://cdn.sofifa.net/flags/de.png,-,-,Medium,Medium,65,73,77,74,52,71,82,68,49,75,70,73,83,75,73,76,68,63,72,74,68,81,64,81,72,76,56,53,66,77,81,74,53,55,43,14,13,13,13,12,71,73,72,72,72,73,73,73,73,73,68,67,68,65,60,65,22,T. Kempe,73,73,1900000,33,1992,CM,Germany,Midfield,Rotation 70-77,Midfield / Rotation 70-77
L. González Pirez,Leandro González Pirez,73,73,2500000,CB,CB,Argentina,https://cdn.sofifa.net/players/199/669/23_60.png,30,185,89,1839,397,River Plate,7000,0,SUB,2023,14,2020,TRUE,Right,3,2,1,-,https://cdn.sofifa.net/flags/ar.png,-,-,Medium,Medium,70,48,61,67,71,80,42,42,72,72,42,66,55,39,74,70,67,73,63,70,57,59,78,78,80,49,85,71,60,59,49,70,70,70,72,14,8,8,12,13,64,62,63,63,63,62,66,66,70,66,70,73,70,71,73,71,20,L. González Pirez,73,73,2500000,30,1839,CB,Argentina,Defender,Rotation 70-77,Defender / Rotation 70-77
R. Glatzel,Robert Glatzel,73,73,3100000,ST,ST,Germany,https://cdn.sofifa.net/players/236/533/23_60.png,28,193,85,1644,353,Hamburger SV,14000,5000000,ST,2025,9,2021,-,Right,4,2,1,-,https://cdn.sofifa.net/flags/de.png,-,-,Medium,Medium,62,73,46,65,30,77,39,76,79,54,74,65,50,38,34,71,64,61,53,74,41,77,60,78,85,60,59,24,76,48,74,69,20,28,25,10,11,14,13,9,73,63,67,67,67,63,64,64,58,64,50,48,50,48,48,48,20,R. Glatzel,73,73,3100000,28,1644,ST,Germany,Forward,Rotation 70-77,Forward / Rotation 70-77
Javi Sánchez,Javier Sánchez de Felipe,73,80,5500000,CB,CB,Spain,https://cdn.sofifa.net/players/245/238/23_60.png,25,189,79,1752,380,Real Valladolid CF,16000,12700000,CB,2024,5,2020,-,Right,4,2,1,-,https://cdn.sofifa.net/flags/es.png,-,-,Medium,Medium,66,53,54,58,72,77,34,53,70,71,21,54,30,64,65,67,67,66,39,72,52,63,84,67,84,50,70,71,50,41,67,60,74,72,74,11,15,13,8,13,63,57,59,59,59,57,60,60,64,60,67,72,67,69,75,69,20,Javi Sánchez,73,80,5500000,25,1752,CB,Spain,Defender,Rotation 70-77,Defender / Rotation 70-77
A. Molinas,Aaron Molinas,73,81,7000000,"CAM,CM",CAM,Argentina,https://cdn.sofifa.net/players/256/502/23_60.png,21,175,67,1814,388,Boca Juniors,10000,11200000,CM,2025,16,2018,-,Right,3,3,1,-,https://cdn.sofifa.net/flags/ar.png,-,-,Medium,Medium,72,57,73,76,51,59,69,56,39,75,44,75,57,60,76,76,79,67,85,71,73,60,55,75,52,60,59,54,70,80,44,74,55,52,44,9,8,10,10,15,65,72,70,70,70,72,75,75,74,75,67,66,67,63,57,63,19,A. Molinas,73,81,7000000,21,1814,CAM,Argentina,Midfield,Rotation 70-77,Midfield / Rotation 70-77
Sergi Guardiola,Sergio Guardiola Navarro,73,73,2600000,ST,ST,Spain,https://cdn.sofifa.net/players/229/624/23_60.png,31,184,78,1823,389,Real Valladolid CF,20000,5500000,ST,2023,16,2019,-,Left,2,3,1,-,https://cdn.sofifa.net/flags/es.png,-,-,High,Low,73,73,62,74,30,77,52,75,72,72,70,75,71,55,50,75,71,75,76,61,67,74,73,72,81,70,73,28,77,65,66,65,32,19,18,11,14,11,11,11,73,71,72,72,72,71,73,71,65,71,53,53,53,50,49,50,19,Sergi Guardiola,73,73,2600000,31,1823,ST,Spain,Forward,Rotation 70-77,Forward / Rotation 70-77
A. Karazor,Atakan Karazor,73,74,3200000,"CDM,CB",CB,Germany,https://cdn.sofifa.net/players/239/096/23_60.png,25,191,76,1630,356,VfB Stuttgart,17000,6000000,CDM,2026,16,2019,-,Right,3,2,1,-,https://cdn.sofifa.net/flags/de.png,-,-,Low,Medium,51,36,60,63,76,70,39,35,78,74,27,59,42,31,67,69,47,55,65,66,43,47,65,69,69,29,75,74,34,64,38,70,78,75,72,12,10,6,11,5,55,54,55,55,55,54,61,59,66,59,68,74,68,69,74,69,18,A. Karazor,73,74,3200000,25,1630,CB,Germany,Defender,Rotation 70-77,Defender / Rotation 70-77
C. Willock,Chris Willock,73,78,4600000,"CAM,ST",CAM,England,https://cdn.sofifa.net/players/225/785/23_60.png,24,178,67,1753,380,Queens Park Rangers,24000,9100000,RW,2023,7,2020,-,Right,3,4,1,-,https://cdn.sofifa.net/flags/gb-eng.png,-,-,Medium,Medium,83,68,67,76,29,57,67,69,57,70,64,76,68,45,57,74,83,83,86,71,73,69,62,75,58,66,33,23,72,72,60,66,24,32,19,9,10,8,9,9,72,74,73,73,73,74,75,75,68,75,57,51,57,53,43,53,18,C. Willock,73,78,4600000,24,1753,CAM,England,Midfield,Rotation 70-77,Midfield / Rotation 70-77
F. Noguera,Fabián Noguera,73,74,2800000,CB,CB,Argentina,https://cdn.sofifa.net/players/223/064/23_60.png,29,193,95,1539,331,Estudiantes de La Plata,11000,4400000,CB,2022,18,2021,-,Right,2,2,1,-,https://cdn.sofifa.net/flags/ar.png,-,-,Medium,Medium,40,38,46,50,73,84,29,45,78,61,28,37,31,29,52,66,36,43,45,65,51,35,79,80,92,28,70,74,51,38,32,65,71,73,67,7,16,9,13,8,55,47,49,49,49,47,52,51,58,51,63,69,63,65,74,65,19,F. Noguera,73,74,2800000,29,1539,CB,Argentina,Defender,Rotation 70-77,Defender / Rotation 70-77
Alvildo Sousa,Alvin Severino Sousa Diniz,73,73,3300000,"CAM,CM",CAM,Brazil,https://cdn.sofifa.net/players/230/488/23_60.png,26,183,79,1835,383,Atlético Clube Goianiense,12000,6300000,CAM,2025,8,2022,-,Right,3,4,1,-,https://cdn.sofifa.net/flags/br.png,-,-,High,Low,69,69,72,73,30,70,73,62,61,75,72,74,71,72,61,75,73,65,66,82,62,77,55,71,77,74,54,33,70,76,66,74,16,31,32,12,16,7,15,9,73,72,73,73,73,72,73,73,71,73,59,56,59,55,48,55,22,Alvildo Sousa,73,73,3300000,26,1835,CAM,Brazil,Midfield,Rotation 70-77,Midfield / Rotation 70-77
L. Kelly,Lloyd Kelly,73,80,5500000,CB,CB,England,https://cdn.sofifa.net/players/231/512/23_60.png,23,190,76,1785,391,AFC Bournemouth,28000,12100000,CB,2024,5,2019,-,Left,3,3,1,-,https://cdn.sofifa.net/flags/gb-eng.png,-,-,Medium,Medium,72,40,62,68,74,75,64,34,71,67,35,67,44,42,65,71,68,75,62,70,63,50,71,71,78,41,73,72,58,59,45,69,73,76,74,7,8,8,11,12,61,62,61,61,61,62,64,67,67,67,73,73,73,73,75,73,18,L. Kelly,73,80,5500000,23,1785,CB,England,Defender,Rotation 70-77,Defender / Rotation 70-77
Carlos Augusto,Carlos Augusto Zopolato Neves,73,80,6000000,"LWB,LM,CB",LWB,Brazil,https://cdn.sofifa.net/players/258/648/23_60.png,23,184,75,1833,395,AC Monza,28000,11400000,LM,2024,30,2020,-,Left,2,2,1,-,https://cdn.sofifa.net/flags/br.png,-,-,Medium,High,67,50,67,70,71,70,72,49,73,72,47,70,54,37,66,72,65,68,69,69,54,51,67,78,67,51,70,70,68,64,43,69,70,72,72,11,12,5,12,13,65,67,65,65,65,67,69,70,71,70,73,72,73,73,73,73,20,Carlos Augusto,73,80,6000000,23,1833,LWB,Brazil,Defender,Rotation 70-77,Defender / Rotation 70-77
M. Zárate,Mauro Zárate,73,73,1300000,"ST,CF,CAM",ST,Argentina,https://cdn.sofifa.net/players/153/177/23_60.png,35,175,77,1921,396,Platense,10000,2000000,SUB,2022,10,2022,-,Right,4,4,2,-,https://cdn.sofifa.net/flags/ar.png,-,-,High,Low,72,75,69,79,35,66,66,74,55,73,73,80,79,80,62,79,71,73,81,76,73,78,69,67,65,77,66,36,75,67,74,74,35,30,30,7,16,16,6,12,73,73,73,73,73,73,73,73,70,73,59,58,59,56,50,56,20,M. Zárate,73,73,1300000,35,1921,ST,Argentina,Forward,Rotation 70-77,Forward / Rotation 70-77
Fabri Arnoia,Fabrício Sandro Arnoia Sepa,73,73,2900000,"RW,CF",RW,Brazil,https://cdn.sofifa.net/players/230/493/23_60.png,30,175,73,1718,370,Flamengo,31000,5200000,SUB,2025,27,2022,-,Right,3,4,1,-,https://cdn.sofifa.net/flags/br.png,-,-,High,Low,80,65,67,73,27,58,71,65,72,79,62,75,45,48,45,71,78,81,71,71,82,63,54,57,62,64,49,22,77,68,72,72,35,12,11,8,9,15,16,8,73,73,72,72,72,73,73,73,65,73,54,49,54,50,43,50,19,Fabri Arnoia,73,73,2900000,30,1718,RW,Brazil,Forward,Rotation 70-77,Forward / Rotation 70-77
P. Solari,Pablo Solari,73,84,7000000,"RM,ST,RW",ST,Argentina,https://cdn.sofifa.net/players/256/509/23_60.png,21,181,77,1756,384,River Plate,10000,11200000,RM,2026,16,2022,-,Right,3,4,1,-,https://cdn.sofifa.net/flags/ar.png,-,-,High,Medium,85,72,62,74,25,66,66,75,60,65,66,74,48,65,52,72,90,80,82,72,70,71,44,72,70,70,56,18,77,63,65,66,26,20,15,11,8,13,14,6,75,73,73,73,73,73,73,74,64,74,54,49,54,50,42,50,19,P. Solari,73,84,7000000,21,1756,ST,Argentina,Forward,Rotation 70-77,Forward / Rotation 70-77
Vágner Corraldo,Vágner Joshua Corraldo Santoso,73,73,3300000,"LB,LM",LB,Brazil,https://cdn.sofifa.net/players/233/982/23_60.png,22,175,70,1921,397,Club Athletico Paranaense,10000,6300000,LM,2025,10,2022,-,Left,3,3,1,-,https://cdn.sofifa.net/flags/br.png,-,-,Medium,Medium,72,59,63,69,71,63,71,48,59,67,64,66,58,60,51,69,74,71,79,71,77,75,73,76,56,68,64,73,63,59,55,69,71,73,72,14,11,11,11,11,65,66,65,65,65,66,67,68,67,68,73,70,73,73,70,73,20,Vágner Corraldo,73,73,3300000,22,1921,LB,Brazil,Defender,Rotation 70-77,Defender / Rotation 70-77
M. Weiser,Mitchell Weiser,73,73,2800000,"RWB,RM",RWB,Germany,https://cdn.sofifa.net/players/206/591/23_60.png,28,177,73,1982,416,SV Werder Bremen,19000,5000000,RWB,2023,8,2022,-,Right,4,4,2,-,https://cdn.sofifa.net/flags/de.png,-,-,High,Medium,71,62,71,77,68,67,71,63,66,75,59,77,69,52,67,76,76,67,83,73,80,58,70,72,63,61,69,69,70,73,58,74,66,68,71,13,15,10,13,9,70,72,71,71,71,72,73,73,73,73,73,72,73,73,70,73,21,M. Weiser,73,73,2800000,28,1982,RWB,Germany,Defender,Rotation 70-77,Defender / Rotation 70-77
F. Holland,Fabian Holland,73,73,2200000,"LB,LWB",LB,Germany,https://cdn.sofifa.net/players/208/470/23_60.png,31,172,74,1890,394,SV Darmstadt 98,16000,3500000,LWB,2024,32,2015,-,Left,2,3,1,-,https://cdn.sofifa.net/flags/de.png,-,-,High,High,68,47,65,71,71,72,71,38,63,68,43,69,64,59,65,71,75,62,77,71,82,64,78,83,66,50,71,67,47,54,55,71,72,75,72,11,13,13,8,13,60,63,61,61,61,63,64,67,67,67,73,72,73,73,72,73,20,F. Holland,73,73,2200000,31,1890,LB,Germany,Defender,Rotation 70-77,Defender / Rotation 70-77
Cesc Fàbregas,Francesc Fàbregas i Soler,73,73,1200000,"CM,CAM,CDM",CM,Spain,https://cdn.sofifa.net/players/162/895/23_60.png,35,179,76,1842,363,Como,3000,1900000,CM,2024,4,2022,-,Right,3,3,4,-,https://cdn.sofifa.net/flags/es.png,-,-,Medium,Medium,35,65,80,74,60,49,74,61,57,81,68,74,78,79,80,80,37,34,56,73,67,70,44,32,56,65,54,61,68,84,78,83,67,57,53,6,10,8,15,15,68,68,69,69,69,68,73,71,73,71,64,70,64,62,63,62,21,Cesc Fàbregas,73,73,1200000,35,1842,CM,Spain,Midfield,Rotation 70-77,Midfield / Rotation 70-77
Clerc,Carlos Clerc Martínez,73,73,2600000,"LB,LWB",LB,Spain,https://cdn.sofifa.net/players/204/876/23_60.png,30,182,69,1954,419,Elche CF,15000,5700000,LB,2024,23,2022,-,Left,2,3,1,-,https://cdn.sofifa.net/flags/es.png,-,-,High,Medium,84,58,68,72,66,71,73,56,62,69,48,71,75,56,63,73,79,88,76,70,73,64,72,83,69,59,62,68,72,68,50,73,64,68,67,7,14,11,10,14,69,71,70,70,70,71,72,73,71,73,73,71,73,73,69,73,20,Clerc,73,73,2600000,30,1954,LB,Spain,Defender,Rotation 70-77,Defender / Rotation 70-77
Jorge Praceira,Jorge Renato Praceira Diniz,73,73,2500000,CB,CB,Brazil,https://cdn.sofifa.net/players/236/109/23_60.png,30,180,74,1756,372,Palmeiras,26000,4500000,SUB,2025,18,2022,-,Right,3,2,1,-,https://cdn.sofifa.net/flags/br.png,-,-,Medium,High,66,40,56,61,76,73,60,36,81,59,28,61,60,52,56,63,64,68,59,64,63,51,66,71,76,38,72,72,42,47,44,46,75,76,77,15,15,15,15,15,57,56,55,55,55,56,57,60,60,60,70,69,70,72,73,72,22,Jorge Praceira,73,73,2500000,30,1756,CB,Brazil,Defender,Rotation 70-77,Defender / Rotation 70-77
L. Travis,Lewis Travis,73,80,5500000,"CDM,CM",CDM,England,https://cdn.sofifa.net/players/234/319/23_60.png,24,183,63,1893,409,Blackburn Rovers,27000,11600000,CDM,2026,27,2016,-,Right,3,3,1,-,https://cdn.sofifa.net/flags/gb-eng.png,-,-,Medium,High,69,59,65,69,71,76,61,58,63,72,43,70,55,42,68,70,72,67,61,72,74,69,72,88,68,59,82,68,57,65,49,69,72,73,73,12,6,7,13,12,67,66,66,66,66,66,69,70,71,70,73,74,73,73,73,73,19,L. Travis,73,80,5500000,24,1893,CDM,England,Midfield,Rotation 70-77,Midfield / Rotation 70-77
A. Stiller,Angelo Stiller,73,79,4500000,"CDM,CM",CM,Germany,https://cdn.sofifa.net/players/250/959/23_60.png,21,183,79,1896,403,TSG Hoffenheim,17000,8600000,RES,2025,13,2021,-,Left,3,3,1,-,https://cdn.sofifa.net/flags/de.png,-,-,Medium,Medium,66,56,74,72,68,67,64,49,63,79,45,70,66,66,76,75,65,66,73,65,73,66,69,77,62,65,64,68,61,76,42,72,68,71,68,7,14,5,9,9,65,67,67,67,67,67,72,71,75,71,72,74,72,71,70,71,18,A. Stiller,73,79,4500000,21,1896,CM,Germany,Midfield,Rotation 70-77,Midfield / Rotation 70-77
F. Fragapane,Franco Fragapane,73,73,3000000,"LM,CAM",LM,Argentina,https://cdn.sofifa.net/players/207/440/23_60.png,29,167,66,1830,388,Minnesota United FC,8000,4500000,LM,2024,7,2021,-,Right,3,3,1,-,https://cdn.sofifa.net/flags/ar.png,-,-,High,Medium,88,66,68,76,36,54,63,64,43,71,69,76,73,63,67,72,89,87,91,67,89,69,68,74,53,66,27,50,64,67,69,74,36,28,23,9,11,10,12,10,68,72,70,70,70,72,73,73,68,73,60,56,60,56,46,56,19,F. Fragapane,73,73,3000000,29,1830,LM,Argentina,Midfield,Rotation 70-77,Midfield / Rotation 70-77
Marcos Antonio,Marcos Antonio Silva Santos,73,81,7000000,"CM,CDM",CAM,Brazil,https://cdn.sofifa.net/players/247/377/23_60.png,22,168,57,1874,404,Lazio,30000,13300000,SUB,2027,6,2022,-,Right,3,4,1,-,https://cdn.sofifa.net/flags/br.png,-,-,High,Medium,84,65,71,77,59,48,64,65,43,74,53,76,66,47,77,76,85,83,90,74,72,65,53,71,44,70,30,64,75,74,47,75,67,54,52,13,11,14,11,14,70,75,73,73,73,75,77,76,75,76,70,67,70,68,59,68,21,Marcos Antonio,73,81,7000000,22,1874,CAM,Brazil,Midfield,Rotation 70-77,Midfield / Rotation 70-77
J. Sambia,Junior Sambia,73,75,3500000,"RWB,RB,RM",RWB,France,https://cdn.sofifa.net/players/223/570/23_60.png,25,185,73,2025,425,US Salernitana 1919,19000,6600000,SUB,2026,6,2022,-,Right,4,3,1,-,https://cdn.sofifa.net/flags/fr.png,-,-,High,Medium,73,69,71,73,69,70,74,64,62,71,59,74,73,76,69,72,69,76,76,67,69,85,78,76,68,71,63,70,68,68,59,69,66,73,68,9,11,14,11,16,72,71,70,70,70,71,72,73,72,73,73,72,73,73,71,73,20,J. Sambia,73,75,3500000,25,2025,RWB,France,Defender,Rotation 70-77,Defender / Rotation 70-77
Jaime Seoane,Jaime Seoane Valenciano,73,78,4400000,"CM,CAM,CDM",CAM,Spain,https://cdn.sofifa.net/players/247/793/23_60.png,25,175,73,2042,430,Getafe CF,21000,9600000,SUB,2025,8,2022,-,Right,3,3,1,-,https://cdn.sofifa.net/flags/es.png,-,-,Medium,Medium,71,72,72,74,66,75,68,72,65,73,55,73,73,76,71,76,74,69,74,69,79,74,68,78,75,71,75,67,74,73,73,76,65,69,61,10,11,5,11,15,74,72,73,73,73,72,75,75,75,75,72,73,72,71,70,71,20,Jaime Seoane,73,78,4400000,25,2042,CAM,Spain,Midfield,Rotation 70-77,Midfield / Rotation 70-77
J. Bryan,Joe Bryan,73,73,2800000,"LB,LWB",LB,England,https://cdn.sofifa.net/players/203/505/23_60.png,28,173,75,2023,421,OGC Nice,40000,0,SUB,2023,15,2018,TRUE,Left,4,3,1,-,https://cdn.sofifa.net/flags/gb-eng.png,-,-,High,High,76,63,70,68,70,74,76,60,67,69,45,66,71,62,70,68,77,75,76,65,86,72,90,79,71,66,71,72,67,69,61,64,66,72,70,13,14,14,9,14,69,69,68,68,68,69,70,72,71,72,73,72,73,73,72,73,20,J. Bryan,73,73,2800000,28,2023,LB,England,Defender,Rotation 70-77,Defender / Rotation 70-77
S. Michel,Sven Michel,73,73,2600000,"ST,LW",ST,Germany,https://cdn.sofifa.net/players/212/879/23_60.png,31,177,78,1858,395,1. FC Union Berlin,26000,4700000,SUB,2024,11,2022,-,Left,3,3,1,-,https://cdn.sofifa.net/flags/de.png,-,-,High,Medium,74,74,66,74,34,73,67,76,54,72,74,74,72,59,54,74,76,72,76,74,74,78,73,78,72,69,68,32,75,64,63,67,34,31,22,11,11,11,7,11,73,73,73,73,73,73,73,73,68,73,58,56,58,54,50,54,19,S. Michel,73,73,2600000,31,1858,ST,Germany,Forward,Rotation 70-77,Forward / Rotation 70-77
Michel Cruceiro,Michel David Cruceiro Muscato,73,73,2500000,"CDM,CM",CDM,Brazil,https://cdn.sofifa.net/players/230/286/23_60.png,30,185,82,1908,405,Flamengo,26000,4500000,SUB,2025,26,2022,-,Left,3,2,1,-,https://cdn.sofifa.net/flags/br.png,-,-,Medium,Medium,60,64,68,64,71,78,69,53,65,74,53,62,66,71,69,71,58,61,59,66,46,81,52,86,78,75,74,74,56,56,74,73,72,72,65,10,9,13,9,9,66,64,64,64,64,64,66,67,70,67,73,73,73,72,73,72,18,Michel Cruceiro,73,73,2500000,30,1908,CDM,Brazil,Midfield,Rotation 70-77,Midfield / Rotation 70-77
P. Jones,Phil Jones,73,73,2500000,CB,CB,England,https://cdn.sofifa.net/players/194/957/23_60.png,30,185,71,1665,342,Manchester United,64000,4800000,RES,2023,4,2011,-,Right,3,2,2,-,https://cdn.sofifa.net/flags/gb-eng.png,-,-,Low,High,37,50,60,55,74,66,58,44,76,69,49,55,38,35,66,54,41,34,52,68,48,68,79,28,75,49,86,74,42,54,50,60,73,75,74,10,8,6,16,11,57,52,53,53,53,52,57,55,61,55,62,69,62,64,73,64,19,P. Jones,73,73,2500000,30,1665,CB,England,Defender,Rotation 70-77,Defender / Rotation 70-77
Juan Cruz,Juan Cruz Álvaro Armada,73,73,2500000,"CB,LB",CB,Spain,https://cdn.sofifa.net/players/206/219/23_60.png,29,180,79,1765,385,CA Osasuna,21000,5300000,LB,2023,3,2020,-,Left,3,2,1,-,https://cdn.sofifa.net/flags/es.png,-,-,Medium,High,73,40,63,64,73,72,65,34,67,78,30,58,59,31,64,72,76,70,68,75,54,57,69,78,70,39,71,72,35,45,48,54,73,76,74,14,11,7,11,14,58,60,58,58,58,60,62,65,66,65,73,73,73,73,73,73,21,Juan Cruz,73,73,2500000,29,1765,CB,Spain,Defender,Rotation 70-77,Defender / Rotation 70-77
Artur,José Artur de Lima Junior,73,75,3400000,"CDM,CM",CDM,Brazil,https://cdn.sofifa.net/players/234/122/23_60.png,26,181,70,1847,395,Columbus Crew,7000,5400000,CDM,2022,8,2018,-,Right,2,3,1,-,https://cdn.sofifa.net/flags/br.png,-,-,Medium,Medium,62,51,64,70,69,79,51,48,61,70,42,67,49,59,75,73,57,66,77,68,68,59,62,84,76,49,84,68,66,62,57,67,69,71,69,6,6,10,13,5,64,63,64,64,64,63,68,68,71,68,70,74,70,70,72,70,16,Artur,73,75,3400000,26,1847,CDM,Brazil,Midfield,Rotation 70-77,Midfield / Rotation 70-77
Guto Costinho,Guto Ramón Costinho Ribeiro,73,73,1000000,CB,CB,Brazil,https://cdn.sofifa.net/players/230/282/23_60.png,34,179,77,1679,364,Palmeiras,26000,1800000,CB,2025,4,2022,-,Left,3,2,1,-,https://cdn.sofifa.net/flags/br.png,-,-,Medium,Medium,62,37,56,61,74,74,38,32,73,69,33,58,41,35,63,66,59,64,51,68,64,52,74,68,77,32,74,72,39,53,44,67,73,75,74,10,10,12,14,12,56,54,55,55,55,54,58,59,63,59,67,72,67,69,73,69,20,Guto Costinho,73,73,1000000,34,1679,CB,Brazil,Defender,Rotation 70-77,Defender / Rotation 70-77
Nolito,Manuel Agudo Durán,73,73,1200000,LM,CAM,Spain,https://cdn.sofifa.net/players/199/561/23_60.png,35,175,73,1903,386,UD Ibiza,6000,1900000,LM,2024,9,2022,-,Right,3,4,2,-,https://cdn.sofifa.net/flags/es.png,-,-,High,Low,58,74,76,73,45,60,73,76,56,79,65,74,83,76,69,71,64,53,73,79,73,71,61,49,61,75,73,50,78,79,74,77,49,39,27,10,15,12,8,8,73,73,73,73,73,73,73,73,73,73,60,62,60,56,55,56,20,Nolito,73,73,1200000,35,1903,CAM,Spain,Midfield,Rotation 70-77,Midfield / Rotation 70-77
G. Charbonnier,Gaëtan Charbonnier,73,73,1900000,ST,ST,France,https://cdn.sofifa.net/players/192/647/23_60.png,33,188,80,1703,348,AJ Auxerre,17000,3800000,ST,2023,19,2021,-,Right,3,3,2,-,https://cdn.sofifa.net/flags/fr.png,-,-,Medium,High,31,75,68,72,36,66,57,77,77,74,71,74,63,59,59,79,30,32,46,76,47,76,46,54,82,71,47,28,79,78,72,78,27,43,20,11,13,11,8,16,73,68,72,72,72,68,73,69,71,69,51,56,51,48,51,48,21,G. Charbonnier,73,73,1900000,33,1703,ST,France,Forward,Rotation 70-77,Forward / Rotation 70-77
F. Garcés,Facundo Garcés,73,79,4400000,CB,CB,Argentina,https://cdn.sofifa.net/players/241/031/23_60.png,22,188,82,1641,358,Club Atlético Colón,9000,7500000,CB,2022,33,2017,-,Right,4,2,1,-,https://cdn.sofifa.net/flags/ar.png,-,-,Medium,Medium,60,37,54,56,74,77,38,31,70,68,26,51,36,33,60,57,59,61,61,70,48,55,74,69,81,29,78,71,43,53,49,70,75,75,73,7,6,9,12,13,55,52,53,53,53,52,56,56,61,56,66,71,66,68,75,68,18,F. Garcés,73,79,4400000,22,1641,CB,Argentina,Defender,Rotation 70-77,Defender / Rotation 70-77
W. Saïd,Wesley Saïd,73,73,3300000,"ST,LW,LM",CF,France,https://cdn.sofifa.net/players/212/613/23_60.png,27,171,72,1800,377,Racing Club de Lens,27000,6300000,SUB,2024,22,2021,-,Right,3,4,1,-,https://cdn.sofifa.net/flags/fr.png,-,-,Medium,Low,74,73,67,76,29,58,64,75,64,71,71,76,59,52,65,73,75,73,84,75,84,74,61,66,60,72,44,23,76,69,60,73,28,25,23,11,9,12,12,14,73,73,73,73,73,73,73,73,68,73,55,52,55,52,44,52,21,W. Saïd,73,73,3300000,27,1800,CF,France,Forward,Rotation 70-77,Forward / Rotation 70-77
Nicolás Formido,Nicolás Júlio Formido Paiva,73,73,3600000,"CAM,LM,CM",CAM,Brazil,https://cdn.sofifa.net/players/230/276/23_60.png,22,183,77,1844,383,Internacional,19000,6800000,CAM,2025,10,2022,-,Left,4,4,1,-,https://cdn.sofifa.net/flags/br.png,-,-,Medium,Medium,68,65,75,74,34,67,74,57,71,75,55,74,81,76,73,75,71,65,75,78,59,71,61,68,73,75,54,54,73,75,69,72,18,29,21,9,8,8,7,12,72,72,72,72,72,72,73,73,73,73,59,59,59,56,51,56,19,Nicolás Formido,73,73,3600000,22,1844,CAM,Brazil,Midfield,Rotation 70-77,Midfield / Rotation 70-77
Sergi Gómez,Sergi Gómez Solà,73,73,2500000,CB,CB,Spain,https://cdn.sofifa.net/players/199/577/23_60.png,30,185,76,1748,372,RCD Espanyol de Barcelona,14000,5300000,CB,2024,24,2021,-,Right,3,2,1,-,https://cdn.sofifa.net/flags/es.png,-,-,Medium,High,58,46,61,61,74,72,45,40,71,71,39,57,52,42,68,69,64,53,54,72,44,58,78,63,76,48,71,74,52,63,40,68,75,75,74,15,16,11,11,7,60,58,59,59,59,58,63,62,68,62,68,73,68,70,73,70,21,Sergi Gómez,73,73,2500000,30,1748,CB,Spain,Defender,Rotation 70-77,Defender / Rotation 70-77
Aleix García,Aleix García Serrano,73,77,4200000,"CM,CDM",CAM,Spain,https://cdn.sofifa.net/players/228/813/23_60.png,25,173,68,1937,408,Girona FC,20000,9600000,SUB,2023,14,2021,-,Right,3,3,1,-,https://cdn.sofifa.net/flags/es.png,-,-,Medium,Medium,65,69,72,75,64,63,60,70,51,77,56,73,70,69,76,76,67,63,75,69,85,72,63,67,62,72,60,63,67,75,54,74,63,70,62,16,8,9,10,7,70,71,71,71,71,71,75,73,75,73,69,71,69,68,66,68,19,Aleix García,73,77,4200000,25,1937,CAM,Spain,Midfield,Rotation 70-77,Midfield / Rotation 70-77
M. Autret,Mathias Autret,73,73,2500000,"LM,CM,CAM",LM,France,https://cdn.sofifa.net/players/198/348/23_60.png,31,179,71,1845,382,AJ Auxerre,16000,5000000,LM,2023,29,2020,-,Right,3,4,1,-,https://cdn.sofifa.net/flags/fr.png,-,-,High,Medium,63,70,75,73,42,59,75,71,48,77,64,75,63,70,76,72,62,64,72,70,78,76,67,54,62,65,55,53,75,73,62,64,26,49,40,10,6,13,10,12,71,72,72,72,72,72,73,73,72,73,61,62,61,58,53,58,18,M. Autret,73,73,2500000,31,1845,LM,France,Midfield,Rotation 70-77,Midfield / Rotation 70-77
Adrián Marín,Adrián Marín Gómez,73,76,3700000,"LB,LWB",LWB,Spain,https://cdn.sofifa.net/players/224/921/23_60.png,25,181,73,1838,396,Gil Vicente FC,9000,8000000,LB,2024,19,2022,-,Left,2,3,1,-,https://cdn.sofifa.net/flags/es.png,-,-,Medium,Medium,72,48,67,69,70,70,73,43,59,72,50,68,65,40,70,72,71,73,70,69,60,63,72,72,70,42,69,72,58,57,42,68,69,71,73,9,14,14,8,8,63,65,63,63,63,65,66,69,69,69,74,72,74,73,72,73,18,Adrián Marín,73,76,3700000,25,1838,LWB,Spain,Defender,Rotation 70-77,Defender / Rotation 70-77
L. Menossi,Lucas Menossi,73,73,3000000,CM,CM,Argentina,https://cdn.sofifa.net/players/215/193/23_60.png,29,169,70,2025,418,Club Atlético Tigre,11000,4500000,CAM,2022,10,2022,-,Right,3,3,1,-,https://cdn.sofifa.net/flags/ar.png,-,-,Medium,Medium,75,62,71,74,66,70,63,49,43,76,71,71,67,68,74,73,76,74,88,75,88,75,81,92,56,75,74,72,68,69,57,67,71,66,62,10,8,14,10,9,67,70,69,69,69,70,73,73,73,73,73,73,73,72,68,72,19,L. Menossi,73,73,3000000,29,2025,CM,Argentina,Midfield,Rotation 70-77,Midfield / Rotation 70-77
L. Villalba,Lucas Villalba,73,73,2800000,"CB,LB,LWB",CB,Argentina,https://cdn.sofifa.net/players/214/937/23_60.png,27,177,73,1981,424,Argentinos Juniors,11000,4200000,CB,2024,6,2021,-,Left,2,3,1,-,https://cdn.sofifa.net/flags/ar.png,-,-,High,Medium,80,58,67,71,73,75,75,50,65,68,60,70,50,59,65,71,81,80,76,70,68,70,82,69,76,66,79,77,69,65,42,70,71,74,73,8,10,14,13,15,69,69,68,68,68,69,70,72,70,72,73,73,73,73,73,73,20,L. Villalba,73,73,2800000,27,1981,CB,Argentina,Defender,Rotation 70-77,Defender / Rotation 70-77
L. Orellano,Luca Orellano,73,81,7000000,RW,RW,Argentina,https://cdn.sofifa.net/players/246/423/23_60.png,22,177,66,1840,393,Vélez Sarsfield,12000,11900000,RW,2023,10,2018,-,Left,3,4,1,-,https://cdn.sofifa.net/flags/ar.png,-,-,Medium,Medium,90,70,63,78,33,59,66,67,49,67,69,78,66,71,55,77,91,90,90,62,87,79,69,74,56,73,47,27,66,55,52,70,29,35,39,10,13,7,13,11,71,73,71,71,71,73,72,73,65,73,60,53,60,57,47,57,19,L. Orellano,73,81,7000000,22,1840,RW,Argentina,Forward,Rotation 70-77,Forward / Rotation 70-77
M. Grimes,Matt Grimes,73,74,3600000,"CM,CDM",CM,England,https://cdn.sofifa.net/players/212/118/23_60.png,26,179,70,1928,399,Swansea City,23000,7100000,CM,2025,8,2015,-,Left,5,3,1,-,https://cdn.sofifa.net/flags/gb-eng.png,-,-,Medium,High,62,59,75,71,65,67,73,52,39,79,49,68,72,68,76,73,60,63,77,74,76,69,64,91,56,66,64,71,53,73,60,65,63,72,68,16,15,6,7,15,62,67,66,66,66,67,71,72,74,72,74,74,74,72,67,72,22,M. Grimes,73,74,3600000,26,1928,CM,England,Midfield,Rotation 70-77,Midfield / Rotation 70-77
V. Eysseric,Valentin Eysseric,73,73,2900000,"CM,LW,CAM",CAM,France,https://cdn.sofifa.net/players/201/878/23_60.png,30,181,73,1931,401,Kasimpaşa SK,13000,5800000,CM,2023,13,2021,-,Right,4,3,2,-,https://cdn.sofifa.net/flags/fr.png,-,-,Medium,Low,65,70,76,75,50,65,76,66,52,76,68,75,79,79,76,77,67,64,76,69,70,74,54,70,63,76,66,59,73,76,71,70,50,49,29,9,13,10,11,8,71,73,72,72,72,73,73,73,73,73,65,66,65,61,57,61,19,V. Eysseric,73,73,2900000,30,1931,CAM,France,Midfield,Rotation 70-77,Midfield / Rotation 70-77
S. Polter,Sebastian Polter,73,73,2600000,ST,ST,Germany,https://cdn.sofifa.net/players/192/660/23_60.png,31,192,94,1731,376,FC Schalke 04,22000,4700000,SUB,2025,40,2022,-,Right,3,2,1,-,https://cdn.sofifa.net/flags/de.png,-,-,High,Medium,70,72,53,61,35,85,51,75,81,58,67,60,44,41,50,64,64,75,54,72,48,77,77,74,92,62,84,30,76,53,71,69,35,30,13,6,14,13,8,12,73,64,67,67,67,64,65,65,60,65,52,53,52,50,53,50,19,S. Polter,73,73,2600000,31,1731,ST,Germany,Forward,Rotation 70-77,Forward / Rotation 70-77
J. Torunarigha,Jordan Torunarigha,73,78,4200000,"CB,LB",CB,Germany,https://cdn.sofifa.net/players/236/947/23_60.png,24,191,80,1735,395,KAA Gent,14000,6600000,CB,2025,32,2022,-,Left,2,2,1,-,https://cdn.sofifa.net/flags/de.png,-,-,High,Medium,85,34,63,65,74,74,56,33,77,69,26,67,34,25,73,62,82,88,62,61,64,42,74,70,78,25,68,75,50,69,42,70,71,76,75,5,7,13,5,11,58,61,59,59,59,61,64,67,67,67,72,73,72,74,75,74,15,J. Torunarigha,73,78,4200000,24,1735,CB,Germany,Defender,Rotation 70-77,Defender / Rotation 70-77
Córdoba,Iñigo Córdoba Kerejeta,73,75,3800000,"CAM,RM",CAM,Spain,https://cdn.sofifa.net/players/229/764/23_60.png,25,180,76,2013,429,Fortuna Sittard,13000,6000000,LM,2024,7,2022,-,Left,3,4,1,-,https://cdn.sofifa.net/flags/es.png,-,-,High,Medium,81,71,70,76,63,68,72,71,51,70,65,76,74,63,65,75,84,78,82,71,76,70,67,71,66,72,71,52,71,72,69,74,68,68,69,13,8,12,13,8,72,74,73,73,73,74,75,75,72,75,72,69,72,71,67,71,19,Córdoba,73,75,3800000,25,2013,CAM,Spain,Midfield,Rotation 70-77,Midfield / Rotation 70-77
K. Grant,Karlan Grant,73,76,4200000,"LW,ST,LM",ST,England,https://cdn.sofifa.net/players/225/668/23_60.png,24,182,70,1822,391,West Bromwich Albion,27000,8300000,ST,2026,18,2020,-,Right,3,3,1,-,https://cdn.sofifa.net/flags/gb-eng.png,-,-,Medium,Medium,86,73,62,72,33,65,66,74,62,66,65,73,63,63,43,72,85,87,73,71,63,75,72,76,71,72,35,29,74,67,75,63,40,23,24,11,10,13,15,14,75,73,73,73,73,73,73,73,64,73,58,51,58,55,47,55,21,K. Grant,73,76,4200000,24,1822,ST,England,Forward,Rotation 70-77,Forward / Rotation 70-77
J. Barroso,Julio Alberto Barroso,73,73,550000,CB,CB,Argentina,https://cdn.sofifa.net/players/158/956/23_60.png,37,175,71,1839,389,CD Everton de Viña del Mar,3000,743000,CB,2022,5,2021,-,Right,3,2,1,-,https://cdn.sofifa.net/flags/ar.png,-,-,Medium,Medium,64,56,57,61,75,76,48,56,72,64,47,54,32,54,63,65,65,63,66,73,72,63,92,76,81,51,57,74,50,58,66,72,77,74,72,11,16,8,9,10,64,59,60,60,60,59,62,62,65,62,69,72,69,71,73,71,20,J. Barroso,73,73,550000,37,1839,CB,Argentina,Defender,Rotation 70-77,Defender / Rotation 70-77
G. Clichy,Gaël Clichy,73,73,675000,LB,LB,France,https://cdn.sofifa.net/players/152/554/23_60.png,36,176,65,1845,391,Servette FC,10000,979000,LB,2023,3,2020,-,Left,4,3,3,-,https://cdn.sofifa.net/flags/fr.png,-,-,Medium,High,72,43,68,73,71,64,73,34,64,74,59,74,63,38,72,72,72,72,76,66,74,52,70,73,63,43,54,74,68,59,45,73,72,72,70,10,11,9,11,6,63,66,64,64,64,66,69,72,71,72,73,73,73,73,72,73,19,G. Clichy,73,73,675000,36,1845,LB,France,Defender,Rotation 70-77,Defender / Rotation 70-77
C. O'Hare,Callum O'Hare,73,80,6000000,"CAM,RW",RM,England,https://cdn.sofifa.net/players/238/058/23_60.png,24,173,65,1968,414,Coventry City,17000,12600000,SUB,2024,10,2020,-,Right,3,3,1,-,https://cdn.sofifa.net/flags/gb-eng.png,-,-,High,High,81,58,69,77,63,66,62,59,51,73,55,78,63,52,71,73,84,79,83,73,87,54,81,90,47,56,79,64,74,72,58,69,64,67,61,11,7,11,14,15,67,72,71,71,71,72,75,76,74,76,73,72,73,71,66,71,20,C. O'Hare,73,80,6000000,24,1968,RM,England,Midfield,Rotation 70-77,Midfield / Rotation 70-77
P. Goltz,Paolo Goltz,73,73,550000,CB,CB,Argentina,https://cdn.sofifa.net/players/214/763/23_60.png,37,184,82,1868,382,Club Atlético Colón,8000,825000,CB,2022,6,2021,-,Right,3,2,1,-,https://cdn.sofifa.net/flags/ar.png,-,-,Low,Medium,54,55,65,58,72,78,57,48,77,70,52,56,70,67,70,60,53,55,54,72,52,70,76,68,80,58,86,73,46,61,66,72,72,71,72,13,14,7,15,7,62,57,59,59,59,57,62,61,66,61,68,73,68,69,73,69,21,P. Goltz,73,73,550000,37,1868,CB,Argentina,Defender,Rotation 70-77,Defender / Rotation 70-77
H. Choudhury,Hamza Choudhury,73,76,3800000,"CDM,CM",CB,England,https://cdn.sofifa.net/players/228/332/23_60.png,24,178,64,1817,383,Watford,42000,0,CM,2023,4,2015,TRUE,Right,3,2,1,-,https://cdn.sofifa.net/flags/gb-eng.png,-,-,Medium,High,63,45,62,66,74,73,43,37,64,75,49,63,50,54,66,68,65,62,74,64,71,67,69,66,70,40,88,76,53,59,45,64,75,74,78,9,14,8,10,11,60,59,60,60,60,59,64,63,67,63,70,74,70,71,75,71,19,H. Choudhury,73,76,3800000,24,1817,CB,England,Defender,Rotation 70-77,Defender / Rotation 70-77
Óscar Plano,Óscar Plano Pedreño,73,73,2500000,"RM,LM,CF",RM,Spain,https://cdn.sofifa.net/players/208/621/23_60.png,31,180,75,1989,425,Real Valladolid CF,18000,5300000,SUB,2023,10,2017,-,Left,4,3,1,-,https://cdn.sofifa.net/flags/es.png,-,-,High,High,85,69,70,72,56,73,71,68,68,69,59,70,80,64,63,72,82,87,83,67,75,78,63,79,72,65,70,60,72,73,66,69,51,58,45,8,14,16,8,13,73,72,72,72,72,72,73,73,71,73,68,66,68,67,64,67,19,Óscar Plano,73,73,2500000,31,1989,RM,Spain,Midfield,Rotation 70-77,Midfield / Rotation 70-77
Rubén Sobrino,Rubén Sobrino Pozuelo,73,73,3000000,"ST,RM,LM",ST,Spain,https://cdn.sofifa.net/players/208/622/23_60.png,30,185,73,1811,388,Cádiz CF,25000,6300000,SUB,2024,7,2021,-,Right,4,3,1,-,https://cdn.sofifa.net/flags/es.png,-,-,High,Medium,77,73,63,74,37,64,59,73,75,70,72,77,69,57,50,75,74,79,72,68,61,75,66,54,67,73,68,32,71,62,66,65,40,31,21,13,8,11,7,15,73,72,72,72,72,72,73,71,65,71,55,54,55,53,52,53,19,Rubén Sobrino,73,73,3000000,30,1811,ST,Spain,Forward,Rotation 70-77,Forward / Rotation 70-77
A. Frías,Adonis Frías,73,79,4400000,CB,CB,Argentina,https://cdn.sofifa.net/players/251/886/23_60.png,24,180,77,1744,380,Defensa y Justicia,10000,7500000,CB,2023,2,2016,-,Right,3,2,1,-,https://cdn.sofifa.net/flags/ar.png,-,-,High,High,69,37,59,66,73,76,36,35,70,74,30,64,36,40,67,66,66,72,68,71,62,47,74,73,76,27,79,75,46,59,53,74,72,73,74,10,12,12,12,13,58,58,58,58,58,58,63,63,67,63,70,74,70,71,75,71,20,A. Frías,73,79,4400000,24,1744,CB,Argentina,Defender,Rotation 70-77,Defender / Rotation 70-77
T. Mangani,Thomas Mangani,73,73,850000,"CDM,CM",CDM,France,https://cdn.sofifa.net/players/178/160/23_60.png,35,183,79,1970,395,AC Ajaccio,10000,1700000,CDM,2024,23,2022,-,Left,3,3,2,-,https://cdn.sofifa.net/flags/fr.png,-,-,Medium,Medium,40,69,76,69,68,73,67,63,66,81,64,67,74,78,75,73,44,37,63,71,57,77,67,75,74,73,70,70,63,75,83,75,70,66,65,13,12,9,13,15,68,66,67,67,67,66,72,69,73,69,70,73,70,68,71,68,21,T. Mangani,73,73,850000,35,1970,CDM,France,Midfield,Rotation 70-77,Midfield / Rotation 70-77
E. Insua,Emiliano Insua,73,73,1500000,"CB,LWB",CB,Argentina,https://cdn.sofifa.net/players/179/696/23_60.png,33,180,79,1957,408,Racing Club,14000,2300000,CB,2023,48,2022,-,Left,2,3,2,-,https://cdn.sofifa.net/flags/ar.png,-,-,Medium,Medium,65,59,66,68,72,78,68,47,69,71,61,68,59,63,68,70,62,68,62,71,70,75,76,74,79,69,82,77,62,55,64,68,70,72,71,11,10,9,8,16,67,65,65,65,65,65,67,68,70,68,73,73,73,73,73,73,20,E. Insua,73,73,1500000,33,1957,CB,Argentina,Defender,Rotation 70-77,Defender / Rotation 70-77
S. Kittel,Sonny Kittel,73,73,3000000,"CAM,LW,CM",CAM,Germany,https://cdn.sofifa.net/players/199/912/23_60.png,29,179,76,1812,381,Hamburger SV,13000,4800000,CM,2023,10,2019,-,Right,5,4,1,-,https://cdn.sofifa.net/flags/de.png,-,-,High,Low,76,70,74,75,32,54,74,68,43,73,64,74,76,75,73,74,78,74,85,67,82,76,34,71,53,73,39,37,66,75,64,64,38,24,20,11,14,7,16,14,69,73,71,71,71,73,73,73,70,73,58,55,58,54,43,54,21,S. Kittel,73,73,3000000,29,1812,CAM,Germany,Midfield,Rotation 70-77,Midfield / Rotation 70-77
A. Nordin,Arnaud Nordin,73,78,4600000,"RM,ST,LM",CAM,France,https://cdn.sofifa.net/players/236/518/23_60.png,24,170,69,1793,389,Montpellier Hérault SC,17000,9100000,RM,2025,7,2022,-,Left,4,3,1,-,https://cdn.sofifa.net/flags/fr.png,-,-,Medium,Medium,83,69,68,75,37,57,65,70,67,71,52,76,67,50,67,75,83,83,74,68,80,74,64,62,64,69,31,34,71,70,55,66,37,32,26,14,6,13,10,13,74,73,73,73,73,73,75,74,69,74,58,55,58,55,48,55,19,A. Nordin,73,78,4600000,24,1793,CAM,France,Midfield,Rotation 70-77,Midfield / Rotation 70-77
L. Diony,Loïs Diony,73,73,3000000,"ST,LM",ST,France,https://cdn.sofifa.net/players/212/350/23_60.png,29,183,82,1759,377,Angers SCO,21000,6000000,ST,2023,9,2020,-,Right,3,3,2,-,https://cdn.sofifa.net/flags/fr.png,-,-,Medium,Medium,71,74,63,71,25,73,67,75,70,68,66,72,57,48,49,72,69,72,63,69,72,77,72,66,78,71,68,21,75,67,68,70,18,23,15,7,6,8,14,16,73,71,72,72,72,71,72,71,64,71,52,50,52,49,46,49,19,L. Diony,73,73,3000000,29,1759,ST,France,Forward,Rotation 70-77,Forward / Rotation 70-77
L. Badé,Loïc Badé,73,81,6500000,CB,CB,France,https://cdn.sofifa.net/players/255/106/23_60.png,22,191,89,1576,356,Nottingham Forest,26000,0,RES,2023,28,2021,TRUE,Right,3,2,1,-,https://cdn.sofifa.net/flags/fr.png,-,-,Medium,High,57,33,54,62,73,77,31,25,72,70,24,58,35,23,59,71,54,59,52,65,41,59,75,67,84,25,71,72,33,57,33,73,72,77,71,7,6,14,7,7,54,52,54,54,54,52,58,57,63,57,66,72,66,68,75,68,16,L. Badé,73,81,6500000,22,1576,CB,France,Defender,Rotation 70-77,Defender / Rotation 70-77
Manu Morlanes,Manuel Morlanes Ariño,73,80,5500000,"CDM,CM",CM,Spain,https://cdn.sofifa.net/players/241/856/23_60.png,23,178,75,1972,415,Villarreal CF,19000,12700000,SUB,2026,20,2017,-,Right,3,3,1,-,https://cdn.sofifa.net/flags/es.png,-,-,Medium,Medium,68,64,74,73,69,67,67,64,55,78,60,72,68,70,76,74,72,65,72,73,73,66,64,72,65,65,66,70,60,75,68,73,72,69,68,5,9,14,11,14,68,70,69,69,69,70,74,73,75,73,73,74,73,72,70,72,19,Manu Morlanes,73,80,5500000,23,1972,CM,Spain,Midfield,Rotation 70-77,Midfield / Rotation 70-77
I. Jones,Isaiah Jones,73,78,4300000,RWB,RWB,England,https://cdn.sofifa.net/players/253/055/23_60.png,23,176,71,1810,400,Middlesbrough,18000,8500000,RWB,2025,2,2019,-,Right,4,3,1,-,https://cdn.sofifa.net/flags/gb-eng.png,-,-,High,Medium,85,55,65,73,64,58,72,55,49,69,48,75,50,41,59,72,84,86,75,70,77,59,56,79,55,50,41,60,61,64,54,60,66,69,63,13,12,8,8,10,65,70,67,67,67,70,70,73,69,73,73,67,73,71,64,71,19,I. Jones,73,78,4300000,23,1810,RWB,England,Defender,Rotation 70-77,Defender / Rotation 70-77
Aderllan Santos,Aderllan de Jesus Santos,73,73,1500000,CB,CB,Brazil,https://cdn.sofifa.net/players/213/374/23_60.png,33,193,86,1701,366,Rio Ave FC,8000,3200000,CB,2025,33,2019,-,Right,2,2,1,-,https://cdn.sofifa.net/flags/br.png,-,-,Medium,Medium,61,52,49,52,74,78,42,38,74,61,46,50,44,61,51,54,55,66,49,74,31,77,58,73,81,63,81,74,27,34,60,72,77,71,73,10,13,13,8,12,58,50,52,52,52,50,52,53,57,53,67,69,67,69,73,69,20,Aderllan Santos,73,73,1500000,33,1701,CB,Brazil,Defender,Rotation 70-77,Defender / Rotation 70-77
Corpas,José Corpas Serna,73,73,2900000,RM,RM,Spain,https://cdn.sofifa.net/players/244/197/23_60.png,30,178,72,1805,395,SD Eibar,9000,4600000,RM,2024,17,2021,-,Right,3,3,1,-,https://cdn.sofifa.net/flags/es.png,-,-,Medium,Medium,90,67,69,73,36,60,73,71,46,71,50,73,65,69,67,74,89,90,88,62,68,68,59,71,60,60,47,21,63,64,70,62,50,29,34,15,14,6,7,11,69,73,70,70,70,73,72,73,66,73,60,55,60,56,47,56,19,Corpas,73,73,2900000,30,1805,RM,Spain,Midfield,Rotation 70-77,Midfield / Rotation 70-77
C. Burgess,Christian Burgess,73,73,2500000,CB,CB,England,https://cdn.sofifa.net/players/210/044/23_60.png,30,196,84,1513,334,Royale Union Saint-Gilloise,13000,3800000,CB,2024,16,2020,-,Right,3,2,1,-,https://cdn.sofifa.net/flags/gb-eng.png,-,-,Low,Medium,44,34,52,50,75,79,30,36,79,68,29,43,26,25,71,58,43,45,37,67,54,46,62,72,86,21,73,73,25,46,34,76,80,73,68,6,13,9,6,9,51,45,47,47,47,45,51,51,60,51,63,72,63,66,73,66,17,C. Burgess,73,73,2500000,30,1513,CB,England,Defender,Rotation 70-77,Defender / Rotation 70-77
L. Höler,Lucas Höler,73,73,3300000,"ST,CF",ST,Germany,https://cdn.sofifa.net/players/234/875/23_60.png,27,184,83,1805,387,Sport-Club Freiburg,24000,5600000,SUB,2024,9,2018,-,Right,2,2,1,-,https://cdn.sofifa.net/flags/de.png,-,-,Medium,High,71,73,51,62,51,79,45,77,77,59,69,61,50,39,43,59,67,75,65,78,64,78,80,83,80,64,72,41,79,54,57,59,49,54,39,8,7,12,10,10,73,65,68,68,68,65,66,65,62,65,59,58,59,59,61,59,19,L. Höler,73,73,3300000,27,1805,ST,Germany,Forward,Rotation 70-77,Forward / Rotation 70-77
R. Yates,Ryan Yates,73,79,4400000,"CDM,CM",CB,England,https://cdn.sofifa.net/players/235/642/23_60.png,24,190,77,1845,403,Nottingham Forest,35000,9200000,CM,2023,22,2016,-,Right,3,2,1,-,https://cdn.sofifa.net/flags/gb-eng.png,-,-,High,High,65,59,60,64,71,84,47,60,75,70,50,62,43,34,68,68,62,68,65,66,55,61,84,90,80,56,86,72,58,60,55,62,69,71,69,10,8,6,6,11,66,62,63,63,63,62,66,66,69,66,70,74,70,71,75,71,17,R. Yates,73,79,4400000,24,1845,CB,England,Defender,Rotation 70-77,Defender / Rotation 70-77
J. Toljan,Jeremy Toljan,73,73,2900000,RB,RB,Germany,https://cdn.sofifa.net/players/214/622/23_60.png,27,182,74,1788,393,U.S. Sassuolo Calcio,23000,4900000,RB,2025,22,2021,-,Right,4,3,2,-,https://cdn.sofifa.net/flags/de.png,-,-,Medium,Medium,86,42,63,69,66,67,75,39,49,70,41,68,61,32,63,71,85,86,73,67,70,49,80,71,65,38,62,68,56,48,39,58,63,72,71,10,13,10,11,12,60,65,61,61,61,65,64,69,65,69,73,69,73,73,69,73,20,J. Toljan,73,73,2900000,27,1788,RB,Germany,Defender,Rotation 70-77,Defender / Rotation 70-77
J. Stacey,Jack Stacey,73,75,3500000,"RB,RWB",RB,England,https://cdn.sofifa.net/players/221/282/23_60.png,26,178,62,1873,404,AFC Bournemouth,33000,7300000,SUB,2023,17,2019,-,Right,3,3,1,-,https://cdn.sofifa.net/flags/gb-eng.png,-,-,High,Medium,73,55,66,70,69,71,72,51,64,69,45,71,62,40,61,70,74,73,73,68,70,62,69,78,70,56,65,69,67,65,47,65,67,71,70,6,11,11,13,13,66,68,66,66,66,68,69,71,69,71,73,71,73,73,71,73,19,J. Stacey,73,75,3500000,26,1873,RB,England,Defender,Rotation 70-77,Defender / Rotation 70-77
Lúcio Anselmão,Lúcio Anselmo Calegario Pitta,73,73,2900000,"CM,LB",CM,Brazil,https://cdn.sofifa.net/players/230/242/23_60.png,30,169,69,1953,421,São Paulo,28000,5500000,CM,2025,10,2022,-,Left,3,2,1,-,https://cdn.sofifa.net/flags/br.png,-,-,Medium,Medium,75,65,69,70,66,76,62,59,25,77,64,70,62,52,72,71,73,77,71,74,61,72,58,92,69,70,77,72,66,68,65,67,72,70,68,9,15,11,13,16,66,69,69,69,69,69,73,73,73,73,73,73,73,73,69,73,22,Lúcio Anselmão,73,73,2900000,30,1953,CM,Brazil,Midfield,Rotation 70-77,Midfield / Rotation 70-77
A. Arregui,Adrián Arregui,73,73,3000000,"CM,CDM",CDM,Argentina,https://cdn.sofifa.net/players/226/405/23_60.png,29,175,74,2066,432,Independiente Medellín,3000,4200000,CDM,2023,8,2020,-,Right,3,2,1,-,https://cdn.sofifa.net/flags/ar.png,-,-,Medium,High,72,67,72,71,71,79,62,60,72,80,67,69,65,65,72,73,73,71,73,74,72,78,90,73,80,70,80,70,71,72,60,70,71,73,67,9,16,7,16,15,73,70,71,71,71,70,73,73,73,73,73,73,73,73,73,73,22,A. Arregui,73,73,3000000,29,2066,CDM,Argentina,Midfield,Rotation 70-77,Midfield / Rotation 70-77
T. Guidara,Tomás Guidara,73,76,3700000,"RB,RWB",RWB,Argentina,https://cdn.sofifa.net/players/237/122/23_60.png,26,173,70,1774,396,Vélez Sarsfield,12000,5800000,RB,2024,24,2019,-,Right,2,3,1,-,https://cdn.sofifa.net/flags/ar.png,-,-,High,High,81,41,63,67,67,77,65,33,50,73,37,67,64,35,57,66,80,82,78,65,53,57,55,90,70,39,83,70,55,53,41,57,64,72,69,5,14,8,15,9,59,63,60,60,60,63,64,68,66,68,74,71,74,73,70,73,19,T. Guidara,73,76,3700000,26,1774,RWB,Argentina,Defender,Rotation 70-77,Defender / Rotation 70-77
Sergio León,Sergio León Limones,73,73,1900000,ST,ST,Spain,https://cdn.sofifa.net/players/198/715/23_60.png,33,178,73,1891,399,Real Valladolid CF,20000,4000000,SUB,2024,7,2021,-,Right,4,3,2,-,https://cdn.sofifa.net/flags/es.png,-,-,High,Medium,76,74,67,74,38,70,61,74,71,71,74,74,74,64,57,73,77,75,78,71,72,75,77,70,71,72,65,35,75,70,72,76,41,33,21,6,8,11,13,10,73,72,73,73,73,72,73,73,68,73,58,57,58,55,53,55,18,Sergio León,73,73,1900000,33,1891,ST,Spain,Forward,Rotation 70-77,Forward / Rotation 70-77
Gustavo Henrique,Gustavo H. Vernes,73,74,2800000,CB,CB,Brazil,https://cdn.sofifa.net/players/209/724/23_60.png,29,196,89,1577,346,Fenerbahçe SK,43000,5500000,CB,2023,2,2022,-,Right,3,2,1,-,https://cdn.sofifa.net/flags/br.png,-,-,Low,Medium,54,34,49,57,73,79,32,33,78,64,31,55,31,33,59,62,53,54,53,68,41,48,72,66,86,21,79,72,31,43,49,67,75,70,71,13,7,6,10,11,54,49,50,50,50,49,53,54,59,54,64,70,64,66,74,66,18,Gustavo Henrique,73,74,2800000,29,1577,CB,Brazil,Defender,Rotation 70-77,Defender / Rotation 70-77
Thio Rolim,Thiago Marcos Rolim Nascimento,73,73,3300000,"LW,LM",LW,Brazil,https://cdn.sofifa.net/players/230/462/23_60.png,26,169,67,1788,381,Cuiabá,16000,6300000,LW,2025,10,2022,-,Left,2,2,1,-,https://cdn.sofifa.net/flags/br.png,-,-,Medium,Medium,79,69,69,73,39,52,77,70,55,69,61,76,53,54,61,71,77,80,73,68,80,74,59,56,53,60,42,34,79,73,64,57,33,42,43,11,10,12,10,8,72,73,72,72,72,73,73,73,68,73,60,55,60,58,49,58,18,Thio Rolim,73,73,3300000,26,1788,LW,Brazil,Forward,Rotation 70-77,Forward / Rotation 70-77
Iván Sánchez,Iván Sánchez Aguayo,73,73,3000000,"RM,CM,CAM",LW,Spain,https://cdn.sofifa.net/players/204/863/23_60.png,29,171,64,1820,377,Real Valladolid CF,19000,6300000,SUB,2024,21,2022,-,Left,3,3,1,-,https://cdn.sofifa.net/flags/es.png,-,-,High,Medium,75,69,71,78,39,45,70,72,40,75,47,77,74,67,63,77,77,73,89,66,87,68,80,60,30,68,55,40,68,73,65,74,55,25,28,14,8,12,9,8,68,73,72,72,72,73,73,73,69,73,60,57,60,55,47,55,18,Iván Sánchez,73,73,3000000,29,1820,LW,Spain,Forward,Rotation 70-77,Forward / Rotation 70-77
Jason,David Jason Remeseiro Salgueiro,73,73,3200000,RM,RM,Spain,https://cdn.sofifa.net/players/215/616/23_60.png,27,178,65,1905,396,Deportivo Alavés,11000,5100000,SUB,2025,10,2022,-,Right,4,3,1,-,https://cdn.sofifa.net/flags/es.png,-,-,High,Medium,70,71,71,72,49,63,72,71,62,73,70,73,70,69,67,72,71,70,68,75,67,75,70,63,62,69,63,54,73,71,68,69,43,50,40,9,9,11,11,14,73,72,72,72,72,72,73,73,71,73,64,63,64,62,58,62,20,Jason,73,73,3200000,27,1905,RM,Spain,Midfield,Rotation 70-77,Midfield / Rotation 70-77
C. Hérelle,Christophe Hérelle,73,73,2500000,CB,CB,France,https://cdn.sofifa.net/players/208/449/23_60.png,29,188,79,1761,373,Stade Brestois 29,18000,5000000,SUB,2024,23,2020,-,Right,2,2,1,-,https://cdn.sofifa.net/flags/fr.png,-,-,Low,Medium,56,48,61,61,73,74,57,47,75,72,35,58,49,42,69,65,48,63,56,69,60,59,77,67,76,44,76,74,50,45,47,69,71,74,72,15,10,14,12,13,61,57,58,58,58,57,60,62,65,62,69,72,69,70,73,70,21,C. Hérelle,73,73,2500000,29,1761,CB,France,Defender,Rotation 70-77,Defender / Rotation 70-77
Hugo Goiteira,Hugo Goiteira Regalo,73,73,2500000,CB,CB,Brazil,https://cdn.sofifa.net/players/230/209/23_60.png,30,190,88,1648,349,Ceará Sporting Club,11000,4800000,CB,2025,3,2022,-,Right,2,2,1,-,https://cdn.sofifa.net/flags/br.png,-,-,Medium,Medium,41,48,55,51,74,80,41,41,76,66,54,50,53,40,70,55,41,41,34,64,35,72,65,63,87,41,87,72,32,43,48,64,77,74,66,7,16,12,11,14,56,47,50,50,50,47,52,52,60,52,63,71,63,64,73,64,20,Hugo Goiteira,73,73,2500000,30,1648,CB,Brazil,Defender,Rotation 70-77,Defender / Rotation 70-77
Caio Chissano,Caio Welson Chissano Dourado,73,73,1100000,"LB,LM",LB,Brazil,https://cdn.sofifa.net/players/230/246/23_60.png,34,173,74,1748,382,São Paulo,26000,2100000,SUB,2025,24,2022,-,Left,3,2,1,-,https://cdn.sofifa.net/flags/br.png,-,-,High,High,75,39,65,70,71,62,70,43,55,71,34,71,43,39,66,68,77,73,71,71,75,37,67,68,63,29,53,72,54,60,47,55,72,74,73,12,11,6,15,8,58,64,61,61,61,64,66,69,67,69,73,71,73,73,70,73,20,Caio Chissano,73,73,1100000,34,1748,LB,Brazil,Defender,Rotation 70-77,Defender / Rotation 70-77
Francés,Alejandro Francés Torrijo,73,82,6000000,CB,CB,Spain,https://cdn.sofifa.net/players/254/310/23_60.png,19,180,70,1776,383,Real Zaragoza,5000,10800000,CB,2025,6,2019,-,Right,4,2,1,-,https://cdn.sofifa.net/flags/es.png,-,-,Medium,High,74,35,64,62,74,74,67,28,72,70,27,58,47,42,66,62,76,72,69,73,71,47,77,73,74,32,74,76,51,58,48,65,74,73,71,14,12,9,6,7,57,59,57,57,57,59,61,65,65,65,73,73,73,74,75,74,19,Francés,73,82,6000000,19,1776,CB,Spain,Defender,Rotation 70-77,Defender / Rotation 70-77
J. Cuevas,Juan Ezequiel Cuevas,73,73,1400000,"RW,LW",RW,Argentina,https://cdn.sofifa.net/players/199/940/23_60.png,34,161,66,1959,409,CD Everton de Viña del Mar,5000,1900000,RES,2022,10,2017,-,Left,4,4,1,-,https://cdn.sofifa.net/flags/ar.png,-,-,High,Medium,80,65,72,76,48,68,70,63,62,76,60,77,69,72,64,74,81,80,80,67,91,64,75,72,66,67,64,41,72,74,68,71,44,52,49,15,13,8,13,16,71,73,72,72,72,73,73,73,71,73,65,63,65,63,58,63,22,J. Cuevas,73,73,1400000,34,1959,RW,Argentina,Forward,Rotation 70-77,Forward / Rotation 70-77
G. Escobar,Gonzalo Escobar,73,76,3700000,"LB,LWB",LWB,Argentina,https://cdn.sofifa.net/players/234/100/23_60.png,25,171,70,1893,410,UD Ibiza,7000,6000000,SUB,2023,24,2021,-,Left,2,3,1,-,https://cdn.sofifa.net/flags/ar.png,-,-,Medium,Medium,82,49,65,69,68,77,66,36,48,69,46,70,52,37,67,67,81,82,72,66,81,64,76,88,71,57,79,72,70,64,47,64,67,73,70,7,14,15,10,9,63,66,65,65,65,66,68,71,70,71,74,73,74,73,71,73,18,G. Escobar,73,76,3700000,25,1893,LWB,Argentina,Defender,Rotation 70-77,Defender / Rotation 70-77
D. Heintz,Dominique Heintz,73,74,2900000,CB,CB,Germany,https://cdn.sofifa.net/players/206/198/23_60.png,28,188,89,1674,359,VfL Bochum 1848,23000,0,CB,2023,30,2022,TRUE,Left,3,2,2,-,https://cdn.sofifa.net/flags/de.png,-,-,Medium,Medium,54,37,59,58,73,78,47,23,73,66,26,58,55,32,65,62,52,55,43,71,48,49,63,66,86,56,77,72,45,61,41,68,72,75,75,14,15,7,9,15,55,54,55,55,55,54,59,58,65,58,67,72,67,69,74,69,21,D. Heintz,73,74,2900000,28,1674,CB,Germany,Defender,Rotation 70-77,Defender / Rotation 70-77
A. Forshaw,Adam Forshaw,73,73,2500000,"CDM,CM",CDM,England,https://cdn.sofifa.net/players/193/910/23_60.png,30,174,71,1923,405,Leeds United,28000,4800000,SUB,2023,4,2018,-,Right,3,3,1,-,https://cdn.sofifa.net/flags/gb-eng.png,-,-,Medium,High,61,61,73,74,66,70,64,59,47,79,57,73,67,63,76,75,65,58,72,71,79,66,43,85,64,63,73,65,61,73,62,78,68,72,65,10,7,12,13,16,66,68,68,68,68,68,73,72,73,72,72,73,72,70,68,70,20,A. Forshaw,73,73,2500000,30,1923,CDM,England,Midfield,Rotation 70-77,Midfield / Rotation 70-77
José Pozo,José Ángel Pozo la Rosa,73,76,4000000,"CAM,CM,LM",CAM,Spain,https://cdn.sofifa.net/players/218/746/23_60.png,26,171,67,1920,411,Rayo Vallecano,16000,8700000,SUB,2024,22,2018,-,Right,4,3,1,-,https://cdn.sofifa.net/flags/es.png,-,-,Medium,Medium,74,72,71,75,61,58,65,75,57,75,69,74,65,64,74,75,77,71,79,67,82,68,54,69,60,73,42,56,72,69,66,72,61,68,55,8,7,8,8,7,72,73,72,72,72,73,75,74,73,74,68,68,68,67,63,67,16,José Pozo,73,76,4000000,26,1920,CAM,Spain,Midfield,Rotation 70-77,Midfield / Rotation 70-77
Mardial Cunha,Mardial Sidney Cunha Sousa,73,73,3100000,CB,CB,Brazil,https://cdn.sofifa.net/players/233/984/23_60.png,22,183,77,1724,371,Fortaleza,9000,5900000,CB,2025,7,2022,-,Right,3,2,1,-,https://cdn.sofifa.net/flags/br.png,-,-,Medium,Medium,74,41,60,53,77,66,59,35,74,67,40,40,58,49,65,63,77,72,68,70,41,54,72,54,76,44,53,72,33,46,45,70,79,78,79,19,10,11,11,10,56,54,53,53,53,54,56,58,60,58,70,70,70,73,73,73,21,Mardial Cunha,73,73,3100000,22,1724,CB,Brazil,Defender,Rotation 70-77,Defender / Rotation 70-77
R. Healey,Rhys Healey,73,74,3600000,ST,ST,England,https://cdn.sofifa.net/players/212/994/23_60.png,27,180,72,1788,375,Toulouse Football Club,17000,7500000,RES,2023,9,2020,-,Right,3,3,1,-,https://cdn.sofifa.net/flags/gb-eng.png,-,-,High,High,76,75,61,71,30,62,58,79,74,72,72,69,67,65,49,73,79,73,79,65,74,75,74,77,65,69,33,15,74,52,72,72,31,27,24,6,9,15,13,9,74,70,71,71,71,70,71,71,63,71,54,49,54,51,45,51,18,R. Healey,73,74,3600000,27,1788,ST,England,Forward,Rotation 70-77,Forward / Rotation 70-77
Eric Botteghin,Eric Fernando Botteghin,73,73,1000000,CB,CB,Brazil,https://cdn.sofifa.net/players/203/888/23_60.png,34,193,89,1490,316,Ascoli,5000,1600000,CB,2023,33,2021,-,Right,2,2,2,-,https://cdn.sofifa.net/flags/br.png,-,-,Low,High,30,35,47,50,73,81,30,25,78,65,22,48,25,23,60,56,30,30,32,66,33,59,82,64,90,40,79,67,23,32,42,67,76,75,69,15,12,13,14,15,50,42,44,44,44,42,47,47,56,47,60,69,60,62,73,62,22,Eric Botteghin,73,73,1000000,34,1490,CB,Brazil,Defender,Rotation 70-77,Defender / Rotation 70-77
J. Bogle,Jayden Bogle,73,81,6500000,"RWB,RB",RWB,England,https://cdn.sofifa.net/players/244/591/23_60.png,21,178,69,1868,411,Sheffield United,15000,13700000,RES,2024,20,2020,-,Right,3,3,1,-,https://cdn.sofifa.net/flags/gb-eng.png,-,-,High,Medium,81,55,67,73,68,67,72,55,55,70,34,73,60,38,65,72,81,81,76,66,73,61,71,72,65,51,67,69,74,66,44,71,67,72,69,15,10,11,7,6,67,70,68,68,68,70,71,73,70,73,73,71,73,73,70,73,18,J. Bogle,73,81,6500000,21,1868,RWB,England,Defender,Rotation 70-77,Defender / Rotation 70-77
Lucas Souza,Lucas Vieira de Souza,73,73,2000000,"CDM,CM",CDM,Brazil,https://cdn.sofifa.net/players/213/097/23_60.png,32,186,80,1910,408,Al Khaleej,11000,3300000,CM,2024,8,2022,-,Right,2,3,1,-,https://cdn.sofifa.net/flags/br.png,-,-,Medium,Medium,56,70,63,67,72,80,55,73,69,70,60,67,70,46,68,72,59,54,60,70,58,72,56,80,82,71,83,76,69,57,48,64,65,76,73,10,10,13,8,10,72,66,68,68,68,66,69,68,71,68,71,73,71,71,73,71,18,Lucas Souza,73,73,2000000,32,1910,CDM,Brazil,Midfield,Rotation 70-77,Midfield / Rotation 70-77
Carlitos,Carlos Daniel López Huesca,73,73,2500000,"ST,CAM",ST,Spain,https://cdn.sofifa.net/players/239/212/23_60.png,32,177,71,1878,394,Legia Warszawa,10000,3400000,ST,2024,19,2022,-,Right,2,4,1,-,https://cdn.sofifa.net/flags/es.png,-,-,High,Medium,79,74,68,76,27,70,63,74,62,69,71,74,74,73,63,74,81,77,82,73,85,74,71,71,68,74,71,37,74,70,68,80,24,13,19,5,12,13,9,10,73,73,73,73,73,73,73,73,68,73,55,54,55,52,46,52,18,Carlitos,73,73,2500000,32,1878,ST,Spain,Forward,Rotation 70-77,Forward / Rotation 70-77
Paulson Junqueira,Paulson Otávio Junqueira Gonçalves,73,73,3000000,LB,LB,Brazil,https://cdn.sofifa.net/players/230/254/23_60.png,26,177,76,1879,394,Sport Club Corinthians Paulista,21000,5700000,SUB,2025,19,2022,-,Left,3,2,1,-,https://cdn.sofifa.net/flags/br.png,-,-,Medium,Medium,77,48,61,69,69,70,68,40,58,65,40,66,65,45,66,69,84,72,79,77,75,64,82,75,64,51,77,71,48,46,55,69,68,73,71,11,14,11,14,15,61,63,61,61,61,63,63,67,65,67,73,71,73,73,72,73,22,Paulson Junqueira,73,73,3000000,26,1879,LB,Brazil,Defender,Rotation 70-77,Defender / Rotation 70-77
Nildo Reisão,Nildo Enaldo Reisão Dinis,73,73,2900000,"CDM,CB",CDM,Brazil,https://cdn.sofifa.net/players/236/142/23_60.png,26,191,90,1642,358,Clube Atlético Mineiro,24000,5200000,SUB,2025,16,2022,-,Right,3,2,1,-,https://cdn.sofifa.net/flags/br.png,-,-,Medium,Medium,52,41,61,47,73,84,57,32,51,71,22,42,23,50,70,53,48,56,44,70,36,55,57,87,86,45,83,74,46,52,55,57,78,74,76,16,9,8,9,7,53,51,51,51,51,51,55,57,64,57,70,73,70,71,73,71,19,Nildo Reisão,73,73,2900000,26,1642,CDM,Brazil,Midfield,Rotation 70-77,Midfield / Rotation 70-77
Mingueza,Óscar Mingueza García,73,81,6500000,"CB,RB",CB,Spain,https://cdn.sofifa.net/players/259/694/23_60.png,23,184,75,1788,388,RC Celta de Vigo,14000,15000000,SUB,2026,3,2022,-,Right,3,2,1,-,https://cdn.sofifa.net/flags/es.png,-,-,Medium,Medium,76,35,65,64,74,74,64,22,73,77,36,59,42,39,67,69,72,79,69,73,62,61,75,77,73,35,72,75,57,55,32,66,73,74,71,9,10,15,8,13,60,61,60,60,60,61,64,67,68,67,74,74,74,75,75,75,19,Mingueza,73,81,6500000,23,1788,CB,Spain,Defender,Rotation 70-77,Defender / Rotation 70-77
F. Ortega,Francisco Ortega,73,80,6000000,"LB,LWB,LW",LM,Argentina,https://cdn.sofifa.net/players/242/287/23_60.png,23,177,75,1956,429,Vélez Sarsfield,10000,10200000,LB,2024,5,2017,-,Left,3,3,1,-,https://cdn.sofifa.net/flags/ar.png,-,-,High,Medium,88,58,67,76,63,77,74,55,57,69,49,76,67,45,59,73,87,88,83,65,82,69,75,88,71,54,79,64,71,66,48,75,58,67,66,8,7,14,11,11,69,72,70,70,70,72,72,75,70,75,74,70,74,73,68,73,18,F. Ortega,73,80,6000000,23,1956,LM,Argentina,Midfield,Rotation 70-77,Midfield / Rotation 70-77
Fran Vélez,Francisco Vélez Jiménez,73,73,2100000,CB,CB,Spain,https://cdn.sofifa.net/players/199/738/23_60.png,31,182,79,1719,369,Al Fateh,22000,3500000,CB,2024,4,2022,-,Right,3,2,1,-,https://cdn.sofifa.net/flags/es.png,-,-,Medium,Medium,54,37,63,64,71,80,55,28,72,70,17,57,57,31,65,70,55,53,71,68,56,64,76,77,83,37,78,70,40,68,34,73,68,74,73,15,7,8,10,12,56,56,56,56,56,56,61,61,67,61,69,73,69,70,73,70,19,Fran Vélez,73,73,2100000,31,1719,CB,Spain,Defender,Rotation 70-77,Defender / Rotation 70-77
Rafael Ratão,Rafael Rogério da Silva,73,74,3600000,"LW,ST,RW",LW,Brazil,https://cdn.sofifa.net/players/220/581/23_60.png,26,183,82,1911,402,Toulouse Football Club,17000,7500000,RW,2024,21,2021,-,Right,3,4,1,-,https://cdn.sofifa.net/flags/br.png,-,-,Medium,Medium,76,73,66,75,43,69,69,73,62,69,72,76,72,66,52,75,80,72,81,69,79,76,68,76,72,71,52,29,69,68,71,65,40,49,38,14,15,13,7,16,74,73,72,72,72,73,73,73,68,73,61,57,61,59,54,59,21,Rafael Ratão,73,74,3600000,26,1911,LW,Brazil,Forward,Rotation 70-77,Forward / Rotation 70-77
Martín,Martín Aguirregabiria,73,76,3700000,"RB,RM,LB",RB,Spain,https://cdn.sofifa.net/players/241/827/23_60.png,26,178,69,1709,365,Futebol Clube de Famalicão,8000,8000000,SUB,2025,32,2022,-,Right,3,3,1,-,https://cdn.sofifa.net/flags/es.png,-,-,High,Medium,63,35,63,68,72,64,76,28,70,71,26,66,60,40,50,72,67,59,68,69,65,47,56,71,61,35,65,70,62,51,38,61,70,75,74,13,9,9,7,9,58,62,59,59,59,62,62,66,65,66,73,70,73,73,71,73,18,Martín,73,76,3700000,26,1709,RB,Spain,Defender,Rotation 70-77,Defender / Rotation 70-77
O. Hüsing,Oliver Hüsing,73,73,2500000,CB,CB,Germany,https://cdn.sofifa.net/players/222/521/23_60.png,29,193,92,1517,331,DSC Arminia Bielefeld,15000,4000000,CB,2024,6,2022,-,Right,2,2,1,-,https://cdn.sofifa.net/flags/de.png,-,-,Low,High,52,33,46,50,73,77,38,27,76,61,31,45,29,30,37,57,34,66,43,64,42,55,63,58,90,25,74,70,28,45,43,67,75,73,71,16,13,14,13,11,51,45,47,47,47,45,49,49,53,49,63,66,63,65,73,65,21,O. Hüsing,73,73,2500000,29,1517,CB,Germany,Defender,Rotation 70-77,Defender / Rotation 70-77
J. Cooper,Jake Cooper,73,74,3100000,CB,CB,England,https://cdn.sofifa.net/players/216/481/23_60.png,27,199,85,1550,335,Millwall,12000,6100000,CB,2023,5,2017,-,Left,2,2,1,-,https://cdn.sofifa.net/flags/gb-eng.png,-,-,Medium,Medium,52,32,48,52,73,78,27,30,80,60,32,47,27,28,60,60,51,52,43,71,46,42,81,73,84,22,69,72,33,50,41,53,75,70,71,8,10,13,12,10,52,47,49,49,49,47,52,52,59,52,63,69,63,66,74,66,19,J. Cooper,73,74,3100000,27,1550,CB,England,Defender,Rotation 70-77,Defender / Rotation 70-77
Gumbau,Gerard Gumbau Garriga,73,74,3500000,"CM,CDM",CM,Spain,https://cdn.sofifa.net/players/214/944/23_60.png,27,187,77,1909,401,Elche CF,16000,8000000,CM,2023,20,2021,-,Left,3,3,1,-,https://cdn.sofifa.net/flags/es.png,-,-,Medium,Medium,55,67,73,68,72,66,53,64,68,83,49,68,69,66,80,73,55,55,60,68,57,75,65,61,71,73,62,71,62,72,55,65,70,75,70,10,14,14,12,9,69,66,68,68,68,66,72,69,74,69,69,74,69,70,73,70,20,Gumbau,73,74,3500000,27,1909,CM,Spain,Midfield,Rotation 70-77,Midfield / Rotation 70-77
M. Leverbe,Maxime Leverbe,73,76,3600000,CB,CB,France,https://cdn.sofifa.net/players/240/543/23_60.png,25,188,77,1719,374,Benevento,4000,0,CB,2023,33,2021,TRUE,Right,2,2,1,-,https://cdn.sofifa.net/flags/fr.png,-,-,Medium,High,66,42,54,61,74,77,38,41,72,68,39,58,38,38,57,64,66,66,59,67,63,58,76,80,78,26,70,70,34,51,59,66,77,76,71,14,13,14,11,7,57,54,55,55,55,54,58,59,62,59,68,71,68,70,75,70,20,M. Leverbe,73,76,3600000,25,1719,CB,France,Defender,Rotation 70-77,Defender / Rotation 70-77
Stoichkov,Juan Diego Molina Martínez,73,73,3100000,"LM,ST,CAM",CF,Spain,https://cdn.sofifa.net/players/245/157/23_60.png,28,178,71,1898,405,SD Eibar,10000,5000000,ST,2024,19,2021,-,Right,3,4,1,-,https://cdn.sofifa.net/flags/es.png,-,-,High,Medium,73,76,68,74,46,68,62,79,63,71,58,75,66,63,68,74,74,72,76,69,70,76,59,70,71,74,61,30,75,71,79,67,42,54,51,8,9,13,5,10,73,73,73,73,73,73,73,73,71,73,62,61,62,60,57,60,17,Stoichkov,73,73,3100000,28,1898,CF,Spain,Forward,Rotation 70-77,Forward / Rotation 70-77
Nico Melamed,Nicolás Melamed Ribaudo,73,83,7000000,"LM,CAM,RM",CAM,Spain,https://cdn.sofifa.net/players/252/837/23_60.png,21,173,68,1856,391,RCD Espanyol de Barcelona,11000,16100000,SUB,2024,21,2019,-,Right,3,4,1,-,https://cdn.sofifa.net/flags/es.png,-,-,High,Medium,80,66,71,76,42,56,67,67,54,73,63,76,70,66,65,75,81,80,85,68,84,65,59,58,52,64,63,40,68,76,65,72,42,40,38,11,8,10,12,11,70,73,72,72,72,73,75,74,69,74,61,59,61,58,52,58,19,Nico Melamed,73,83,7000000,21,1856,CAM,Spain,Midfield,Rotation 70-77,Midfield / Rotation 70-77
E. Gigliotti,Emmanuel Gigliotti,73,73,1300000,ST,ST,Argentina,https://cdn.sofifa.net/players/200/875/23_60.png,35,187,81,1786,371,Club Nacional de Football,650,2900000,SUB,2022,8,2022,-,Right,3,3,1,-,https://cdn.sofifa.net/flags/ar.png,-,-,High,Medium,49,74,59,68,41,80,51,74,78,66,73,65,57,51,46,75,53,46,61,79,53,80,75,74,87,70,71,35,79,68,63,70,44,35,24,11,9,14,13,6,73,67,71,71,71,67,70,67,66,67,55,57,55,53,56,53,20,E. Gigliotti,73,73,1300000,35,1786,ST,Argentina,Forward,Rotation 70-77,Forward / Rotation 70-77
J. Gressel,Julian Gressel,73,73,3100000,"RM,RWB",RM,Germany,https://cdn.sofifa.net/players/237/223/23_60.png,28,185,84,1936,414,Vancouver Whitecaps FC,8000,4700000,RM,2024,19,2022,-,Right,4,3,1,-,https://cdn.sofifa.net/flags/de.png,-,-,High,Medium,71,63,73,69,61,77,77,60,57,71,60,70,74,64,69,69,70,72,65,70,62,69,60,88,75,64,71,60,72,75,62,70,60,62,62,10,6,7,13,10,69,70,69,69,69,70,72,73,72,73,71,70,71,70,66,70,18,J. Gressel,73,73,3100000,28,1936,RM,Germany,Midfield,Rotation 70-77,Midfield / Rotation 70-77
J. Haberer,Janik Haberer,73,73,3000000,"CM,CDM,RM",CM,Germany,https://cdn.sofifa.net/players/211/879/23_60.png,28,186,79,1910,401,1. FC Union Berlin,25000,5400000,CM,2022,19,2022,-,Right,3,3,2,-,https://cdn.sofifa.net/flags/de.png,-,-,Medium,Medium,63,63,70,73,62,70,59,58,54,75,58,74,69,55,72,76,62,63,68,74,57,75,59,77,67,62,73,71,68,75,61,69,59,63,58,14,16,10,15,13,69,69,70,70,70,69,73,72,73,72,70,72,70,68,67,68,23,J. Haberer,73,73,3000000,28,1910,CM,Germany,Midfield,Rotation 70-77,Midfield / Rotation 70-77
M. Malsa,Mickaël Malsa,73,76,4000000,"CM,CDM",CDM,France,https://cdn.sofifa.net/players/220/831/23_60.png,26,178,69,1943,422,Real Valladolid CF,18000,8700000,SUB,2026,14,2022,-,Right,3,3,1,-,https://cdn.sofifa.net/flags/fr.png,-,-,Medium,Medium,71,62,71,72,71,75,63,62,57,76,52,70,59,49,75,74,70,71,70,72,74,65,70,82,74,61,68,76,62,75,55,72,70,75,70,6,13,11,10,6,68,69,69,69,69,69,73,73,75,73,75,76,75,74,73,74,18,M. Malsa,73,76,4000000,26,1943,CDM,France,Midfield,Rotation 70-77,Midfield / Rotation 70-77
F. Roncaglia,Facundo Roncaglia,73,73,925000,"RB,CB",CB,Argentina,https://cdn.sofifa.net/players/183/966/23_60.png,35,179,76,1865,392,Boca Juniors,9000,1300000,SUB,2023,2,2022,-,Right,2,2,2,-,https://cdn.sofifa.net/flags/ar.png,-,-,Medium,High,64,53,65,63,75,72,68,38,70,65,28,59,61,52,74,67,61,66,64,72,64,78,78,68,73,73,73,75,51,59,35,68,76,77,75,15,14,15,6,15,62,61,61,61,61,61,64,64,68,64,72,73,72,73,73,73,21,F. Roncaglia,73,73,925000,35,1865,CB,Argentina,Defender,Rotation 70-77,Defender / Rotation 70-77
R. Oudin,Rémi Oudin,73,75,3800000,"LM,RM",CAM,France,https://cdn.sofifa.net/players/233/265/23_60.png,25,186,81,1867,390,Lecce,8000,0,SUB,2023,28,2020,TRUE,Left,3,3,1,-,https://cdn.sofifa.net/flags/fr.png,-,-,Medium,Medium,74,71,72,72,34,67,72,70,69,74,69,72,78,72,65,73,71,77,74,72,67,73,81,77,71,71,42,26,73,72,68,74,37,27,23,8,13,11,13,6,74,72,72,72,72,72,74,74,69,74,58,55,58,55,49,55,19,R. Oudin,73,75,3800000,25,1867,CAM,France,Midfield,Rotation 70-77,Midfield / Rotation 70-77
D. Fry,Dael Fry,73,79,4400000,CB,CB,England,https://cdn.sofifa.net/players/229/682/23_60.png,24,191,72,1602,354,Middlesbrough,18000,9200000,CB,2023,6,2014,-,Right,3,2,1,-,https://cdn.sofifa.net/flags/gb-eng.png,-,-,Medium,Medium,64,29,56,59,74,72,54,25,73,64,26,57,35,22,56,65,61,66,36,74,62,40,82,68,76,25,66,75,29,58,36,70,76,72,72,10,8,12,14,7,52,53,52,52,52,53,56,59,61,59,69,71,69,71,75,71,19,D. Fry,73,79,4400000,24,1602,CB,England,Defender,Rotation 70-77,Defender / Rotation 70-77
Rodrigo Pinho,Rodrigo Cunha Pereira de Pinho,73,73,2600000,ST,ST,Brazil,https://cdn.sofifa.net/players/229/683/23_60.png,31,186,80,1729,361,SL Benfica,12000,5200000,RES,2026,18,2021,-,Left,3,3,1,-,https://cdn.sofifa.net/flags/br.png,-,-,Medium,Medium,65,77,60,73,25,61,49,79,68,65,67,75,67,56,50,76,67,64,65,76,59,76,70,62,70,74,36,19,75,67,77,68,18,24,21,11,10,12,11,13,73,70,73,73,73,70,73,70,65,70,50,48,50,47,43,47,20,Rodrigo Pinho,73,73,2600000,31,1729,ST,Brazil,Forward,Rotation 70-77,Forward / Rotation 70-77
Tete Morente,José Antonio Morente Oliva,73,76,4000000,"RM,LM,CF",RM,Spain,https://cdn.sofifa.net/players/239/671/23_60.png,25,184,78,1870,403,Elche CF,16000,9100000,SUB,2024,11,2020,-,Right,3,3,1,-,https://cdn.sofifa.net/flags/es.png,-,-,High,Medium,78,71,71,73,44,66,72,72,59,74,67,76,75,69,70,74,79,78,79,61,55,74,64,72,66,68,60,48,62,64,65,61,51,35,31,13,9,7,11,10,71,72,70,70,70,72,73,74,69,74,62,61,62,59,54,59,18,Tete Morente,73,76,4000000,25,1870,RM,Spain,Midfield,Rotation 70-77,Midfield / Rotation 70-77
Zarraga,Oier Zarraga Egaña,73,80,6000000,"CM,RM",CAM,Spain,https://cdn.sofifa.net/players/258/615/23_60.png,23,175,76,1927,417,Athletic Club de Bilbao,18000,13800000,SUB,2023,19,2019,-,Right,3,3,1,-,https://cdn.sofifa.net/flags/es.png,-,-,High,Medium,77,65,72,75,61,67,65,69,58,79,48,75,65,55,75,74,79,75,78,70,80,58,74,75,67,70,56,65,68,69,54,67,53,71,50,12,8,6,11,15,70,73,72,72,72,73,75,75,75,75,70,70,70,69,65,69,20,Zarraga,73,80,6000000,23,1927,CAM,Spain,Midfield,Rotation 70-77,Midfield / Rotation 70-77
Osmar,Osmar Ibañez Barba,73,73,1000000,"CB,CDM,CM",CB,Spain,https://cdn.sofifa.net/players/193/847/23_60.png,34,192,86,1845,381,FC Seoul,7000,1300000,CB,2023,5,2014,-,Left,3,2,2,-,https://cdn.sofifa.net/flags/es.png,-,-,Medium,High,37,60,69,58,73,84,56,48,73,74,49,58,65,63,74,68,35,39,33,58,43,74,74,85,91,75,70,74,55,71,67,59,69,75,72,14,11,7,16,9,63,57,60,60,60,57,64,62,71,62,68,73,68,69,73,69,19,Osmar,73,73,1000000,34,1845,CB,Spain,Defender,Rotation 70-77,Defender / Rotation 70-77
B. Stambouli,Benjamin Stambouli,73,73,2100000,"CDM,CB",CDM,France,https://cdn.sofifa.net/players/198/200/23_60.png,31,180,82,1807,378,Adana Demirspor,16000,4200000,SUB,2023,90,2021,-,Right,4,2,2,-,https://cdn.sofifa.net/flags/fr.png,-,-,Medium,High,50,49,64,68,71,76,45,41,66,74,40,65,55,43,72,72,50,50,64,71,64,65,71,74,79,50,72,74,59,65,50,76,71,72,71,8,13,11,15,15,62,60,62,62,62,60,66,64,71,64,69,73,69,69,73,69,21,B. Stambouli,73,73,2100000,31,1807,CDM,France,Midfield,Rotation 70-77,Midfield / Rotation 70-77
Claudinho Vair,Claudiano Vair Paes Neto,73,73,1400000,RW,CAM,Brazil,https://cdn.sofifa.net/players/230/456/23_60.png,34,175,75,1800,398,São Paulo,31000,2700000,SUB,2025,17,2022,-,Right,3,2,1,-,https://cdn.sofifa.net/flags/br.png,-,-,High,High,79,63,71,74,49,62,61,66,33,76,45,78,63,66,70,75,81,77,61,73,75,57,55,78,67,63,29,35,73,78,62,66,68,47,39,10,8,9,14,8,68,73,72,72,72,73,73,73,73,73,65,63,65,61,54,61,19,Claudinho Vair,73,73,1400000,34,1800,CAM,Brazil,Midfield,Rotation 70-77,Midfield / Rotation 70-77
H. Elliott,Harvey Elliott,73,87,7000000,"CAM,CM,RW",CAM,England,https://cdn.sofifa.net/players/246/174/23_60.png,19,170,67,1721,368,Liverpool,37000,17300000,CM,2025,19,2019,-,Left,4,4,1,-,https://cdn.sofifa.net/flags/gb-eng.png,-,-,Medium,Medium,78,62,71,78,37,42,72,64,40,73,48,77,56,57,68,77,82,75,87,69,87,60,40,68,33,62,32,38,67,76,59,70,35,40,32,10,10,6,14,7,66,73,71,71,71,73,75,75,71,75,61,56,61,57,44,57,18,H. Elliott,73,87,7000000,19,1721,CAM,England,Midfield,Rotation 70-77,Midfield / Rotation 70-77
Emu Teixeira,Emanuel Breno Teixeira Rocha,73,73,550000,CB,CB,Brazil,https://cdn.sofifa.net/players/230/301/23_60.png,38,180,81,1686,361,América Futebol Clube,9000,1000000,CB,2025,21,2022,-,Right,2,2,1,-,https://cdn.sofifa.net/flags/br.png,-,-,Low,Low,66,36,55,54,72,78,61,32,83,66,39,47,28,31,52,62,58,72,49,68,54,44,88,81,78,30,70,75,51,47,48,65,63,75,75,7,15,8,15,14,57,54,53,53,53,54,56,60,61,60,71,70,71,72,73,72,21,Emu Teixeira,73,73,550000,38,1686,CB,Brazil,Defender,Rotation 70-77,Defender / Rotation 70-77
M. Bader,Matthias Bader,73,75,3500000,"RB,RM",RWB,Germany,https://cdn.sofifa.net/players/225/692/23_60.png,25,176,73,1729,380,SV Darmstadt 98,15000,5900000,RWB,2025,26,2020,-,Right,3,3,1,-,https://cdn.sofifa.net/flags/de.png,-,-,High,High,79,34,61,70,68,68,71,26,48,70,23,69,54,36,50,70,74,83,76,70,77,45,75,80,62,38,65,66,47,50,40,66,72,70,70,10,13,15,7,7,55,62,58,58,58,62,62,67,64,67,74,69,74,73,69,73,18,M. Bader,73,75,3500000,25,1729,RWB,Germany,Defender,Rotation 70-77,Defender / Rotation 70-77
Aleñá,Carles Aleñá Castillo,73,79,4800000,"CM,RM,LM",CAM,Spain,https://cdn.sofifa.net/players/233/113/23_60.png,24,180,73,1871,400,Getafe CF,19000,11000000,RM,2026,11,2021,-,Left,2,4,1,-,https://cdn.sofifa.net/flags/es.png,-,-,Medium,Medium,68,67,74,73,59,59,67,66,34,79,41,71,67,59,75,75,69,68,74,76,70,68,49,59,62,73,55,70,70,77,73,79,64,59,50,12,9,10,8,12,68,72,72,72,72,72,76,74,75,74,69,70,69,66,62,66,19,Aleñá,73,79,4800000,24,1871,CAM,Spain,Midfield,Rotation 70-77,Midfield / Rotation 70-77
Enzo Merques,Enzo Diogo Merques Gomes,73,73,3000000,LB,LB,Brazil,https://cdn.sofifa.net/players/236/075/23_60.png,26,187,76,2004,420,Internacional,20000,5700000,SUB,2025,22,2022,-,Left,4,3,1,-,https://cdn.sofifa.net/flags/br.png,-,-,Medium,Medium,72,64,70,73,67,74,75,57,68,72,66,74,74,70,64,75,69,74,72,77,57,71,68,73,72,73,82,64,69,65,62,67,68,68,69,13,10,8,12,13,71,71,70,70,70,71,72,73,72,73,73,72,73,73,72,73,21,Enzo Merques,73,73,3000000,26,2004,LB,Brazil,Defender,Rotation 70-77,Defender / Rotation 70-77
Marlion Simões,Marlion Gustavo Simões Paiva,73,73,2600000,"LB,CM",LB,Brazil,https://cdn.sofifa.net/players/236/076/23_60.png,30,180,75,1900,411,Ceará Sporting Club,11000,4900000,LM,2025,29,2022,-,Left,4,3,1,-,https://cdn.sofifa.net/flags/br.png,-,-,Medium,Medium,85,56,59,70,70,71,65,50,56,61,60,72,58,47,42,66,79,89,75,73,66,73,85,79,69,51,64,73,62,63,55,63,76,66,71,14,12,7,9,12,66,67,66,66,66,67,66,69,65,69,73,68,73,73,71,73,20,Marlion Simões,73,73,2600000,30,1900,LB,Brazil,Defender,Rotation 70-77,Defender / Rotation 70-77
Rodolfo Pittaça,Rodolfo Dilson Pitta Fonseca,73,73,3600000,"ST,LM",ST,Brazil,https://cdn.sofifa.net/players/230/445/23_60.png,22,179,77,1858,382,Cuiabá,14000,6800000,LM,2025,21,2022,-,Left,3,2,1,-,https://cdn.sofifa.net/flags/br.png,-,-,Medium,Medium,51,75,68,64,43,81,69,75,81,71,70,61,61,46,70,72,48,53,50,73,60,80,85,73,84,69,80,42,77,68,79,75,42,38,29,13,14,9,9,7,73,67,69,69,69,67,70,69,69,69,58,61,58,56,58,56,20,Rodolfo Pittaça,73,73,3600000,22,1858,ST,Brazil,Forward,Rotation 70-77,Forward / Rotation 70-77
D. Batallini,Damian Batallini,73,74,3600000,"RM,LM,RW",RM,Argentina,https://cdn.sofifa.net/players/232/709/23_60.png,26,176,77,1939,417,Club Atlético Independiente,12000,0,RM,2022,8,2016,TRUE,Right,3,3,1,-,https://cdn.sofifa.net/flags/ar.png,-,-,High,Medium,79,70,67,76,54,71,70,69,61,67,69,77,65,51,69,74,83,76,79,68,79,76,67,71,69,70,79,50,72,68,57,73,57,54,49,14,6,7,10,6,73,73,72,72,72,73,74,74,70,74,66,65,66,65,62,65,17,D. Batallini,73,74,3600000,26,1939,RM,Argentina,Midfield,Rotation 70-77,Midfield / Rotation 70-77
R. Pierre-Gabriel,Ronaël Pierre-Gabriel,73,77,4099999,RB,RB,France,https://cdn.sofifa.net/players/231/685/23_60.png,24,177,80,1839,393,RC Strasbourg Alsace,17000,0,SUB,2023,18,2019,TRUE,Right,3,3,1,-,https://cdn.sofifa.net/flags/fr.png,-,-,Medium,Medium,73,48,61,69,71,71,68,41,64,67,43,69,60,35,59,69,69,76,68,69,71,57,89,72,72,53,65,70,58,54,56,65,72,74,72,11,10,10,6,10,62,64,62,62,62,64,65,67,66,67,72,70,72,73,73,73,18,R. Pierre-Gabriel,73,77,4099999,24,1839,RB,France,Defender,Rotation 70-77,Defender / Rotation 70-77
J. Murphy,Jacob Murphy,73,73,3200000,"RM,RWB",RM,England,https://cdn.sofifa.net/players/206/085/23_60.png,27,179,74,1933,417,Newcastle United,57000,6100000,SUB,2027,23,2017,-,Right,4,3,1,-,https://cdn.sofifa.net/flags/gb-eng.png,-,-,High,Medium,81,67,69,74,64,62,72,65,45,69,50,77,75,67,60,73,79,83,73,69,75,73,50,73,61,68,56,65,71,70,66,68,65,70,55,13,16,13,10,6,70,73,72,72,72,73,73,73,71,73,71,68,71,70,64,70,20,J. Murphy,73,73,3200000,27,1933,RM,England,Midfield,Rotation 70-77,Midfield / Rotation 70-77
F. Fernández,Federico Fernández,73,73,1500000,CB,CB,Argentina,https://cdn.sofifa.net/players/201/988/23_60.png,33,190,83,1543,316,Elche CF,15000,3300000,SUB,2023,2,2022,-,Right,3,2,2,-,https://cdn.sofifa.net/flags/ar.png,-,-,Low,High,33,30,54,53,75,71,40,28,77,67,21,44,51,40,60,63,34,33,47,66,45,30,74,50,78,29,77,73,40,47,42,73,74,76,74,12,12,13,14,12,49,46,47,47,47,46,52,51,59,51,62,70,62,64,73,64,20,F. Fernández,73,73,1500000,33,1543,CB,Argentina,Defender,Rotation 70-77,Defender / Rotation 70-77
J. Sosa,José Sosa,73,73,950000,"CM,CDM",CM,Argentina,https://cdn.sofifa.net/players/143/121/23_60.png,37,179,72,1989,402,Estudiantes de La Plata,9000,1400000,SUB,2024,7,2022,-,Right,4,3,2,-,https://cdn.sofifa.net/flags/ar.png,-,-,Medium,Medium,52,70,80,75,65,60,79,62,52,79,76,75,86,82,78,78,51,53,68,66,75,79,49,52,63,74,66,68,64,81,81,79,67,66,65,11,15,13,6,9,68,70,70,70,70,70,73,72,73,72,70,72,70,68,67,68,19,J. Sosa,73,73,950000,37,1989,CM,Argentina,Midfield,Rotation 70-77,Midfield / Rotation 70-77
O. Richards,Omar Richards,73,78,4300000,"LB,LWB",LB,England,https://cdn.sofifa.net/players/235/026/23_60.png,24,174,70,1779,386,Nottingham Forest,35000,8500000,SUB,2026,27,2022,-,Left,2,3,1,-,https://cdn.sofifa.net/flags/gb-eng.png,-,-,Medium,Medium,75,46,60,73,69,63,64,56,53,68,34,71,55,34,53,74,84,67,82,68,80,43,71,80,48,31,77,69,56,54,36,62,68,74,75,11,9,13,10,11,61,66,63,63,63,66,66,69,66,69,73,70,73,73,69,73,19,O. Richards,73,78,4300000,24,1779,LB,England,Defender,Rotation 70-77,Defender / Rotation 70-77
J. Dasilva,Josh Dasilva,73,78,4600000,"CM,CAM",CAM,England,https://cdn.sofifa.net/players/231/445/23_60.png,23,184,75,1986,433,Brentford,31000,9100000,CM,2024,10,2018,-,Left,3,3,1,-,https://cdn.sofifa.net/flags/gb-eng.png,-,-,High,Medium,76,71,72,74,65,75,68,68,50,76,57,75,71,52,75,75,75,77,68,73,74,80,52,73,79,77,74,64,69,73,55,75,69,66,65,11,13,8,10,14,73,73,73,73,73,73,76,75,75,75,72,73,72,71,69,71,21,J. Dasilva,73,78,4600000,23,1986,CAM,England,Midfield,Rotation 70-77,Midfield / Rotation 70-77
S. Nsoki,Stanley Nsoki,73,79,4400000,"CB,LWB",CB,France,https://cdn.sofifa.net/players/241/941/23_60.png,23,184,83,1764,390,TSG Hoffenheim,20000,8400000,SUB,2027,34,2022,-,Left,2,2,1,-,https://cdn.sofifa.net/flags/fr.png,-,-,Medium,Medium,73,38,62,67,73,77,59,34,75,68,31,68,49,31,65,67,69,77,61,65,65,47,70,75,80,36,75,71,55,63,37,66,70,76,73,8,12,13,9,10,60,61,60,60,60,61,64,66,67,66,72,72,72,72,75,72,18,S. Nsoki,73,79,4400000,23,1764,CB,France,Defender,Rotation 70-77,Defender / Rotation 70-77
Alberto Perea,Alberto Perea Correoso,73,73,2500000,"LM,CAM,RM",LM,Spain,https://cdn.sofifa.net/players/190/982/23_60.png,31,177,74,1820,383,Granada CF,10000,4000000,SUB,2023,22,2022,-,Right,3,3,1,-,https://cdn.sofifa.net/flags/es.png,-,-,Medium,Medium,73,69,70,77,35,59,65,70,59,72,64,78,76,79,67,79,72,73,79,68,68,67,73,57,58,73,59,28,74,68,55,71,37,34,26,13,9,8,6,6,72,73,73,73,73,73,73,73,69,73,56,55,56,53,49,53,17,Alberto Perea,73,73,2500000,31,1820,LM,Spain,Midfield,Rotation 70-77,Midfield / Rotation 70-77
V. Germain,Valère Germain,73,73,2500000,ST,ST,France,https://cdn.sofifa.net/players/203/280/23_60.png,32,181,75,1891,384,Montpellier Hérault SC,21000,4800000,SUB,2023,9,2021,-,Right,4,3,2,-,https://cdn.sofifa.net/flags/fr.png,-,-,Medium,Medium,65,73,70,72,39,65,69,73,75,74,73,70,69,69,64,75,63,66,76,74,69,74,84,72,61,71,61,44,77,71,75,69,45,24,18,14,7,11,9,14,73,72,73,73,73,72,73,73,70,73,58,58,58,55,52,55,20,V. Germain,73,73,2500000,32,1891,ST,France,Forward,Rotation 70-77,Forward / Rotation 70-77
L. Netz,Luca Netz,73,85,7000000,"LB,LM",LB,Germany,https://cdn.sofifa.net/players/256/781/23_60.png,19,184,83,1789,386,Borussia Mönchengladbach,11000,13300000,SUB,2026,20,2021,-,Left,3,2,1,-,https://cdn.sofifa.net/flags/de.png,-,-,Medium,Medium,76,44,65,69,70,62,76,42,57,69,32,68,52,53,61,69,75,77,72,68,71,49,63,60,60,38,67,70,64,57,49,62,68,76,74,7,11,12,9,13,61,65,62,62,62,65,65,69,66,69,73,70,73,73,70,73,18,L. Netz,73,85,7000000,19,1789,LB,Germany,Defender,Rotation 70-77,Defender / Rotation 70-77
Monchu,Ramón Rodríguez Jiménez,73,79,4900000,"CM,CDM",CM,Spain,https://cdn.sofifa.net/players/241/933/23_60.png,22,173,68,1956,414,Real Valladolid CF,16000,11300000,CM,2026,8,2022,-,Right,3,3,1,-,https://cdn.sofifa.net/flags/es.png,-,-,Medium,Medium,69,68,73,72,67,65,64,69,55,77,42,71,66,74,75,74,72,66,70,69,83,72,67,79,54,74,73,67,64,73,55,65,66,74,65,11,5,7,12,11,69,70,70,70,70,70,74,73,75,73,72,73,72,71,69,71,18,Monchu,73,79,4900000,22,1956,CM,Spain,Midfield,Rotation 70-77,Midfield / Rotation 70-77
Brenão Duarte,Breno Ronaldo Duarte Catarino,73,73,2900000,RM,RM,Brazil,https://cdn.sofifa.net/players/230/411/23_60.png,30,181,72,1840,389,Cuiabá,14000,5500000,RM,2025,4,2022,-,Right,2,2,1,-,https://cdn.sofifa.net/flags/br.png,-,-,Medium,Medium,73,71,70,73,38,64,72,69,56,70,56,74,62,75,65,73,75,72,77,67,69,74,60,73,58,77,70,22,71,72,65,70,48,35,33,10,7,13,13,7,71,72,71,71,71,72,73,73,68,73,59,57,59,56,50,56,18,Brenão Duarte,73,73,2900000,30,1840,RM,Brazil,Midfield,Rotation 70-77,Midfield / Rotation 70-77
M. Berisha,Mergim Berisha,73,78,4700000,"ST,CF",CAM,Germany,https://cdn.sofifa.net/players/237/321/23_60.png,24,188,79,1897,401,FC Augsburg,43000,0,ST,2023,11,2021,TRUE,Right,3,3,1,-,https://cdn.sofifa.net/flags/de.png,-,-,High,Medium,73,75,72,72,37,72,66,73,70,75,77,72,77,77,65,75,72,74,69,68,63,78,65,75,74,75,67,32,75,73,76,72,38,32,26,10,5,10,7,6,75,72,73,73,73,72,75,74,70,74,58,58,58,56,52,56,16,M. Berisha,73,78,4700000,24,1897,CAM,Germany,Midfield,Rotation 70-77,Midfield / Rotation 70-77
M. Benítez,Marcelo Benítez,73,73,2200000,"LB,CM",LB,Argentina,https://cdn.sofifa.net/players/223/241/23_60.png,31,178,73,2048,431,Rosario Central,12000,0,SUB,2022,2,2010,TRUE,Left,2,3,1,-,https://cdn.sofifa.net/flags/ar.png,-,-,High,Medium,73,67,74,71,67,79,75,61,59,75,59,69,83,73,69,73,76,71,75,72,71,87,80,75,80,65,80,70,75,73,49,76,64,70,72,9,11,8,9,10,73,71,72,72,72,71,73,73,73,73,73,73,73,73,73,73,19,M. Benítez,73,73,2200000,31,2048,LB,Argentina,Defender,Rotation 70-77,Defender / Rotation 70-77
Gustavo,Gustavo da Silva Sousa,73,73,3100000,ST,ST,Brazil,https://cdn.sofifa.net/players/222/729/23_60.png,28,189,83,1707,368,Jeonbuk Hyundai Motors,12000,4000000,ST,2024,9,2020,-,Right,4,3,1,-,https://cdn.sofifa.net/flags/br.png,-,-,High,Low,78,73,49,66,24,78,41,79,76,56,73,67,45,43,44,68,75,80,62,67,56,74,86,60,86,60,80,19,76,50,68,68,12,21,24,14,10,9,16,10,73,66,69,69,69,66,66,65,57,65,47,46,47,46,47,46,20,Gustavo,73,73,3100000,28,1707,ST,Brazil,Forward,Rotation 70-77,Forward / Rotation 70-77
Unai García,Unai García Lugea,73,73,2500000,CB,CB,Spain,https://cdn.sofifa.net/players/215/569/23_60.png,29,186,81,1659,355,CA Osasuna,21000,5300000,CB,2023,4,2011,-,Left,3,2,1,-,https://cdn.sofifa.net/flags/es.png,-,-,Medium,High,52,41,60,54,74,74,54,39,73,74,27,45,31,47,62,68,48,55,44,60,57,57,88,79,73,31,67,74,39,51,42,63,71,77,75,12,13,9,8,9,55,52,53,53,53,52,56,58,63,58,69,72,69,71,73,71,18,Unai García,73,73,2500000,29,1659,CB,Spain,Defender,Rotation 70-77,Defender / Rotation 70-77
Fabrio Farinha,Fabrio Sandro Farinha Donatelo,73,73,2900000,"CAM,LM",CAM,Brazil,https://cdn.sofifa.net/players/230/408/23_60.png,30,177,72,1853,387,Internacional,21000,5500000,CAM,2025,11,2022,-,Left,3,4,1,-,https://cdn.sofifa.net/flags/br.png,-,-,High,Medium,72,62,75,77,43,58,75,65,58,77,66,77,70,62,74,75,71,72,83,73,73,55,69,57,62,57,47,44,67,77,64,76,23,56,48,8,15,11,7,15,69,73,71,71,71,73,73,73,72,73,63,61,63,61,55,61,20,Fabrio Farinha,73,73,2900000,30,1853,CAM,Brazil,Midfield,Rotation 70-77,Midfield / Rotation 70-77
Luís Hernández,Luís Hernández Rodríguez,73,73,1500000,CB,CB,Spain,https://cdn.sofifa.net/players/205/590/23_60.png,33,183,75,1852,389,Cádiz CF,21000,3200000,CB,2023,23,2022,-,Right,4,2,1,-,https://cdn.sofifa.net/flags/es.png,-,-,Medium,High,64,50,63,64,73,75,67,37,67,67,53,59,57,42,68,68,63,64,66,75,68,70,84,73,78,55,70,77,55,55,54,69,76,68,73,8,7,11,8,9,62,61,60,60,60,61,63,65,67,65,72,73,72,73,73,73,18,Luís Hernández,73,73,1500000,33,1852,CB,Spain,Defender,Rotation 70-77,Defender / Rotation 70-77
Jonas Damasto,Jonas Welson Damasto Orsi,73,73,3000000,LB,LB,Brazil,https://cdn.sofifa.net/players/230/333/23_60.png,26,177,69,1749,375,Club Athletico Paranaense,12000,5700000,LB,2025,13,2022,-,Left,2,2,1,-,https://cdn.sofifa.net/flags/br.png,-,-,High,Low,78,45,59,62,70,61,72,40,59,68,49,61,64,40,53,57,79,77,69,67,74,55,75,88,54,48,41,67,40,40,38,63,78,68,73,10,15,9,9,12,57,59,56,56,56,59,58,64,60,64,73,67,73,73,67,73,19,Jonas Damasto,73,73,3000000,26,1749,LB,Brazil,Defender,Rotation 70-77,Defender / Rotation 70-77
P. Herrmann,Patrick Herrmann,73,73,2500000,RM,RM,Germany,https://cdn.sofifa.net/players/198/077/23_60.png,31,179,71,1861,384,Borussia Mönchengladbach,22000,4300000,SUB,2024,7,2010,-,Right,3,3,2,-,https://cdn.sofifa.net/flags/de.png,-,-,Medium,High,71,72,72,75,34,60,76,71,54,74,70,75,74,73,66,75,74,68,76,71,74,75,66,67,56,75,58,29,71,70,62,68,28,29,54,14,13,8,8,7,72,73,72,72,72,73,73,73,69,73,61,56,61,57,49,57,19,P. Herrmann,73,73,2500000,31,1861,RM,Germany,Midfield,Rotation 70-77,Midfield / Rotation 70-77
T. Mohr,Tobias Mohr,73,73,3300000,LM,LM,Germany,https://cdn.sofifa.net/players/243/887/23_60.png,26,183,78,1941,420,FC Schalke 04,20000,5900000,SUB,2025,29,2022,-,Left,4,3,1,-,https://cdn.sofifa.net/flags/de.png,-,-,High,Medium,85,69,71,71,57,67,73,67,53,72,64,72,72,72,72,70,82,87,75,65,75,73,59,85,65,76,52,54,60,66,57,62,59,59,59,7,9,8,11,11,70,71,70,70,70,71,72,73,71,73,70,67,70,69,62,69,18,T. Mohr,73,73,3300000,26,1941,LM,Germany,Midfield,Rotation 70-77,Midfield / Rotation 70-77
R. Cherki,Rayan Cherki,73,88,7000000,"LW,ST,RW",CAM,France,https://cdn.sofifa.net/players/251/570/23_60.png,18,176,71,1705,367,Olympique Lyonnais,19000,17700000,SUB,2023,18,2019,-,Left,5,5,1,-,https://cdn.sofifa.net/flags/fr.png,-,-,High,Low,70,67,68,82,21,59,70,64,28,69,57,86,77,73,59,79,73,68,82,69,83,76,31,53,65,66,57,22,69,68,61,75,19,23,15,7,14,6,8,8,68,73,72,72,72,73,74,74,66,74,52,50,52,47,39,47,18,R. Cherki,73,88,7000000,18,1705,CAM,France,Midfield,Rotation 70-77,Midfield / Rotation 70-77
Allano,Allano Brendon de Souza Lima,73,73,3200000,"LM,RM",LM,Brazil,https://cdn.sofifa.net/players/229/556/23_60.png,27,182,74,1825,400,Santa Clara,6000,6600000,RW,2024,7,2021,-,Left,3,3,1,-,https://cdn.sofifa.net/flags/br.png,-,-,High,Medium,81,65,67,77,47,63,68,68,53,70,45,79,59,49,64,77,80,81,80,68,66,63,62,74,61,65,55,47,64,67,60,68,45,47,50,8,14,9,13,14,69,73,71,71,71,73,73,73,70,73,65,62,65,63,56,63,20,Allano,73,73,3200000,27,1825,LM,Brazil,Midfield,Rotation 70-77,Midfield / Rotation 70-77
Marcos André,Marcos André de Sousa Mendonça,73,76,4099999,"ST,LW,LM",ST,Brazil,https://cdn.sofifa.net/players/252/084/23_60.png,25,184,78,1812,388,Valencia CF,27000,8900000,SUB,2026,22,2021,-,Right,4,3,1,-,https://cdn.sofifa.net/flags/br.png,-,-,High,Low,73,75,60,71,38,71,51,74,74,69,69,72,50,58,57,73,75,72,72,58,69,79,78,64,77,77,62,33,77,60,61,65,33,36,31,6,14,11,8,12,75,69,71,71,71,69,71,69,65,69,55,55,55,53,53,53,17,Marcos André,73,76,4099999,25,1812,ST,Brazil,Forward,Rotation 70-77,Forward / Rotation 70-77
A. Voglsammer,Andreas Voglsammer,73,73,3000000,"ST,LM",ST,Germany,https://cdn.sofifa.net/players/211/891/23_60.png,30,178,83,1904,405,Millwall,14000,5700000,SUB,2023,21,2022,-,Right,3,3,1,-,https://cdn.sofifa.net/flags/de.png,-,-,High,Medium,79,74,65,69,38,80,64,72,71,67,69,68,69,68,53,69,72,85,65,71,80,85,86,66,85,70,82,31,72,69,69,69,39,34,23,12,9,7,14,8,73,70,71,71,71,70,71,71,65,71,57,56,57,54,55,54,19,A. Voglsammer,73,73,3000000,30,1904,ST,Germany,Forward,Rotation 70-77,Forward / Rotation 70-77
E. Nketiah,Eddie Nketiah,73,80,6000000,ST,ST,England,https://cdn.sofifa.net/players/236/988/23_60.png,23,180,73,1706,367,Arsenal,51000,12600000,SUB,2027,14,2016,-,Right,3,3,1,-,https://cdn.sofifa.net/flags/gb-eng.png,-,-,High,Medium,81,71,55,75,24,61,43,75,66,67,70,75,54,38,45,74,85,78,79,76,72,72,73,69,59,60,52,19,76,58,68,68,22,19,15,12,10,11,9,5,75,71,73,73,73,71,72,71,63,71,51,48,51,48,42,48,18,E. Nketiah,73,80,6000000,23,1706,ST,England,Forward,Rotation 70-77,Forward / Rotation 70-77
R. Del Castillo,Romain Del Castillo,73,74,3600000,"RM,LM",CAM,France,https://cdn.sofifa.net/players/231/612/23_60.png,26,172,65,1903,392,Stade Brestois 29,19000,7500000,SUB,2024,10,2021,-,Left,3,3,1,-,https://cdn.sofifa.net/flags/fr.png,-,-,Medium,Medium,74,67,71,77,39,64,70,65,63,71,69,77,77,66,67,76,77,72,85,69,81,73,75,65,62,66,66,31,70,75,68,71,31,42,43,7,10,9,13,12,72,73,72,72,72,73,74,74,70,74,60,58,60,58,53,58,19,R. Del Castillo,73,74,3600000,26,1903,CAM,France,Midfield,Rotation 70-77,Midfield / Rotation 70-77
M. Retegui,Mateo Retegui,73,81,7000000,ST,ST,Argentina,https://cdn.sofifa.net/players/241/850/23_60.png,23,186,86,1775,381,Club Atlético Tigre,13000,0,ST,2023,32,2017,TRUE,Right,3,3,1,-,https://cdn.sofifa.net/flags/ar.png,-,-,High,Low,67,73,64,67,35,75,51,76,74,70,65,68,62,52,67,70,65,69,58,70,54,73,76,66,85,70,60,32,74,67,66,68,34,29,25,7,9,9,13,9,75,68,71,71,71,68,71,70,67,70,54,56,54,52,52,52,18,M. Retegui,73,81,7000000,23,1775,ST,Argentina,Forward,Rotation 70-77,Forward / Rotation 70-77
B. Pearson,Ben Pearson,73,73,2900000,CDM,CDM,England,https://cdn.sofifa.net/players/213/689/23_60.png,27,176,71,1843,396,AFC Bournemouth,33000,5800000,SUB,2024,22,2021,-,Right,3,3,1,-,https://cdn.sofifa.net/flags/gb-eng.png,-,-,Medium,High,65,49,64,69,68,81,52,46,53,72,38,68,45,40,74,72,69,61,67,66,78,63,83,83,75,43,91,69,57,65,42,67,70,70,72,8,15,9,16,11,62,63,63,63,63,63,67,68,70,68,71,73,71,70,73,70,20,B. Pearson,73,73,2900000,27,1843,CDM,England,Midfield,Rotation 70-77,Midfield / Rotation 70-77
I. Amadou,Ibrahim Amadou,73,73,2600000,"CDM,CB,CM",CDM,France,https://cdn.sofifa.net/players/211/382/23_60.png,29,183,81,1905,406,Angers SCO,18000,5200000,SUB,2023,17,2022,-,Right,3,3,2,-,https://cdn.sofifa.net/flags/fr.png,-,-,Low,High,65,55,65,70,71,80,56,45,65,71,52,71,61,45,69,70,58,70,67,73,67,75,81,82,81,62,77,74,52,65,51,67,71,72,70,6,7,11,14,14,65,64,64,64,64,64,67,67,71,67,72,73,72,72,73,72,19,I. Amadou,73,73,2600000,29,1905,CDM,France,Midfield,Rotation 70-77,Midfield / Rotation 70-77
J. Horn,Jannes Horn,72,75,2900000,"LB,CB",LB,Germany,https://cdn.sofifa.net/players/231/874/23_60.png,25,186,79,1698,379,VfL Bochum 1848,15000,5400000,RES,2024,38,2022,-,Left,3,3,1,-,https://cdn.sofifa.net/flags/de.png,-,-,Medium,Medium,83,34,59,67,68,68,71,29,59,69,36,67,53,35,48,69,77,88,66,69,62,45,70,67,69,32,68,68,46,44,37,60,64,73,69,5,15,6,12,10,57,61,58,58,58,61,60,65,61,65,72,68,72,72,70,72,19,J. Horn,72,75,2900000,25,1698,LB,Germany,Defender,Rotation 70-77,Defender / Rotation 70-77
Vítor Costa,Vítor Costa de Brito,72,72,2100000,LB,LB,Brazil,https://cdn.sofifa.net/players/232/388/23_60.png,28,182,75,1857,396,Clube Sport Marítimo,8000,4400000,LB,2024,94,2021,-,Left,3,3,1,-,https://cdn.sofifa.net/flags/br.png,-,-,High,Medium,76,54,60,67,67,72,66,48,55,62,47,68,68,59,56,67,78,75,69,65,67,65,70,84,65,59,74,71,56,52,49,57,61,74,70,14,11,10,14,8,63,64,62,62,62,64,64,67,65,67,72,69,72,72,69,72,20,Vítor Costa,72,72,2100000,28,1857,LB,Brazil,Defender,Rotation 70-77,Defender / Rotation 70-77
Lucas Lima,Lucas Pedro Alves de Lima,72,72,2000000,LB,LB,Brazil,https://cdn.sofifa.net/players/207/924/23_60.png,30,178,72,1970,409,İstanbul Başakşehir FK,23000,4000000,LB,2024,60,2021,-,Left,1,3,1,-,https://cdn.sofifa.net/flags/br.png,-,-,High,Medium,72,57,71,71,66,72,75,42,41,71,61,70,76,74,68,73,70,74,73,67,72,72,77,78,71,69,66,70,71,66,56,65,67,70,70,11,10,12,16,11,65,68,67,67,67,68,70,71,72,71,72,72,72,72,69,72,20,Lucas Lima,72,72,2000000,30,1970,LB,Brazil,Defender,Rotation 70-77,Defender / Rotation 70-77
Juninho,José Carlos Ferreira Júnior,72,74,2500000,CB,CB,Brazil,https://cdn.sofifa.net/players/231/104/23_60.png,27,187,80,1637,366,FC Midtjylland,18000,3400000,CB,2026,73,2021,-,Left,2,2,1,-,https://cdn.sofifa.net/flags/br.png,-,-,Medium,Medium,71,35,51,59,71,79,53,29,73,65,27,54,33,36,53,62,69,73,65,67,60,57,76,73,85,27,74,73,28,32,40,65,66,73,71,9,8,9,10,7,54,52,51,51,51,52,53,57,57,57,69,69,69,70,74,70,17,Juninho,72,74,2500000,27,1637,CB,Brazil,Defender,Rotation 70-77,Defender / Rotation 70-77
Lucas Cunha,Lucas de Souza Cunha,72,79,4300000,CB,CB,Brazil,https://cdn.sofifa.net/players/241/829/23_60.png,25,186,76,1565,339,Gil Vicente FC,8000,9900000,CB,2024,3,2021,-,Right,3,2,1,-,https://cdn.sofifa.net/flags/br.png,-,-,Medium,Medium,55,37,45,54,73,75,30,33,65,59,33,45,31,35,53,59,53,56,62,70,55,51,76,69,77,34,76,72,28,35,42,62,74,75,73,8,9,6,12,9,51,47,47,47,47,47,50,51,56,51,64,68,64,66,74,66,18,Lucas Cunha,72,79,4300000,25,1565,CB,Brazil,Defender,Rotation 70-77,Defender / Rotation 70-77
San Emeterio,Federico San Emeterio Díaz,72,75,3100000,"CM,CDM",CDM,Spain,https://cdn.sofifa.net/players/223/654/23_60.png,25,176,77,1934,406,Cádiz CF,19000,6700000,SUB,2026,24,2022,-,Right,3,2,1,-,https://cdn.sofifa.net/flags/es.png,-,-,Low,High,57,67,67,67,72,76,55,67,65,73,56,65,54,56,70,72,59,55,55,73,81,68,70,79,74,70,80,76,72,74,59,68,68,76,66,11,9,7,6,13,70,67,69,69,69,67,72,70,74,70,71,75,71,71,74,71,19,San Emeterio,72,75,3100000,25,1934,CDM,Spain,Midfield,Rotation 70-77,Midfield / Rotation 70-77
M. Bülter,Marius Bülter,72,72,2300000,"ST,LM",ST,Germany,https://cdn.sofifa.net/players/244/390/23_60.png,29,188,85,1857,409,FC Schalke 04,20000,4099999,LM,2024,11,2021,-,Right,3,3,1,-,https://cdn.sofifa.net/flags/de.png,-,-,High,Medium,79,73,66,73,45,73,70,73,64,68,67,74,69,47,61,72,78,79,74,65,72,81,44,78,76,70,64,38,71,67,58,67,45,47,38,7,7,6,14,13,72,72,72,72,72,72,72,72,68,72,62,60,62,60,56,60,18,M. Bülter,72,72,2300000,29,1857,ST,Germany,Forward,Rotation 70-77,Forward / Rotation 70-77
C. Akpom,Chuba Akpom,72,75,3100000,ST,ST,England,https://cdn.sofifa.net/players/213/418/23_60.png,26,186,81,1741,381,Middlesbrough,23000,6100000,SUB,2023,29,2020,-,Right,3,3,1,-,https://cdn.sofifa.net/flags/gb-eng.png,-,-,Medium,Low,83,71,53,71,29,74,48,73,69,59,66,69,42,42,46,73,81,84,78,70,66,75,83,75,80,66,56,29,72,57,62,70,20,29,19,8,15,10,6,13,74,69,70,70,70,69,69,69,62,69,53,50,53,51,48,51,19,C. Akpom,72,75,3100000,26,1741,ST,England,Forward,Rotation 70-77,Forward / Rotation 70-77
E. Mas,Emmanuel Mas,72,72,1200000,"LB,LWB,LM",LB,Argentina,https://cdn.sofifa.net/players/214/955/23_60.png,33,180,81,1943,415,Estudiantes de La Plata,9000,1800000,LB,2022,6,2022,-,Left,3,3,1,-,https://cdn.sofifa.net/flags/ar.png,-,-,High,High,78,60,64,69,69,75,64,53,73,68,60,67,64,50,62,72,77,78,71,69,59,70,76,74,73,65,81,71,63,64,57,68,67,69,67,7,7,15,14,16,69,67,67,67,67,67,69,70,69,70,72,71,72,72,72,72,20,E. Mas,72,72,1200000,33,1943,LB,Argentina,Defender,Rotation 70-77,Defender / Rotation 70-77
Loren,Lorenzo Morón García,72,72,2400000,ST,ST,Spain,https://cdn.sofifa.net/players/242/348/23_60.png,28,188,82,1774,372,Real Betis Balompié,18000,5000000,SUB,2024,21,2015,-,Right,3,3,1,-,https://cdn.sofifa.net/flags/es.png,-,-,High,Medium,67,72,60,70,31,72,55,71,70,68,73,70,68,56,43,72,70,65,68,74,53,75,70,65,76,70,73,21,74,65,75,68,34,24,22,7,13,13,15,6,72,69,71,71,71,69,71,69,63,69,52,51,52,50,49,50,19,Loren,72,72,2400000,28,1774,ST,Spain,Forward,Rotation 70-77,Forward / Rotation 70-77
A. Aouchiche,Adil Aouchiche,72,79,4600000,"LM,CAM,CM",CAM,France,https://cdn.sofifa.net/players/253/102/23_60.png,19,181,72,1848,393,FC Lorient,8000,10100000,SUB,2026,70,2022,-,Right,3,4,1,-,https://cdn.sofifa.net/flags/fr.png,-,-,Medium,Medium,68,63,72,74,56,60,67,62,54,75,48,74,71,67,71,75,69,68,74,69,68,70,65,64,63,65,47,50,68,74,55,73,60,57,52,8,9,14,8,7,69,70,70,70,70,70,74,73,72,73,66,65,66,64,60,64,17,A. Aouchiche,72,79,4600000,19,1848,CAM,France,Midfield,Rotation 70-77,Midfield / Rotation 70-77
Leonardo,Leonardo Lopes de Souza,72,76,3300000,ST,ST,Brazil,https://cdn.sofifa.net/players/254/894/23_60.png,25,180,77,1770,372,Ulsan Hyundai FC,9000,4500000,ST,2022,9,2022,-,Right,3,3,1,-,https://cdn.sofifa.net/flags/br.png,-,-,High,Medium,75,74,58,69,31,65,46,78,69,64,71,66,60,56,46,71,73,76,73,68,76,71,78,56,68,67,65,25,74,66,73,70,26,29,26,7,13,8,14,11,74,68,70,70,70,68,70,68,62,68,51,50,51,49,48,49,19,Leonardo,72,76,3300000,25,1770,ST,Brazil,Forward,Rotation 70-77,Forward / Rotation 70-77
M. Tavernier,Marcus Tavernier,72,80,5000000,"CAM,CM",CAM,England,https://cdn.sofifa.net/players/237/477/23_60.png,23,177,70,1881,406,AFC Bournemouth,28000,11000000,RM,2027,16,2022,-,Left,3,3,1,-,https://cdn.sofifa.net/flags/gb-eng.png,-,-,High,Medium,78,65,69,74,59,61,67,64,50,72,57,75,61,58,67,73,79,77,78,71,79,67,50,82,60,67,41,59,67,72,63,66,56,65,55,9,14,6,12,8,69,72,71,71,71,72,74,74,73,74,70,67,70,68,61,68,19,M. Tavernier,72,80,5000000,23,1881,CAM,England,Midfield,Rotation 70-77,Midfield / Rotation 70-77
C. Schindler,Christopher Schindler,72,72,1500000,CB,CB,Germany,https://cdn.sofifa.net/players/200/607/23_60.png,32,188,83,1619,351,1. FC Nürnberg,9000,2400000,CB,2023,16,2021,-,Right,3,2,1,-,https://cdn.sofifa.net/flags/de.png,-,-,Medium,Medium,60,33,55,56,74,73,45,29,73,65,30,46,45,33,62,65,60,60,54,70,57,52,80,66,77,24,71,72,29,50,33,74,75,74,71,6,11,10,12,12,53,50,50,50,50,50,54,56,60,56,67,71,67,69,72,69,19,C. Schindler,72,72,1500000,32,1619,CB,Germany,Defender,Rotation 70-77,Defender / Rotation 70-77
R. Botta,Rubén Botta,72,72,1900000,"CAM,RM,CF",LW,Argentina,https://cdn.sofifa.net/players/215/199/23_60.png,32,177,65,1881,403,Bari,4000,2900000,CAM,2023,10,2021,-,Left,3,4,1,-,https://cdn.sofifa.net/flags/ar.png,-,-,High,Low,80,72,72,76,38,65,71,69,39,71,69,79,83,75,67,70,77,82,80,65,81,81,56,69,67,73,55,37,71,73,65,81,39,37,35,8,9,13,8,7,71,72,72,72,72,72,72,72,69,72,60,58,60,57,49,57,17,R. Botta,72,72,1900000,32,1881,LW,Argentina,Forward,Rotation 70-77,Forward / Rotation 70-77
M. Clarke,Matt Clarke,72,76,2900000,CB,CB,England,https://cdn.sofifa.net/players/221/600/23_60.png,25,185,83,1644,354,Middlesbrough,18000,5700000,CB,2025,5,2022,-,Left,3,3,1,-,https://cdn.sofifa.net/flags/gb-eng.png,-,-,Medium,Medium,52,37,53,62,71,79,45,30,71,61,36,64,36,36,59,61,50,53,47,66,65,57,72,66,86,33,78,70,47,53,34,74,72,72,70,11,6,14,12,11,56,53,54,54,54,53,57,58,61,58,65,69,65,66,74,66,18,M. Clarke,72,76,2900000,25,1644,CB,England,Defender,Rotation 70-77,Defender / Rotation 70-77
Aitor Sanz,Aitor Sanz Martín,72,72,750000,"CM,CDM",CDM,Spain,https://cdn.sofifa.net/players/142/499/23_60.png,37,181,71,1972,401,CD Tenerife,6000,1200000,CM,2023,16,2013,-,Right,4,2,1,-,https://cdn.sofifa.net/flags/es.png,-,-,Medium,High,53,66,71,69,70,72,64,62,42,73,55,68,71,72,72,70,63,45,65,73,73,75,78,70,73,65,72,74,72,75,69,68,73,74,72,14,11,12,9,16,67,67,68,68,68,67,71,70,72,70,71,72,71,70,72,70,21,Aitor Sanz,72,72,750000,37,1972,CDM,Spain,Midfield,Rotation 70-77,Midfield / Rotation 70-77
Carlinhos,Carlos Vinícius Santos de Jesús,72,72,2300000,"CM,CAM",CM,Brazil,https://cdn.sofifa.net/players/209/828/23_60.png,28,179,74,1947,410,Portimonense SC,7000,4800000,SUB,2023,76,2021,-,Right,4,3,1,-,https://cdn.sofifa.net/flags/br.png,-,-,High,Medium,68,68,72,74,55,73,69,64,60,74,58,76,70,66,72,75,69,68,70,71,72,76,68,78,74,73,67,55,70,71,55,68,48,60,54,13,11,12,15,13,72,71,72,72,72,71,72,72,72,72,68,68,68,66,63,66,21,Carlinhos,72,72,2300000,28,1947,CM,Brazil,Midfield,Rotation 70-77,Midfield / Rotation 70-77
S. Schonlau,Sebastian Schonlau,72,73,2400000,CB,CB,Germany,https://cdn.sofifa.net/players/214/948/23_60.png,27,185,80,1698,359,Hamburger SV,10000,4000000,CB,2024,4,2021,-,Right,3,2,1,-,https://cdn.sofifa.net/flags/de.png,-,-,Medium,Medium,58,41,53,58,74,75,40,39,72,67,31,53,34,42,61,60,62,55,65,72,63,48,81,83,74,37,68,73,44,44,51,67,74,76,73,15,13,11,8,9,56,53,54,54,54,53,57,58,62,58,68,71,68,70,73,70,20,S. Schonlau,72,73,2400000,27,1698,CB,Germany,Defender,Rotation 70-77,Defender / Rotation 70-77
Joan Sastre,Joan Sastre Vanrell,72,77,3200000,"RB,LB",RB,Spain,https://cdn.sofifa.net/players/231/588/23_60.png,25,174,75,1728,377,PAOK,900,7300000,SUB,2026,23,2022,-,Right,3,3,1,-,https://cdn.sofifa.net/flags/es.png,-,-,Medium,Medium,77,41,59,67,69,64,69,40,62,67,36,68,62,40,55,70,75,79,60,65,60,39,57,71,64,37,58,67,49,44,61,62,68,72,71,10,13,15,15,9,58,62,59,59,59,62,61,66,62,66,72,68,72,72,69,72,20,Joan Sastre,72,77,3200000,25,1728,RB,Spain,Defender,Rotation 70-77,Defender / Rotation 70-77
N. Fernández,Nicolás Fernández,72,75,3100000,"ST,LW,RW",ST,Argentina,https://cdn.sofifa.net/players/225/289/23_60.png,26,165,66,1868,394,Defensa y Justicia,13000,4900000,ST,2025,9,2022,-,Right,5,3,1,-,https://cdn.sofifa.net/flags/ar.png,-,-,High,Medium,85,69,61,76,38,65,60,71,70,64,68,76,57,54,50,73,89,82,85,73,87,67,84,75,57,67,70,38,74,67,64,72,32,39,25,7,14,10,11,8,74,73,73,73,73,73,73,73,66,73,59,55,59,57,52,57,19,N. Fernández,72,75,3100000,26,1868,ST,Argentina,Forward,Rotation 70-77,Forward / Rotation 70-77
Vanderleiton,M. Vanderlei Paulino Kenedy,72,72,2400000,CB,CB,Brazil,https://cdn.sofifa.net/players/230/407/23_60.png,22,180,77,1726,362,Santos,15000,4600000,CB,2025,4,2022,-,Right,3,2,1,-,https://cdn.sofifa.net/flags/br.png,-,-,Medium,Medium,62,46,57,57,72,68,54,44,76,65,51,51,44,52,66,59,61,62,65,70,65,44,82,53,71,51,77,69,34,42,53,64,68,76,72,12,8,9,8,12,56,54,53,53,53,54,56,57,60,57,66,69,66,68,72,68,19,Vanderleiton,72,72,2400000,22,1726,CB,Brazil,Defender,Rotation 70-77,Defender / Rotation 70-77
J. Stanislas,Junior Stanislas,72,72,1900000,"LW,LM,RW",LW,England,https://cdn.sofifa.net/players/189/446/23_60.png,32,183,76,1756,371,AFC Bournemouth,34000,3800000,SUB,2023,19,2014,-,Right,4,3,1,-,https://cdn.sofifa.net/flags/gb-eng.png,-,-,Medium,Medium,69,71,71,72,36,52,74,71,43,69,51,73,77,79,67,74,68,69,71,68,64,73,44,53,58,73,36,60,72,72,73,67,28,27,29,13,8,6,7,6,69,72,71,71,71,72,72,72,69,72,59,56,59,55,46,55,17,J. Stanislas,72,72,1900000,32,1756,LW,England,Forward,Rotation 70-77,Forward / Rotation 70-77
A. Bamba,Abdoul Kader Bamba,72,72,2400000,"LM,RM,CM",LM,France,https://cdn.sofifa.net/players/246/790/23_60.png,28,177,74,1775,387,FC Nantes,19000,4800000,SUB,2024,55,2018,-,Right,3,4,1,-,https://cdn.sofifa.net/flags/fr.png,-,-,High,Low,84,62,68,74,40,59,65,61,52,71,51,77,63,64,70,72,84,84,74,65,68,63,59,71,60,64,43,30,67,67,57,66,41,40,42,14,7,6,12,11,68,71,70,70,70,71,72,72,68,72,61,57,61,58,50,58,19,A. Bamba,72,72,2400000,28,1775,LM,France,Midfield,Rotation 70-77,Midfield / Rotation 70-77
P. De Blasis,Pablo De Blasis,72,72,1100000,"CAM,CM",CAM,Argentina,https://cdn.sofifa.net/players/210/950/23_60.png,34,166,65,1995,399,FC Cartagena,7000,1800000,CAM,2023,8,2021,-,Right,4,3,1,-,https://cdn.sofifa.net/flags/ar.png,-,-,Medium,Medium,71,72,68,77,63,48,67,73,67,69,60,75,74,70,66,74,73,70,91,71,91,75,91,57,30,69,69,67,73,66,76,73,59,65,59,13,11,8,8,8,72,72,72,72,72,72,72,72,71,72,68,67,68,68,65,68,19,P. De Blasis,72,72,1100000,34,1995,CAM,Argentina,Midfield,Rotation 70-77,Midfield / Rotation 70-77
H. Toffolo,Harry Toffolo,72,73,2500000,"LWB,LB",LWB,England,https://cdn.sofifa.net/players/206/086/23_60.png,26,183,71,1848,393,Nottingham Forest,36000,4900000,LWB,2025,15,2022,-,Left,2,3,1,-,https://cdn.sofifa.net/flags/gb-eng.png,-,-,High,Medium,76,52,62,65,66,72,71,51,61,65,38,64,62,58,58,64,75,77,72,69,70,58,76,87,69,51,58,67,54,54,53,58,64,68,66,12,15,15,13,13,62,64,61,61,61,64,63,67,65,67,72,68,72,71,68,71,21,H. Toffolo,72,73,2500000,26,1848,LWB,England,Defender,Rotation 70-77,Defender / Rotation 70-77
M. Thiaw,Malick Thiaw,72,83,4800000,CB,CB,Germany,https://cdn.sofifa.net/players/256/261/23_60.png,20,191,80,1792,389,AC Milan,24000,9100000,RES,2027,28,2022,-,Right,5,2,1,-,https://cdn.sofifa.net/flags/de.png,-,-,Medium,Medium,73,47,60,65,71,73,49,43,73,70,44,62,52,44,65,67,70,75,65,71,60,56,76,65,79,46,66,70,42,55,64,71,70,73,69,10,6,15,11,9,61,60,59,59,59,60,63,63,65,63,69,71,69,70,74,70,18,M. Thiaw,72,83,4800000,20,1792,CB,Germany,Defender,Rotation 70-77,Defender / Rotation 70-77
L. Vázquez,Luis Vázquez,72,82,5500000,ST,ST,Argentina,https://cdn.sofifa.net/players/251/651/23_60.png,21,190,78,1723,369,Boca Juniors,10000,8800000,SUB,2025,38,2021,-,Right,3,3,1,-,https://cdn.sofifa.net/flags/ar.png,-,-,High,Medium,69,71,62,69,27,71,52,73,76,69,52,66,60,47,60,73,70,69,73,70,65,72,75,77,73,69,55,22,77,65,68,73,26,17,16,12,5,5,6,8,74,69,71,71,71,69,72,70,66,70,51,51,51,49,45,49,16,L. Vázquez,72,82,5500000,21,1723,ST,Argentina,Forward,Rotation 70-77,Forward / Rotation 70-77
J. Torres,Jonathan Torres,72,76,3300000,ST,ST,Argentina,https://cdn.sofifa.net/players/221/955/23_60.png,25,187,73,1657,346,Club Atlético Sarmiento,10000,5000000,SUB,2024,9,2014,-,Right,3,2,1,-,https://cdn.sofifa.net/flags/ar.png,-,-,High,Low,61,71,54,67,23,70,47,75,79,63,54,64,57,47,46,74,57,64,64,70,63,75,74,75,76,60,48,18,77,53,76,63,17,17,15,12,7,11,6,16,74,65,68,68,68,65,67,66,61,66,48,47,48,45,43,45,19,J. Torres,72,76,3300000,25,1657,ST,Argentina,Forward,Rotation 70-77,Forward / Rotation 70-77
Kainho Selva,Kaio Antonaldo Selva Mota,72,72,2400000,CB,CB,Brazil,https://cdn.sofifa.net/players/233/994/23_60.png,22,183,79,1589,352,Atlético Clube Goianiense,8000,4600000,CB,2025,16,2022,-,Right,2,2,1,-,https://cdn.sofifa.net/flags/br.png,-,-,Low,Medium,66,30,49,61,73,73,58,24,73,59,24,60,38,35,40,64,64,68,60,62,54,48,72,66,79,25,68,65,38,36,34,62,74,79,72,9,7,9,16,9,53,53,51,51,51,53,53,57,55,57,68,66,68,69,72,69,18,Kainho Selva,72,72,2400000,22,1589,CB,Brazil,Defender,Rotation 70-77,Defender / Rotation 70-77
Mario Suárez,Mario Suárez Mata,72,72,650000,"CDM,CM,CB",CDM,Spain,https://cdn.sofifa.net/players/171/018/23_60.png,35,188,80,1832,376,Rayo Vallecano,10000,1400000,SUB,2023,4,2019,-,Right,4,2,2,-,https://cdn.sofifa.net/flags/es.png,-,-,Medium,High,36,65,70,64,68,73,64,60,68,73,43,60,66,70,72,73,32,40,55,70,38,79,56,59,82,68,74,70,64,71,59,74,64,71,70,9,13,16,12,11,67,62,64,64,64,62,68,65,71,65,67,72,67,67,72,67,20,Mario Suárez,72,72,650000,35,1832,CDM,Spain,Midfield,Rotation 70-77,Midfield / Rotation 70-77
J. Pinola,Javier Pinola,72,72,425000,"CB,LB",CB,Argentina,https://cdn.sofifa.net/players/146/963/23_60.png,39,180,79,1941,412,River Plate,8000,595000,RES,2022,22,2017,-,Left,3,2,2,-,https://cdn.sofifa.net/flags/ar.png,-,-,High,Low,65,61,70,70,70,76,65,56,69,75,51,70,65,57,68,72,66,65,68,65,60,74,75,68,79,60,80,71,71,70,61,80,70,70,71,8,12,11,7,11,69,68,68,68,68,68,71,70,72,70,71,72,71,71,72,71,18,J. Pinola,72,72,425000,39,1941,CB,Argentina,Defender,Rotation 70-77,Defender / Rotation 70-77
Jesé,Jesé Rodríguez Ruiz,72,72,2300000,"LW,ST,RW",LW,Spain,https://cdn.sofifa.net/players/202/515/23_60.png,29,178,80,1814,382,MKE Ankaragücü,13000,4600000,LW,2023,10,2022,-,Right,4,4,2,-,https://cdn.sofifa.net/flags/es.png,-,-,Medium,Low,75,71,69,73,25,69,63,72,56,74,65,73,73,66,66,75,77,73,74,66,74,75,77,83,73,66,38,33,74,70,72,73,17,23,12,13,7,6,13,15,72,72,72,72,72,72,72,72,69,72,55,53,55,51,43,51,20,Jesé,72,72,2300000,29,1814,LW,Spain,Forward,Rotation 70-77,Forward / Rotation 70-77
Gregore,Gregore de Magalhães da S.,72,72,2100000,"CDM,CM",CB,Brazil,https://cdn.sofifa.net/players/251/410/23_60.png,28,181,78,1894,417,Inter Miami CF,6000,3000000,CDM,2022,26,2021,-,Right,3,2,1,-,https://cdn.sofifa.net/flags/br.png,-,-,Medium,High,76,55,64,68,71,83,56,45,71,75,32,68,49,48,64,67,75,77,68,67,81,73,63,79,85,69,90,68,46,58,46,70,72,73,69,7,9,14,15,15,65,64,63,63,63,64,66,67,68,67,72,72,72,72,72,72,20,Gregore,72,72,2100000,28,1894,CB,Brazil,Defender,Rotation 70-77,Defender / Rotation 70-77
Quini,Joaquín José Marín Ruz,72,72,1600000,"RB,LB",RB,Spain,https://cdn.sofifa.net/players/209/937/23_60.png,32,178,74,1851,395,Granada CF,8000,2600000,LB,2023,17,2017,-,Right,4,3,1,-,https://cdn.sofifa.net/flags/es.png,-,-,High,Medium,71,60,65,69,69,61,73,62,60,70,48,70,70,52,57,71,73,70,68,64,71,61,50,63,61,59,61,68,65,55,58,62,64,76,74,14,13,7,14,9,67,68,66,66,66,68,68,69,67,69,72,69,72,72,69,72,20,Quini,72,72,1600000,32,1851,RB,Spain,Defender,Rotation 70-77,Defender / Rotation 70-77
J. Price,Jack Price,72,72,2000000,"CDM,CM",CDM,England,https://cdn.sofifa.net/players/205/585/23_60.png,29,170,87,1869,376,Colorado Rapids,6000,2900000,SUB,2023,19,2018,-,Right,3,2,1,-,https://cdn.sofifa.net/flags/gb-eng.png,-,-,Medium,High,47,51,74,65,65,74,70,37,51,75,34,59,68,77,78,67,52,42,71,73,85,69,71,78,69,68,82,68,49,72,50,74,69,65,63,14,9,15,10,9,58,60,60,60,60,60,66,65,71,65,69,72,69,68,69,68,20,J. Price,72,72,2000000,29,1869,CDM,England,Midfield,Rotation 70-77,Midfield / Rotation 70-77
Lyanco,Lyanco Neves Vojnovic,72,79,4300000,CB,CB,Brazil,https://cdn.sofifa.net/players/230/672/23_60.png,25,187,83,1593,353,Southampton,30000,9000000,SUB,2025,4,2021,-,Right,3,2,1,-,https://cdn.sofifa.net/flags/br.png,-,-,Medium,High,64,36,52,58,73,70,35,33,71,69,34,57,33,27,59,62,62,66,56,67,43,51,70,52,74,27,82,71,31,46,47,62,70,77,74,9,7,13,10,8,54,52,52,52,52,52,56,56,60,56,65,70,65,67,74,67,17,Lyanco,72,79,4300000,25,1593,CB,Brazil,Defender,Rotation 70-77,Defender / Rotation 70-77
Igor Madinha,Igor Paolo Madinha Eustáquio,72,72,2600000,"RM,CAM",RM,Brazil,https://cdn.sofifa.net/players/230/414/23_60.png,26,174,70,1701,375,São Paulo,25000,4900000,SUB,2025,8,2022,-,Right,3,2,1,-,https://cdn.sofifa.net/flags/br.png,-,-,Medium,Medium,94,61,63,73,27,57,68,62,44,68,50,73,61,54,50,69,94,94,84,68,80,71,53,77,55,54,39,21,65,63,55,66,23,27,31,7,6,11,15,9,68,71,69,69,69,71,70,72,63,72,58,49,58,54,41,54,18,Igor Madinha,72,72,2600000,26,1701,RM,Brazil,Midfield,Rotation 70-77,Midfield / Rotation 70-77
Sergi Canós,Sergi Canós Tenés,72,74,2900000,"LW,RWB,LWB",CAM,Spain,https://cdn.sofifa.net/players/224/013/23_60.png,25,175,66,1919,408,Brentford,33000,5700000,SUB,2023,7,2017,-,Right,3,3,1,-,https://cdn.sofifa.net/flags/es.png,-,-,High,Medium,71,69,69,75,55,69,72,70,51,70,58,76,62,56,63,73,74,69,78,70,84,71,66,69,67,69,75,54,71,72,53,63,53,59,54,7,8,15,15,15,71,72,71,71,71,72,74,74,71,74,67,66,67,65,62,65,20,Sergi Canós,72,74,2900000,25,1919,CAM,Spain,Midfield,Rotation 70-77,Midfield / Rotation 70-77
H. Magnetti,Hugo Magnetti,72,76,3100000,"CDM,CM",CDM,France,https://cdn.sofifa.net/players/244/480/23_60.png,24,180,75,1804,379,Stade Brestois 29,13000,6400000,SUB,2024,8,2018,-,Right,3,3,1,-,https://cdn.sofifa.net/flags/fr.png,-,-,Medium,High,52,49,66,71,66,75,53,41,50,73,38,72,59,41,74,73,54,51,60,68,83,68,63,70,76,49,80,69,59,70,46,71,65,71,67,10,14,15,10,12,61,62,63,63,63,62,68,66,71,66,68,73,68,67,70,67,20,H. Magnetti,72,76,3100000,24,1804,CDM,France,Midfield,Rotation 70-77,Midfield / Rotation 70-77
Pablo Santos,Pablo Renan dos Santos,72,72,1900000,CB,CB,Brazil,https://cdn.sofifa.net/players/239/872/23_60.png,30,186,80,1575,346,Al Raed,13000,3100000,CB,2024,28,2022,-,Left,2,2,1,-,https://cdn.sofifa.net/flags/br.png,-,-,Low,Medium,62,39,45,53,73,74,31,39,73,62,26,48,25,27,51,56,61,63,58,67,54,48,81,62,80,37,74,73,32,33,31,61,72,74,73,12,14,11,12,15,54,49,49,49,49,49,51,52,55,52,64,67,64,67,72,67,21,Pablo Santos,72,72,1900000,30,1575,CB,Brazil,Defender,Rotation 70-77,Defender / Rotation 70-77
Pol Lozano,Pol Lozano Vizuete,72,81,5000000,"CDM,CM",CM,Spain,https://cdn.sofifa.net/players/244/407/23_60.png,22,177,62,1883,409,RCD Espanyol de Barcelona,11000,11500000,SUB,2024,6,2017,-,Right,3,3,1,-,https://cdn.sofifa.net/flags/es.png,-,-,Medium,High,73,60,68,69,65,74,55,55,46,75,40,66,63,45,70,72,74,73,76,68,76,73,60,86,68,64,75,66,64,75,50,65,67,67,66,8,7,8,11,14,66,67,68,68,68,67,72,71,73,71,71,73,71,70,68,70,18,Pol Lozano,72,81,5000000,22,1883,CM,Spain,Midfield,Rotation 70-77,Midfield / Rotation 70-77
F. Ferreyra,Facundo Ferreyra,72,72,2000000,ST,ST,Argentina,https://cdn.sofifa.net/players/213/432/23_60.png,31,186,76,1729,360,Club Atlético Independiente,12000,3000000,ST,2023,16,2022,-,Right,3,3,1,-,https://cdn.sofifa.net/flags/ar.png,-,-,Medium,Low,59,73,59,73,30,66,49,74,74,67,70,72,48,47,53,75,57,60,75,72,65,74,66,60,73,68,58,23,74,66,73,76,22,29,26,11,11,8,14,15,72,68,71,71,71,68,71,68,65,68,51,51,51,48,47,48,21,F. Ferreyra,72,72,2000000,31,1729,ST,Argentina,Forward,Rotation 70-77,Forward / Rotation 70-77
J. Elliott,Jack Elliott,72,75,2700000,"CB,CDM",CB,England,https://cdn.sofifa.net/players/238/008/23_60.png,26,198,83,1467,326,Philadelphia Union,6000,4300000,CB,2024,3,2017,-,Right,3,2,1,-,https://cdn.sofifa.net/flags/gb-eng.png,-,-,Low,High,52,24,48,50,73,79,21,21,69,66,24,46,25,41,71,60,51,53,31,70,31,34,72,87,78,18,75,69,21,33,34,70,75,74,71,8,10,15,7,6,47,43,44,44,44,43,49,51,59,51,65,71,65,67,74,67,17,J. Elliott,72,75,2700000,26,1467,CB,England,Defender,Rotation 70-77,Defender / Rotation 70-77
Alminho Boas,Alam Cristian Boas Anjos,72,72,2300000,"CDM,CM,CB",CDM,Brazil,https://cdn.sofifa.net/players/230/329/23_60.png,26,180,75,1755,372,Clube Atlético Mineiro,22000,4099999,SUB,2025,30,2022,-,Right,3,2,1,-,https://cdn.sofifa.net/flags/br.png,-,-,Medium,Medium,60,39,62,66,69,76,43,41,58,75,37,60,48,47,69,70,65,55,71,68,85,23,69,77,72,42,85,69,55,58,49,65,67,73,70,9,10,12,12,11,56,59,58,58,58,59,64,63,68,63,68,72,68,69,72,69,19,Alminho Boas,72,72,2300000,26,1755,CDM,Brazil,Midfield,Rotation 70-77,Midfield / Rotation 70-77
Jordi Quintillà,Jordi Quintillà Guasch,72,72,2100000,"CDM,CM",CM,Spain,https://cdn.sofifa.net/players/210/619/23_60.png,28,181,73,1987,416,FC St. Gallen 1879,9000,3000000,CDM,2025,8,2022,-,Left,4,3,1,-,https://cdn.sofifa.net/flags/es.png,-,-,Medium,Medium,68,68,73,74,65,68,65,66,57,77,56,70,73,73,76,77,65,70,79,71,81,70,60,81,63,72,64,68,66,74,71,72,69,64,58,9,10,12,13,7,70,71,71,71,71,71,72,72,72,72,72,72,72,70,67,70,19,Jordi Quintillà,72,72,2100000,28,1987,CM,Spain,Midfield,Rotation 70-77,Midfield / Rotation 70-77
Elady,Eladio Zorrilla Jiménez,72,72,2000000,"ST,LM,RM",ST,Spain,https://cdn.sofifa.net/players/244/667/23_60.png,31,176,75,1851,395,CD Tenerife,9000,3200000,ST,2023,7,2021,-,Right,4,3,1,-,https://cdn.sofifa.net/flags/es.png,-,-,High,Medium,75,72,65,74,39,70,68,76,70,65,51,75,65,68,60,74,73,76,75,65,74,72,80,70,74,70,55,28,72,66,73,69,45,31,34,12,8,12,5,9,72,72,72,72,72,72,72,72,66,72,58,55,58,56,52,56,17,Elady,72,72,2000000,31,1851,ST,Spain,Forward,Rotation 70-77,Forward / Rotation 70-77
Iza Carcelén,Isaac Carcelén Valencia,72,72,2100000,"RB,RM",RB,Spain,https://cdn.sofifa.net/players/220/348/23_60.png,29,174,70,1938,408,Cádiz CF,19000,4400000,SUB,2023,20,2019,-,Right,3,3,1,-,https://cdn.sofifa.net/flags/es.png,-,-,High,Medium,77,58,68,69,67,69,75,47,54,72,56,70,72,78,59,69,78,77,71,56,74,69,55,89,57,69,75,68,69,59,69,62,67,71,65,9,11,11,10,7,65,67,66,66,66,67,68,71,69,71,72,70,72,72,67,72,16,Iza Carcelén,72,72,2100000,29,1938,RB,Spain,Defender,Rotation 70-77,Defender / Rotation 70-77
J. Rothwell,Joe Rothwell,72,73,2700000,CM,RM,England,https://cdn.sofifa.net/players/213/693/23_60.png,27,183,77,1910,411,AFC Bournemouth,32000,5600000,SUB,2026,14,2022,-,Right,4,3,1,-,https://cdn.sofifa.net/flags/gb-eng.png,-,-,High,Medium,77,62,70,75,60,67,67,62,59,72,55,78,65,63,70,73,81,74,78,70,77,59,35,86,64,66,59,64,68,72,56,65,52,64,62,14,8,13,15,9,69,72,71,71,71,72,73,73,73,73,71,69,71,70,64,70,20,J. Rothwell,72,73,2700000,27,1910,RM,England,Midfield,Rotation 70-77,Midfield / Rotation 70-77
L. Villafañez,Lucas Villafañez,72,72,2300000,"CAM,CM,LW",CAM,Argentina,https://cdn.sofifa.net/players/214/973/23_60.png,30,171,65,1847,385,APOEL Nicosia FC,950,5100000,SUB,2024,10,2022,-,Right,3,3,1,-,https://cdn.sofifa.net/flags/ar.png,-,-,High,Medium,73,67,72,75,42,56,68,67,49,75,66,76,77,70,71,74,75,72,77,69,82,68,60,70,49,64,53,43,71,72,63,69,38,42,40,9,7,11,10,9,69,72,71,71,71,72,72,72,71,72,62,60,62,59,51,59,17,L. Villafañez,72,72,2300000,30,1847,CAM,Argentina,Midfield,Rotation 70-77,Midfield / Rotation 70-77
P. Seguin,Paul Seguin,72,73,2700000,CM,CM,Germany,https://cdn.sofifa.net/players/221/885/23_60.png,27,185,82,1880,403,1. FC Union Berlin,21000,5100000,SUB,2022,14,2022,-,Right,3,3,1,-,https://cdn.sofifa.net/flags/de.png,-,-,Medium,Medium,61,59,68,71,68,76,59,56,66,75,51,68,52,43,71,77,68,55,69,73,65,65,72,83,75,63,69,69,59,73,48,73,69,67,66,14,11,6,15,8,67,67,67,67,67,67,71,70,73,70,71,73,71,71,71,71,20,P. Seguin,72,73,2700000,27,1880,CM,Germany,Midfield,Rotation 70-77,Midfield / Rotation 70-77
Son,Fco. Javier Hidalgo Gómez,72,72,2100000,"RB,RWB,LWB",RB,Spain,https://cdn.sofifa.net/players/252/086/23_60.png,28,178,72,1920,417,Levante Unión Deportiva,9000,3400000,RWB,2024,2,2020,-,Right,3,3,1,-,https://cdn.sofifa.net/flags/es.png,-,-,High,Medium,87,56,65,69,64,76,76,54,59,66,49,69,75,55,58,66,86,88,74,64,76,64,63,84,73,52,76,64,66,59,59,70,61,67,70,10,9,9,10,9,66,68,66,66,66,68,67,71,66,71,72,68,72,72,69,72,17,Son,72,72,2100000,28,1920,RB,Spain,Defender,Rotation 70-77,Defender / Rotation 70-77
Aketxe,Ager Aketxe Barrutia,72,72,2400000,"CAM,RM",CAM,Spain,https://cdn.sofifa.net/players/213/937/23_60.png,28,174,69,1917,390,SD Eibar,9000,3800000,CAM,2023,10,2021,-,Left,3,3,1,-,https://cdn.sofifa.net/flags/es.png,-,-,Medium,Medium,60,77,78,72,44,59,77,72,40,78,60,70,84,89,76,71,66,55,87,63,88,88,40,56,65,84,51,41,64,77,73,66,40,50,48,15,14,12,15,8,69,71,70,70,70,71,72,72,72,72,61,61,61,58,52,58,20,Aketxe,72,72,2400000,28,1917,CAM,Spain,Midfield,Rotation 70-77,Midfield / Rotation 70-77
L. Fomba,Lamine Fomba,72,79,4400000,"CDM,CM",CB,France,https://cdn.sofifa.net/players/236/721/23_60.png,24,188,68,1908,407,Nîmes Olympique,5000,8600000,CDM,2023,12,2019,-,Right,2,3,1,-,https://cdn.sofifa.net/flags/fr.png,-,-,Medium,High,68,52,63,73,72,79,59,47,70,70,44,71,57,45,64,73,65,70,82,69,79,67,81,86,79,48,71,73,61,62,45,68,70,73,70,14,7,14,9,13,66,65,65,65,65,65,68,69,70,69,73,73,73,73,74,73,19,L. Fomba,72,79,4400000,24,1908,CB,France,Defender,Rotation 70-77,Defender / Rotation 70-77
Teixe Gaúcho,Jorge Pietro Teixeira Lima,72,72,2400000,CB,CB,Brazil,https://cdn.sofifa.net/players/230/322/23_60.png,22,188,79,1857,399,Cuiabá,10000,4600000,CB,2025,5,2022,-,Right,3,2,1,-,https://cdn.sofifa.net/flags/br.png,-,-,Medium,Medium,73,50,63,67,71,75,71,51,77,68,49,65,33,32,66,68,71,75,70,68,71,45,90,71,76,49,75,70,63,57,59,69,73,69,68,15,11,13,12,6,65,65,63,63,63,65,66,68,67,68,72,71,72,72,72,72,19,Teixe Gaúcho,72,72,2400000,22,1857,CB,Brazil,Defender,Rotation 70-77,Defender / Rotation 70-77
G. Courtet,Gaëtan Courtet,72,72,1500000,ST,ST,France,https://cdn.sofifa.net/players/203/699/23_60.png,33,180,73,1802,370,En Avant de Guingamp,8000,2600000,SUB,2024,18,2022,-,Right,3,3,1,-,https://cdn.sofifa.net/flags/fr.png,-,-,Medium,Medium,65,75,64,70,27,69,64,75,69,68,69,69,61,65,54,72,65,65,72,68,74,76,81,71,72,77,54,31,75,66,68,69,19,21,19,8,15,13,14,12,72,70,71,71,71,70,71,70,65,70,53,51,53,49,45,49,20,G. Courtet,72,72,1500000,33,1802,ST,France,Forward,Rotation 70-77,Forward / Rotation 70-77
Raúl Guti,José Raúl Gutiérrez Parejo,72,77,3400000,"CM,CDM",CM,Spain,https://cdn.sofifa.net/players/225/204/23_60.png,25,177,74,1956,417,Elche CF,14000,7700000,SUB,2025,8,2020,-,Right,3,3,1,-,https://cdn.sofifa.net/flags/es.png,-,-,Medium,Medium,66,67,70,69,67,78,58,67,60,75,58,66,66,64,73,72,67,65,66,76,74,76,58,87,79,64,70,71,65,72,53,69,64,69,64,8,15,12,11,11,71,68,69,69,69,68,72,71,74,71,72,74,72,71,71,71,20,Raúl Guti,72,77,3400000,25,1956,CM,Spain,Midfield,Rotation 70-77,Midfield / Rotation 70-77
Álvaro Tejero,Álvaro Tejero Sacristán,72,75,2900000,"RB,LB",RM,Spain,https://cdn.sofifa.net/players/231/856/23_60.png,25,174,69,1961,416,SD Eibar,7000,4900000,RB,2024,15,2019,-,Right,4,3,1,-,https://cdn.sofifa.net/flags/es.png,-,-,High,Medium,80,64,67,71,65,69,72,64,55,67,38,69,69,67,64,70,78,82,84,66,84,70,76,91,60,66,63,67,69,64,62,66,64,66,68,13,7,10,9,7,68,70,68,68,68,70,70,73,70,73,73,69,73,72,67,72,17,Álvaro Tejero,72,75,2900000,25,1961,RM,Spain,Midfield,Rotation 70-77,Midfield / Rotation 70-77
Hugo Rubiães,Hugo Adryan Rubiães Chaves,72,72,2300000,"CDM,RB",CDM,Brazil,https://cdn.sofifa.net/players/230/530/23_60.png,26,175,75,1907,399,Fluminense,15000,4400000,RB,2025,4,2022,-,Right,3,2,1,-,https://cdn.sofifa.net/flags/br.png,-,-,Medium,Medium,67,61,61,69,75,66,48,55,61,71,60,67,70,54,66,71,72,62,76,72,74,74,63,67,66,64,67,76,58,54,53,62,78,74,76,9,15,18,8,8,66,64,65,65,65,64,67,66,69,66,71,72,71,72,72,72,19,Hugo Rubiães,72,72,2300000,26,1907,CDM,Brazil,Midfield,Rotation 70-77,Midfield / Rotation 70-77
M. Cafaro,Mathieu Cafaro,72,75,3100000,"LM,RM,CM",CAM,France,https://cdn.sofifa.net/players/231/236/23_60.png,25,178,74,1890,397,AS Saint-Étienne,12000,0,RW,2023,18,2022,TRUE,Right,3,4,1,-,https://cdn.sofifa.net/flags/fr.png,-,-,Medium,Medium,75,68,70,75,47,62,70,65,47,70,61,75,71,73,68,72,79,72,81,70,83,72,59,76,56,71,59,48,68,69,69,68,44,50,45,6,10,11,10,10,69,71,70,70,70,71,73,73,70,73,65,62,65,62,55,62,18,M. Cafaro,72,75,3100000,25,1890,CAM,France,Midfield,Rotation 70-77,Midfield / Rotation 70-77
Fábio Melitinho,Fábio Kel Melo Feijó,72,72,2600000,"CAM,LM",CAM,Brazil,https://cdn.sofifa.net/players/230/466/23_60.png,26,170,67,1781,349,Fluminense,17000,4900000,SUB,2025,10,2022,-,Right,5,3,1,-,https://cdn.sofifa.net/flags/br.png,-,-,Medium,Low,46,73,75,75,24,56,73,72,42,74,73,74,83,75,75,73,40,51,76,76,85,74,50,69,50,75,54,20,74,75,72,83,10,33,31,13,10,8,8,13,69,70,70,70,70,70,72,72,71,72,54,54,54,49,41,49,20,Fábio Melitinho,72,72,2600000,26,1781,CAM,Brazil,Midfield,Rotation 70-77,Midfield / Rotation 70-77
L. Castro,Lucas Castro,72,72,1400000,"CM,CAM",CM,Argentina,https://cdn.sofifa.net/players/205/633/23_60.png,33,182,76,1971,411,Club Atlético Sarmiento,10000,2000000,CM,2022,19,2022,-,Right,4,4,2,-,https://cdn.sofifa.net/flags/ar.png,-,-,High,Medium,66,68,73,74,64,66,72,63,68,74,67,75,76,68,71,76,70,63,69,73,73,77,62,64,67,72,65,68,69,72,68,72,55,67,65,6,7,9,15,5,72,71,72,72,72,71,72,72,72,72,70,71,70,70,68,70,17,L. Castro,72,72,1400000,33,1971,CM,Argentina,Midfield,Rotation 70-77,Midfield / Rotation 70-77
Alam Basteirinho,Marcos Alam Bastos Domingues,72,72,2300000,CAM,CAM,Brazil,https://cdn.sofifa.net/players/230/464/23_60.png,30,183,74,1757,361,Santos,19000,4400000,CAM,2025,29,2022,-,Left,4,3,1,-,https://cdn.sofifa.net/flags/br.png,-,-,Medium,Low,62,65,72,73,36,53,68,66,48,75,67,76,65,73,69,73,61,63,66,71,61,54,51,36,58,69,63,48,71,76,71,71,10,47,44,11,10,10,12,14,67,71,70,70,70,71,72,71,70,71,57,58,57,54,50,54,20,Alam Basteirinho,72,72,2300000,30,1757,CAM,Brazil,Midfield,Rotation 70-77,Midfield / Rotation 70-77
K. Davis,Keinan Davis,72,77,3600000,ST,ST,England,https://cdn.sofifa.net/players/231/743/23_60.png,24,191,82,1759,389,Watford,45000,0,SUB,2023,7,2015,TRUE,Left,2,3,1,-,https://cdn.sofifa.net/flags/gb-eng.png,-,-,Medium,Medium,69,69,54,72,43,82,47,72,74,63,64,73,49,40,40,75,66,72,65,67,66,72,72,65,93,63,80,44,70,58,60,67,44,38,23,7,14,9,9,5,74,67,69,69,69,67,68,67,63,67,56,57,56,54,58,54,17,K. Davis,72,77,3600000,24,1759,ST,England,Forward,Rotation 70-77,Forward / Rotation 70-77
M. Cuisance,Michaël Cuisance,72,81,5000000,"CM,CAM",CAM,France,https://cdn.sofifa.net/players/239/744/23_60.png,22,181,74,1945,404,Venezia FC,4000,9000000,CM,2025,10,2022,-,Left,3,4,1,-,https://cdn.sofifa.net/flags/fr.png,-,-,Medium,Medium,71,66,76,76,53,62,76,59,49,75,63,76,83,74,78,78,80,63,83,69,75,77,61,63,64,74,57,48,63,75,61,62,49,61,54,9,14,11,8,15,69,72,71,71,71,72,75,74,74,74,67,66,67,64,60,64,20,M. Cuisance,72,81,5000000,22,1945,CAM,France,Midfield,Rotation 70-77,Midfield / Rotation 70-77
Kauã Abranches,Kauã Ricardo Abranches Simões,72,72,2600000,"CAM,RM,RB",RM,Brazil,https://cdn.sofifa.net/players/230/272/23_60.png,26,177,70,1879,400,Fortaleza,11000,4900000,CAM,2025,71,2022,-,Right,4,3,1,-,https://cdn.sofifa.net/flags/br.png,-,-,High,Medium,84,64,67,73,51,61,72,64,43,70,58,72,49,60,58,73,87,81,79,81,75,63,58,77,59,66,49,66,77,71,53,68,34,58,57,8,10,12,20,19,70,72,72,72,72,72,72,72,72,72,70,65,70,68,58,68,23,Kauã Abranches,72,72,2600000,26,1879,RM,Brazil,Midfield,Rotation 70-77,Midfield / Rotation 70-77
Eduardo Santos,Eduardo Gonzaga Mendes Santos,72,76,3000000,"CB,RB",CB,Brazil,https://cdn.sofifa.net/players/267/839/23_60.png,24,196,90,1705,384,SK Slavia Praha,750,6800000,CB,2026,12,2022,-,Right,3,2,1,-,https://cdn.sofifa.net/flags/br.png,-,-,High,Medium,68,45,59,66,72,74,45,34,71,68,44,67,28,33,63,69,65,71,58,68,43,63,59,56,85,52,75,72,47,66,36,73,71,73,70,14,12,7,8,12,61,60,61,61,61,60,64,63,66,63,67,71,67,69,74,69,19,Eduardo Santos,72,76,3000000,24,1705,CB,Brazil,Defender,Rotation 70-77,Defender / Rotation 70-77
Portillo,Francisco Portillo Soler,72,72,1900000,"RM,LM",RM,Spain,https://cdn.sofifa.net/players/193/844/23_60.png,32,169,60,1931,397,Unión Deportiva Almería,18000,4200000,SUB,2023,8,2021,-,Right,3,3,1,-,https://cdn.sofifa.net/flags/es.png,-,-,Medium,Medium,64,69,74,73,55,62,75,70,59,74,64,73,76,65,72,71,66,62,75,72,85,68,56,65,64,69,57,56,73,75,64,70,52,56,53,14,15,8,16,11,71,71,71,71,71,71,72,72,72,72,66,66,66,64,61,64,22,Portillo,72,72,1900000,32,1931,RM,Spain,Midfield,Rotation 70-77,Midfield / Rotation 70-77
Kelivelson,Kelivelson Vaz Laranjeiras,72,72,2300000,"CDM,RB,RM",CB,Brazil,https://cdn.sofifa.net/players/230/452/23_60.png,26,182,78,1830,391,Ceará Sporting Club,10000,4400000,RB,2025,2,2022,-,Right,3,2,1,-,https://cdn.sofifa.net/flags/br.png,-,-,High,Medium,70,47,66,62,72,74,51,51,73,72,39,62,61,62,71,61,72,68,56,72,60,44,82,68,73,41,81,71,44,67,63,70,73,72,73,7,15,7,8,10,60,60,60,60,60,60,64,65,67,65,70,72,70,71,72,71,19,Kelivelson,72,72,2300000,26,1830,CB,Brazil,Defender,Rotation 70-77,Defender / Rotation 70-77
E. Durm,Erik Durm,72,72,2000000,"RB,LB",RB,Germany,https://cdn.sofifa.net/players/207/920/23_60.png,30,182,70,1851,394,1. FC Kaiserslautern,9000,3100000,LB,2023,37,2022,-,Right,3,3,2,-,https://cdn.sofifa.net/flags/de.png,-,-,Medium,Medium,71,55,65,68,68,67,69,52,58,71,43,66,60,35,60,70,76,67,69,71,67,65,72,75,63,53,68,69,67,62,55,69,70,70,68,12,14,8,15,11,65,66,66,66,66,66,68,70,69,70,72,71,72,72,70,72,21,E. Durm,72,72,2000000,30,1851,RB,Germany,Defender,Rotation 70-77,Defender / Rotation 70-77
L. Baker,Lewis Baker,72,73,2700000,"CM,CDM",CM,England,https://cdn.sofifa.net/players/211/504/23_60.png,27,182,72,2001,416,Stoke City,21000,5300000,CDM,2024,8,2022,-,Right,5,3,1,-,https://cdn.sofifa.net/flags/gb-eng.png,-,-,High,Medium,66,69,72,72,66,71,70,63,58,73,71,70,74,74,73,75,67,66,72,70,71,77,62,76,69,73,72,67,65,72,76,71,68,67,61,8,15,12,8,6,70,70,70,70,70,70,73,72,73,72,71,72,71,70,69,70,18,L. Baker,72,73,2700000,27,2001,CM,England,Midfield,Rotation 70-77,Midfield / Rotation 70-77
Curro Sánchez,Francisco José Sánchez Rodríguez,72,73,2800000,"RM,CAM,CM",CAM,Spain,https://cdn.sofifa.net/players/231/733/23_60.png,26,173,71,1798,380,Burgos CF,7000,4600000,CAM,2024,16,2022,-,Left,3,3,1,-,https://cdn.sofifa.net/flags/es.png,-,-,High,Medium,76,72,70,73,41,48,70,73,43,68,60,73,75,73,67,71,78,74,79,65,79,69,33,67,43,75,40,44,69,75,70,72,36,46,37,12,9,9,8,8,69,72,71,71,71,72,73,73,69,73,61,57,61,58,48,58,17,Curro Sánchez,72,73,2800000,26,1798,CAM,Spain,Midfield,Rotation 70-77,Midfield / Rotation 70-77
Leordinho Paes,Manuel Leonardo Conceição Paes,72,72,2800000,"CAM,LM",CAM,Brazil,https://cdn.sofifa.net/players/230/461/23_60.png,22,180,69,1810,376,Santos,16000,5300000,CAM,2025,30,2022,-,Left,3,3,1,-,https://cdn.sofifa.net/flags/br.png,-,-,Medium,Medium,69,64,73,73,43,54,71,67,51,73,62,73,72,67,69,76,68,70,73,65,70,55,67,66,54,66,37,46,74,78,64,66,26,54,42,11,15,12,9,7,68,72,71,71,71,72,72,72,72,72,62,60,62,59,51,59,19,Leordinho Paes,72,72,2800000,22,1810,CAM,Brazil,Midfield,Rotation 70-77,Midfield / Rotation 70-77
Kiko Olivas,Francisco José Olivas Alba,72,72,1100000,CB,CB,Spain,https://cdn.sofifa.net/players/186/684/23_60.png,33,185,83,1666,360,FC Cartagena,7000,1800000,SUB,2024,21,2022,-,Right,3,2,1,-,https://cdn.sofifa.net/flags/es.png,-,-,Medium,Medium,46,49,60,59,73,73,44,53,72,73,53,54,30,36,66,67,40,51,54,76,33,54,77,66,80,36,64,74,50,60,38,72,73,73,67,8,8,15,7,14,61,56,58,58,58,56,62,60,67,60,67,72,67,68,72,68,19,Kiko Olivas,72,72,1100000,33,1666,CB,Spain,Defender,Rotation 70-77,Defender / Rotation 70-77
M. Melluso,Matías Melluso,72,78,3500000,"LB,LWB",LB,Argentina,https://cdn.sofifa.net/players/240/956/23_60.png,24,170,63,1787,387,Gimnasia y Esgrima La Plata,10000,6000000,LB,2023,32,2017,-,Left,2,3,1,-,https://cdn.sofifa.net/flags/ar.png,-,-,Medium,High,78,44,61,71,68,65,69,41,63,66,38,70,55,33,65,72,80,76,75,69,74,47,64,76,61,45,63,65,59,51,44,64,66,72,70,13,13,14,12,6,61,65,62,62,62,65,65,69,66,69,72,69,72,72,69,72,20,M. Melluso,72,78,3500000,24,1787,LB,Argentina,Defender,Rotation 70-77,Defender / Rotation 70-77
Talles Magno,Talles Magno Bacelar Martins,72,84,5500000,"LM,CF",RM,Brazil,https://cdn.sofifa.net/players/253/755/23_60.png,20,186,70,1728,382,New York City FC,5000,9400000,ST,2026,43,2021,-,Right,4,5,1,-,https://cdn.sofifa.net/flags/br.png,-,-,High,Medium,82,61,60,80,37,62,60,64,54,65,57,79,64,44,43,84,84,81,81,69,72,68,71,65,69,44,38,24,68,66,61,74,34,46,25,8,10,12,6,12,71,72,71,71,71,72,72,73,65,73,58,53,58,55,49,55,18,Talles Magno,72,84,5500000,20,1728,RM,Brazil,Midfield,Rotation 70-77,Midfield / Rotation 70-77
Lázaro,Lázaro Vinicius Marques,72,85,5500000,"LM,CM,RM",LM,Brazil,https://cdn.sofifa.net/players/271/673/23_60.png,20,181,75,1676,365,Unión Deportiva Almería,13000,15500000,SUB,2028,14,2022,-,Right,3,4,1,-,https://cdn.sofifa.net/flags/br.png,-,-,Medium,Medium,69,58,68,73,38,59,63,64,66,75,47,78,49,46,66,76,71,67,58,69,72,53,61,64,63,49,41,29,67,71,54,53,33,42,33,7,7,11,14,10,68,70,70,70,70,70,72,73,69,73,58,56,58,55,50,55,18,Lázaro,72,85,5500000,20,1676,LM,Brazil,Midfield,Rotation 70-77,Midfield / Rotation 70-77
T. Jantschke,Tony Jantschke,72,72,1500000,"CB,RB",CB,Germany,https://cdn.sofifa.net/players/190/520/23_60.png,32,177,76,1758,376,Borussia Mönchengladbach,18000,2600000,SUB,2023,24,2009,-,Right,2,2,2,-,https://cdn.sofifa.net/flags/de.png,-,-,Low,Medium,64,41,62,66,73,70,63,35,66,70,37,62,43,40,69,67,61,66,66,75,68,48,83,66,72,44,68,77,45,53,51,78,74,73,73,11,6,7,6,13,57,59,58,58,58,59,62,64,66,64,72,72,72,72,72,72,18,T. Jantschke,72,72,1500000,32,1758,CB,Germany,Defender,Rotation 70-77,Defender / Rotation 70-77
Dani Raba,Daniel Raba Antolin,72,73,2800000,"RM,RW",CAM,Spain,https://cdn.sofifa.net/players/241/463/23_60.png,26,184,76,1749,371,CD Leganés,10000,4700000,SUB,2024,17,2022,-,Left,3,4,1,-,https://cdn.sofifa.net/flags/es.png,-,-,Medium,Medium,62,71,71,73,38,56,73,74,42,72,52,75,68,51,74,76,67,58,68,65,54,71,44,55,61,70,50,40,74,72,67,65,38,36,38,12,11,15,12,14,70,72,71,71,71,72,73,73,70,73,58,58,58,55,49,55,20,Dani Raba,72,73,2800000,26,1749,CAM,Spain,Midfield,Rotation 70-77,Midfield / Rotation 70-77
Akieme,Sergio Akieme Rodríguez,72,79,4500000,"LB,LWB,LM",LB,Spain,https://cdn.sofifa.net/players/226/103/23_60.png,24,175,70,1773,387,Unión Deportiva Almería,14000,10800000,LM,2026,15,2021,-,Left,3,3,1,-,https://cdn.sofifa.net/flags/es.png,-,-,Medium,Medium,79,44,57,69,68,70,66,40,62,67,21,67,45,36,48,71,78,79,73,65,82,55,83,76,65,44,71,69,58,45,40,54,68,68,70,8,11,14,15,13,61,63,61,61,61,63,63,66,63,66,72,68,72,72,70,72,20,Akieme,72,79,4500000,24,1773,LB,Spain,Defender,Rotation 70-77,Defender / Rotation 70-77
Iván Jaime,Iván Jaime Pajuelo,72,82,5500000,"CAM,ST,LW",CAM,Spain,https://cdn.sofifa.net/players/246/070/23_60.png,21,180,72,1846,393,Futebol Clube de Famalicão,6000,12700000,SUB,2025,10,2020,-,Right,3,3,1,-,https://cdn.sofifa.net/flags/es.png,-,-,Medium,Medium,72,70,67,73,50,61,62,72,58,72,67,75,68,60,69,76,74,71,70,68,67,70,53,67,66,69,44,52,73,65,62,60,46,52,48,9,14,10,11,6,72,71,72,72,72,71,74,73,71,73,64,63,64,62,57,62,18,Iván Jaime,72,82,5500000,21,1846,CAM,Spain,Midfield,Rotation 70-77,Midfield / Rotation 70-77
Sebas Couteira,Sebastião Erick Couteira Baía,72,72,2800000,"CAM,RM",RW,Brazil,https://cdn.sofifa.net/players/230/267/23_60.png,22,178,70,1808,376,Club Athletico Paranaense,10000,5300000,RM,2025,26,2022,-,Right,4,4,1,-,https://cdn.sofifa.net/flags/br.png,-,-,Medium,Medium,74,62,72,74,42,52,76,70,54,76,67,74,67,76,59,76,75,74,67,74,72,52,79,37,59,52,46,38,74,73,57,71,32,52,41,15,13,12,10,9,70,72,72,72,72,72,72,72,68,72,60,58,60,58,53,58,21,Sebas Couteira,72,72,2800000,22,1808,RW,Brazil,Forward,Rotation 70-77,Forward / Rotation 70-77
Dersan Dinis,Dersan Jaime Dinis Abravanel,72,72,2300000,RW,RW,Brazil,https://cdn.sofifa.net/players/230/477/23_60.png,30,176,70,1824,400,Palmeiras,27000,4099999,SUB,2025,33,2022,-,Right,3,3,1,-,https://cdn.sofifa.net/flags/br.png,-,-,High,Medium,78,66,69,67,52,68,72,72,69,73,54,71,55,50,64,68,76,80,58,75,45,55,69,63,75,70,58,51,73,72,41,64,45,51,60,8,16,12,14,9,72,72,71,71,71,72,72,72,70,72,66,64,66,65,62,65,21,Dersan Dinis,72,72,2300000,30,1824,RW,Brazil,Forward,Rotation 70-77,Forward / Rotation 70-77
B. Cufré,Braian Cufré,72,77,3200000,"LB,LM",LWB,Argentina,https://cdn.sofifa.net/players/231/247/23_60.png,25,178,79,1975,423,RCD Mallorca,16000,7300000,RES,2024,3,2020,-,Left,3,3,1,-,https://cdn.sofifa.net/flags/ar.png,-,-,High,Medium,78,64,69,69,68,75,72,58,58,69,59,69,80,66,68,68,76,79,79,65,60,80,83,89,69,65,70,66,59,66,55,58,72,70,61,6,7,12,13,6,68,68,67,67,67,68,69,71,70,71,73,71,73,72,70,72,16,B. Cufré,72,77,3200000,25,1975,LWB,Argentina,Defender,Rotation 70-77,Defender / Rotation 70-77
Y. Bodiger,Yann Bodiger,72,74,2500000,"CDM,CM,CAM",CDM,France,https://cdn.sofifa.net/players/224/591/23_60.png,27,188,80,1874,389,Granada CF,8000,4200000,CDM,2024,6,2022,-,Left,3,2,1,-,https://cdn.sofifa.net/flags/fr.png,-,-,Medium,Medium,52,58,69,66,70,74,63,52,61,70,44,63,67,69,74,74,55,50,56,71,52,70,70,70,77,63,71,71,58,71,59,65,70,72,67,14,12,9,13,16,64,63,64,64,64,63,68,67,72,67,69,73,69,69,72,69,22,Y. Bodiger,72,74,2500000,27,1874,CDM,France,Midfield,Rotation 70-77,Midfield / Rotation 70-77
Ailton Valpaços,Ailton Jonas Valpaços Salazar,72,72,1900000,"CB,CDM",CB,Brazil,https://cdn.sofifa.net/players/230/222/23_60.png,30,186,79,1859,392,São Paulo,23000,3600000,CB,2025,27,2022,-,Right,3,2,1,-,https://cdn.sofifa.net/flags/br.png,-,-,Medium,Medium,64,58,60,63,71,76,47,42,72,73,50,60,60,48,67,66,69,60,68,64,56,79,81,75,75,76,80,65,55,50,50,72,70,75,77,8,13,9,9,10,64,60,61,61,61,60,64,63,67,63,69,72,69,70,72,70,18,Ailton Valpaços,72,72,1900000,30,1859,CB,Brazil,Defender,Rotation 70-77,Defender / Rotation 70-77
G. Weissbeck,Gaëtan Weissbeck,72,77,3400000,"CAM,RM",CAM,France,https://cdn.sofifa.net/players/237/132/23_60.png,25,177,70,1890,396,FC Sochaux-Montbéliard,6000,6200000,CAM,2024,10,2019,-,Right,2,3,1,-,https://cdn.sofifa.net/flags/fr.png,-,-,Medium,Medium,66,70,72,75,46,67,66,68,47,75,58,76,77,78,70,76,63,68,78,65,74,77,67,77,68,74,53,29,66,70,67,68,38,63,50,14,7,9,15,7,70,71,71,71,71,71,74,73,72,73,63,62,63,60,55,60,19,G. Weissbeck,72,77,3400000,25,1890,CAM,France,Midfield,Rotation 70-77,Midfield / Rotation 70-77
J. O'Connell,Jack O'Connell,72,74,2400000,CB,CB,England,https://cdn.sofifa.net/players/212/300/23_60.png,28,191,85,1652,360,Sheffield United,20000,4700000,SUB,2023,5,2016,-,Left,2,2,1,-,https://cdn.sofifa.net/flags/gb-eng.png,-,-,High,Medium,55,37,63,60,72,73,70,35,72,69,30,59,47,32,64,62,54,55,54,65,48,41,80,46,83,40,81,71,42,58,34,67,72,72,70,9,12,7,6,12,55,56,54,54,54,56,59,60,62,60,67,70,67,68,74,68,18,J. O'Connell,72,74,2400000,28,1652,CB,England,Defender,Rotation 70-77,Defender / Rotation 70-77
Fabiano Sonta,Fabiano Elton Sonta Pessoa,72,72,1900000,"CB,CDM",CB,Brazil,https://cdn.sofifa.net/players/230/218/23_60.png,30,181,82,1639,341,Fluminense,15000,3600000,CDM,2025,14,2022,-,Right,3,2,1,-,https://cdn.sofifa.net/flags/br.png,-,-,Medium,Medium,46,41,56,53,74,71,39,33,72,69,46,46,33,49,65,50,43,48,69,73,63,54,67,51,78,43,78,77,37,51,44,75,76,73,65,7,11,12,8,9,53,49,50,50,50,49,54,52,60,52,63,70,63,65,72,65,18,Fabiano Sonta,72,72,1900000,30,1639,CB,Brazil,Defender,Rotation 70-77,Defender / Rotation 70-77
R. Ábila,Ramón Ábila,72,72,1900000,ST,ST,Argentina,https://cdn.sofifa.net/players/226/378/23_60.png,32,177,93,1793,378,Club Atlético Colón,11000,2900000,SUB,2024,12,2022,-,Right,3,3,1,-,https://cdn.sofifa.net/flags/ar.png,-,-,High,Low,66,71,61,70,32,78,53,70,75,65,73,69,52,48,63,70,65,67,68,65,72,81,69,54,92,63,76,19,75,65,67,76,29,32,22,16,14,15,14,15,72,67,69,69,69,67,69,68,64,68,50,52,50,48,51,48,22,R. Ábila,72,72,1900000,32,1793,ST,Argentina,Forward,Rotation 70-77,Forward / Rotation 70-77
J. Le Douaron,Jérémy Le Douaron,72,76,3400000,"ST,LM",ST,France,https://cdn.sofifa.net/players/257/111/23_60.png,24,189,78,1817,398,Stade Brestois 29,16000,7100000,SUB,2023,22,2020,-,Left,2,3,1,-,https://cdn.sofifa.net/flags/fr.png,-,-,Medium,High,70,70,65,71,49,73,68,72,71,69,44,73,58,48,56,73,71,70,63,69,57,75,66,71,77,68,69,51,73,68,56,65,44,48,41,12,12,6,8,10,74,71,71,71,71,71,72,72,68,72,63,62,63,61,60,61,19,J. Le Douaron,72,76,3400000,24,1817,ST,France,Forward,Rotation 70-77,Forward / Rotation 70-77
Àlex Corredera,Alexandre Corredera Alardi,72,75,3000000,"CM,CAM,RM",CM,Spain,https://cdn.sofifa.net/players/229/207/23_60.png,26,178,72,1899,394,CD Tenerife,8000,5000000,CM,2024,6,2021,-,Left,2,3,1,-,https://cdn.sofifa.net/flags/es.png,-,-,High,Medium,64,65,72,71,55,67,58,67,55,78,56,69,79,72,76,74,61,67,71,70,71,69,62,79,66,61,58,46,70,73,59,77,53,62,59,10,11,15,14,8,69,69,70,70,70,69,73,72,74,72,66,68,66,65,62,65,19,Àlex Corredera,72,75,3000000,26,1899,CM,Spain,Midfield,Rotation 70-77,Midfield / Rotation 70-77
Juan Iglesias,Juan Antonio Iglesias Sánchez,72,79,4500000,"RB,RM,RWB",RB,Spain,https://cdn.sofifa.net/players/260/178/23_60.png,23,185,76,1698,369,Getafe CF,15000,10400000,RB,2026,21,2019,-,Right,4,3,1,-,https://cdn.sofifa.net/flags/es.png,-,-,Medium,Medium,71,37,60,64,70,67,67,36,70,68,37,65,58,40,48,65,72,70,65,70,52,36,55,76,66,32,60,69,58,55,42,60,68,73,72,10,12,11,12,8,58,61,59,59,59,61,62,65,63,65,72,68,72,72,70,72,19,Juan Iglesias,72,79,4500000,23,1698,RB,Spain,Defender,Rotation 70-77,Defender / Rotation 70-77
Guerrero,Adrián Guerrero Aguilar,72,79,4500000,"LWB,LB,LM",LWB,Spain,https://cdn.sofifa.net/players/245/586/23_60.png,24,174,67,1986,419,FC Zürich,11000,7700000,LM,2024,3,2021,-,Left,3,2,1,-,https://cdn.sofifa.net/flags/es.png,-,-,Medium,High,74,67,68,69,69,72,67,67,65,67,67,68,66,63,68,69,73,74,69,69,76,66,70,82,68,65,68,68,73,72,64,68,70,69,70,10,12,11,12,8,70,69,69,69,69,69,71,72,72,72,72,71,72,72,71,72,19,Guerrero,72,79,4500000,24,1986,LWB,Spain,Defender,Rotation 70-77,Defender / Rotation 70-77
C. Espinoza,Cristian Espinoza,72,72,2500000,RM,RM,Argentina,https://cdn.sofifa.net/players/226/385/23_60.png,27,173,73,1800,392,San Jose Earthquakes,7000,3800000,RM,2022,10,2019,-,Right,5,3,1,-,https://cdn.sofifa.net/flags/ar.png,-,-,High,High,81,64,69,73,42,63,71,61,41,70,64,73,65,61,65,70,83,80,81,65,76,72,34,84,61,61,50,38,67,71,60,70,50,39,36,16,8,12,7,8,67,71,69,69,69,71,72,72,68,72,63,59,63,59,50,59,18,C. Espinoza,72,72,2500000,27,1800,RM,Argentina,Midfield,Rotation 70-77,Midfield / Rotation 70-77
N. Gaitán,Nicolás Gaitán,72,72,1100000,"CAM,CM",CAM,Argentina,https://cdn.sofifa.net/players/184/144/23_60.png,34,173,66,1806,362,FC Paços de Ferreira,8000,2300000,CM,2023,28,2022,-,Left,2,4,3,-,https://cdn.sofifa.net/flags/ar.png,-,-,Medium,Low,57,70,74,74,41,46,76,68,54,69,77,73,82,72,74,76,59,55,63,74,80,70,57,34,48,69,53,40,74,78,71,79,35,42,43,8,11,9,7,5,70,71,71,71,71,71,72,72,71,72,58,59,58,56,51,56,18,N. Gaitán,72,72,1100000,34,1806,CAM,Argentina,Midfield,Rotation 70-77,Midfield / Rotation 70-77
E. Amor,Emiliano Amor,72,74,2500000,CB,CB,Argentina,https://cdn.sofifa.net/players/226/170/23_60.png,27,190,80,1545,336,Colo-Colo,5000,3700000,CB,2024,15,2021,-,Right,3,2,1,-,https://cdn.sofifa.net/flags/ar.png,-,-,Low,High,51,36,47,52,70,80,33,39,74,64,23,48,31,17,57,56,45,55,51,65,52,45,75,63,87,19,85,69,27,35,58,52,70,70,68,10,14,12,14,14,52,46,47,47,47,46,50,51,55,51,62,67,62,64,74,64,21,E. Amor,72,74,2500000,27,1545,CB,Argentina,Defender,Rotation 70-77,Defender / Rotation 70-77
R. Ledson,Ryan Ledson,72,75,2900000,"CDM,CM",CDM,England,https://cdn.sofifa.net/players/222/836/23_60.png,24,175,69,1891,395,Preston North End,19000,5700000,SUB,2023,18,2018,-,Right,2,2,1,-,https://cdn.sofifa.net/flags/gb-eng.png,-,-,Medium,Medium,63,56,69,66,67,74,64,58,58,72,45,63,66,64,70,69,62,63,68,67,70,59,67,83,65,52,87,68,59,70,53,70,66,70,68,14,16,16,8,11,63,64,64,64,64,64,68,68,71,68,71,73,71,70,70,70,20,R. Ledson,72,75,2900000,24,1891,CDM,England,Midfield,Rotation 70-77,Midfield / Rotation 70-77
Guto Milazar,Guto Ramón Milazar Coimbra,72,72,2000000,LB,LB,Brazil,https://cdn.sofifa.net/players/230/260/23_60.png,30,170,68,1726,366,Flamengo,23000,3600000,SUB,2025,30,2022,-,Left,3,2,1,-,https://cdn.sofifa.net/flags/br.png,-,-,Medium,Medium,73,40,61,64,70,58,67,22,60,70,31,64,31,55,73,58,74,73,76,64,75,67,55,85,47,51,51,72,50,38,51,60,69,71,73,5,12,13,14,9,55,58,56,56,56,58,59,63,64,63,72,69,72,72,67,72,18,Guto Milazar,72,72,2000000,30,1726,LB,Brazil,Defender,Rotation 70-77,Defender / Rotation 70-77
F. Mura,Facundo Mura,72,77,3300000,"RB,LB",RB,Argentina,https://cdn.sofifa.net/players/247/156/23_60.png,23,171,69,1863,405,Racing Club,11000,5200000,RB,2024,34,2022,-,Right,3,3,1,-,https://cdn.sofifa.net/flags/ar.png,-,-,High,Medium,78,54,66,70,67,70,71,50,55,67,30,70,52,41,66,69,79,78,76,69,74,67,66,79,66,55,69,67,72,70,47,69,67,70,65,11,11,12,8,14,66,68,67,67,67,68,70,72,70,72,72,70,72,72,69,72,19,F. Mura,72,77,3300000,23,1863,RB,Argentina,Defender,Rotation 70-77,Defender / Rotation 70-77
Wallace,Wallace Fortuna Santos,72,74,2500000,CB,CB,Brazil,https://cdn.sofifa.net/players/216/437/23_60.png,27,191,85,1525,337,Wuhan Three Towns,13000,4099999,CB,2023,3,2022,-,Right,2,2,2,-,https://cdn.sofifa.net/flags/br.png,-,-,Medium,Medium,68,28,44,49,71,77,34,21,72,59,36,45,33,29,50,52,64,71,45,70,34,40,80,61,86,26,76,71,25,31,45,68,72,70,69,15,11,11,10,11,49,45,45,45,45,45,47,50,52,50,63,66,63,66,74,66,20,Wallace,72,74,2500000,27,1525,CB,Brazil,Defender,Rotation 70-77,Defender / Rotation 70-77
Leandro Vivenço,Leandro Freddy Vivenço Morais,72,72,2800000,ST,ST,Brazil,https://cdn.sofifa.net/players/230/519/23_60.png,22,174,69,1849,377,RB Bragantino,12000,5300000,SUB,2025,9,2022,-,Right,3,3,1,-,https://cdn.sofifa.net/flags/br.png,-,-,Medium,Medium,75,76,59,75,30,62,61,76,65,55,72,77,77,74,57,75,73,76,73,74,83,83,75,78,54,73,57,22,65,57,71,62,33,22,21,14,11,10,18,17,72,70,71,71,71,70,70,71,63,71,54,50,54,51,44,51,23,Leandro Vivenço,72,72,2800000,22,1849,ST,Brazil,Forward,Rotation 70-77,Forward / Rotation 70-77
T. Monconduit,Thomas Monconduit,72,72,1600000,"CDM,CM",CDM,France,https://cdn.sofifa.net/players/203/128/23_60.png,31,184,83,1880,386,AS Saint-Étienne,7000,2900000,CM,2025,7,2022,-,Right,3,2,1,-,https://cdn.sofifa.net/flags/fr.png,-,-,High,High,50,57,68,66,71,74,67,49,71,68,39,65,72,63,72,70,43,55,61,67,59,70,71,75,74,68,74,71,64,68,52,68,71,70,70,12,9,14,13,13,65,63,63,63,63,63,67,66,71,66,70,72,70,70,72,70,20,T. Monconduit,72,72,1600000,31,1880,CDM,France,Midfield,Rotation 70-77,Midfield / Rotation 70-77
Leo Coelho,Leonardo Henriques Coelho,72,73,2200000,CB,CB,Brazil,https://cdn.sofifa.net/players/253/305/23_60.png,29,189,87,1715,372,Club Nacional de Football,650,5000000,CB,2022,3,2022,-,Right,3,2,1,-,https://cdn.sofifa.net/flags/br.png,-,-,High,Medium,69,43,57,57,73,73,39,41,74,69,35,44,39,37,67,67,65,72,71,59,64,51,74,65,82,40,60,73,45,56,49,71,67,78,76,14,13,10,7,12,58,54,55,55,55,54,59,58,63,58,67,71,67,70,73,70,19,Leo Coelho,72,73,2200000,29,1715,CB,Brazil,Defender,Rotation 70-77,Defender / Rotation 70-77
Xavi Torres,Xavier Torres Buigues,72,72,650000,"CDM,CB",CDM,Spain,https://cdn.sofifa.net/players/179/528/23_60.png,35,179,82,1906,400,CD Lugo,5000,1000000,CDM,2024,14,2020,-,Right,3,2,1,-,https://cdn.sofifa.net/flags/es.png,-,-,Medium,High,59,60,69,64,69,79,66,49,63,71,57,58,58,65,70,72,58,60,59,71,60,80,70,71,86,65,73,75,57,70,66,72,73,65,67,12,15,6,8,10,66,63,64,64,64,63,67,67,70,67,70,72,70,70,72,70,20,Xavi Torres,72,72,650000,35,1906,CDM,Spain,Midfield,Rotation 70-77,Midfield / Rotation 70-77
Jutglà,Ferran Jutglà Blanch,72,80,5000000,"ST,LW",ST,Spain,https://cdn.sofifa.net/players/265/800/23_60.png,23,174,79,1787,385,Club Brugge KV,17000,8000000,ST,2026,9,2022,-,Right,3,3,1,-,https://cdn.sofifa.net/flags/es.png,-,-,Medium,Medium,76,72,58,76,29,74,54,73,67,64,65,76,57,53,48,77,79,74,75,68,82,72,75,73,78,69,64,21,74,62,73,70,22,29,25,6,8,8,8,8,74,71,72,72,72,71,72,71,64,71,54,51,54,51,48,51,16,Jutglà,72,80,5000000,23,1787,ST,Spain,Forward,Rotation 70-77,Forward / Rotation 70-77
L. Di Plácido,Leonel Di Plácido,72,72,2100000,"RB,RWB,RM",RB,Argentina,https://cdn.sofifa.net/players/222/022/23_60.png,28,176,72,1918,418,Club Atlético Lanús,12000,3200000,SUB,2026,26,2017,-,Right,2,3,1,-,https://cdn.sofifa.net/flags/ar.png,-,-,High,Medium,86,60,63,73,65,71,70,57,48,65,55,76,59,49,63,72,87,85,79,61,75,69,76,80,66,63,71,65,59,57,53,58,62,70,72,10,16,10,11,7,66,69,67,67,67,69,69,72,68,72,72,69,72,72,68,72,18,L. Di Plácido,72,72,2100000,28,1918,RB,Argentina,Defender,Rotation 70-77,Defender / Rotation 70-77
L. Da Cunha,Lucas Da Cunha,72,78,3800000,"RM,CAM,RW",CAM,France,https://cdn.sofifa.net/players/254/579/23_60.png,21,176,69,1792,378,OGC Nice,20000,8000000,SUB,2024,97,2020,-,Left,3,3,1,-,https://cdn.sofifa.net/flags/fr.png,-,-,High,Medium,76,68,68,74,37,55,69,66,56,70,60,74,68,57,61,75,77,75,79,65,76,73,54,62,54,72,50,33,70,70,62,66,31,40,33,8,9,14,15,14,70,72,71,71,71,72,73,72,68,72,58,55,58,55,48,55,20,L. Da Cunha,72,78,3800000,21,1792,CAM,France,Midfield,Rotation 70-77,Midfield / Rotation 70-77
H. Barcos,Hernán Barcos,72,72,800000,ST,ST,Argentina,https://cdn.sofifa.net/players/191/856/23_60.png,38,187,91,1817,376,Club Alianza Lima,700,1800000,ST,2022,9,2021,-,Right,5,3,2,-,https://cdn.sofifa.net/flags/ar.png,-,-,Medium,Medium,53,74,66,66,46,71,57,77,78,70,68,65,66,65,64,75,54,53,42,69,46,76,70,65,75,67,67,52,78,70,75,76,41,40,38,6,7,16,14,11,72,67,70,70,70,67,71,69,69,69,58,61,58,57,58,57,18,H. Barcos,72,72,800000,38,1817,ST,Argentina,Forward,Rotation 70-77,Forward / Rotation 70-77
J. Robinson,Jack Robinson,72,72,2000000,"CB,LB",CB,England,https://cdn.sofifa.net/players/199/027/23_60.png,28,180,67,1773,377,Sheffield United,20000,3800000,SUB,2023,19,2020,-,Left,3,2,1,-,https://cdn.sofifa.net/flags/gb-eng.png,-,-,Medium,Medium,69,41,60,61,72,74,58,40,66,65,32,55,60,40,59,64,70,68,72,68,70,43,83,71,72,38,80,70,52,57,43,59,72,74,74,14,14,13,10,6,57,58,57,57,57,58,61,62,63,62,70,70,70,71,72,71,19,J. Robinson,72,72,2000000,28,1773,CB,England,Defender,Rotation 70-77,Defender / Rotation 70-77
L. López,Lisandro López,72,72,800000,"ST,CAM",ST,Argentina,https://cdn.sofifa.net/players/142/707/23_60.png,39,174,74,1908,390,Club Atlético Sarmiento,8000,1200000,ST,2022,7,2022,-,Right,4,4,2,-,https://cdn.sofifa.net/flags/ar.png,-,-,Medium,Medium,63,72,70,72,53,60,65,71,73,74,74,71,79,66,70,75,65,61,69,69,73,76,71,53,64,70,57,55,75,68,77,80,45,57,37,8,10,11,13,6,72,70,71,71,71,70,72,71,71,71,61,63,61,60,60,60,18,L. López,72,72,800000,39,1908,ST,Argentina,Forward,Rotation 70-77,Forward / Rotation 70-77
E. Adebayo,Elijah Adebayo,72,76,3400000,ST,ST,England,https://cdn.sofifa.net/players/229/375/23_60.png,24,193,89,1770,385,Luton Town,23000,6700000,ST,2024,11,2021,-,Right,3,3,1,-,https://cdn.sofifa.net/flags/gb-eng.png,-,-,High,Medium,73,71,50,68,44,79,43,74,72,55,63,68,54,46,42,70,68,77,67,71,59,72,70,77,85,66,71,39,74,55,65,63,42,43,34,6,11,9,11,11,74,66,68,68,68,66,67,66,61,66,56,56,56,56,57,56,18,E. Adebayo,72,76,3400000,24,1770,ST,England,Forward,Rotation 70-77,Forward / Rotation 70-77
G. Suso,Gastón Suso,72,72,1600000,CB,CB,Argentina,https://cdn.sofifa.net/players/235/004/23_60.png,31,190,82,1611,344,Platense,10000,2400000,CB,2023,6,2022,-,Left,3,2,1,-,https://cdn.sofifa.net/flags/ar.png,-,-,Medium,High,52,41,52,51,73,75,45,40,70,73,31,45,31,33,55,52,50,53,55,70,64,47,71,71,79,35,73,74,43,29,64,65,72,74,72,5,9,11,6,9,54,49,50,50,50,49,52,54,58,54,66,69,66,68,72,68,16,G. Suso,72,72,1600000,31,1611,CB,Argentina,Defender,Rotation 70-77,Defender / Rotation 70-77
S. Byram,Sam Byram,72,72,2100000,"LB,RB",LB,England,https://cdn.sofifa.net/players/208/892/23_60.png,28,183,72,1862,401,Norwich City,29000,4000000,LB,2023,3,2019,-,Right,3,3,1,-,https://cdn.sofifa.net/flags/gb-eng.png,-,-,Medium,Medium,74,57,64,69,70,67,70,59,66,67,43,69,55,33,64,69,72,75,70,70,71,66,77,67,66,52,68,70,61,65,41,69,72,70,71,10,9,15,16,13,67,67,66,66,66,67,68,70,68,70,72,70,72,72,72,72,21,S. Byram,72,72,2100000,28,1862,LB,England,Defender,Rotation 70-77,Defender / Rotation 70-77
T. Walcott,Theo Walcott,72,72,1500000,RM,RM,England,https://cdn.sofifa.net/players/164/859/23_60.png,33,176,68,1815,377,Southampton,35000,2900000,SUB,2023,32,2021,-,Right,2,3,3,-,https://cdn.sofifa.net/flags/gb-eng.png,-,-,Medium,Medium,74,68,70,74,39,52,73,67,58,74,71,73,72,69,63,75,79,69,73,74,75,72,59,34,55,62,65,35,75,67,69,74,37,39,36,11,8,9,9,8,72,72,72,72,72,72,72,72,68,72,59,57,59,56,52,56,19,T. Walcott,72,72,1500000,33,1815,RM,England,Midfield,Rotation 70-77,Midfield / Rotation 70-77
Y. Court,Yoann Court,72,72,1900000,"RM,LM,CAM",RM,France,https://cdn.sofifa.net/players/199/419/23_60.png,32,172,70,1848,387,Stade Malherbe Caen,7000,3300000,SUB,2023,11,2020,-,Left,2,4,1,-,https://cdn.sofifa.net/flags/fr.png,-,-,High,Medium,68,65,72,72,40,70,74,67,26,72,32,71,70,67,72,72,70,66,75,71,86,70,80,72,69,65,67,50,70,74,60,67,35,40,44,12,16,7,13,13,66,71,69,69,69,71,72,72,71,72,63,62,63,59,53,59,22,Y. Court,72,72,1900000,32,1848,RM,France,Midfield,Rotation 70-77,Midfield / Rotation 70-77
E. Zeballos,Exequiel Zeballos,72,85,5500000,"RW,LW",RM,Argentina,https://cdn.sofifa.net/players/260/601/23_60.png,20,174,71,1715,368,Boca Juniors,10000,11100000,SUB,2026,7,2020,-,Right,3,4,1,-,https://cdn.sofifa.net/flags/ar.png,-,-,High,Low,85,63,66,77,31,46,69,60,34,65,52,78,64,66,57,74,87,83,90,65,83,69,40,69,38,64,40,28,68,70,64,75,27,36,34,5,11,11,6,8,66,72,70,70,70,72,72,73,66,73,58,52,58,54,41,54,16,E. Zeballos,72,85,5500000,20,1715,RM,Argentina,Midfield,Rotation 70-77,Midfield / Rotation 70-77
J. Paterson,Jamie Paterson,72,72,2300000,"LW,CM,CAM",LW,England,https://cdn.sofifa.net/players/199/960/23_60.png,30,175,68,1792,375,Swansea City,23000,4400000,LW,2024,12,2021,-,Right,4,3,1,-,https://cdn.sofifa.net/flags/gb-eng.png,-,-,High,Medium,75,67,70,73,39,51,69,69,57,72,57,73,66,67,65,72,77,73,83,70,75,65,63,73,48,67,27,38,69,72,62,68,42,33,35,14,8,12,12,7,69,72,71,71,71,72,72,72,69,72,61,56,61,57,48,57,19,J. Paterson,72,72,2300000,30,1792,LW,England,Forward,Rotation 70-77,Forward / Rotation 70-77
R. Schunke,Richard Schunke,72,72,1900000,CB,CB,Argentina,https://cdn.sofifa.net/players/253/341/23_60.png,30,185,80,1614,349,Independiente del Valle,800,4200000,CB,2023,5,2018,-,Right,2,2,1,-,https://cdn.sofifa.net/flags/ar.png,-,-,Medium,Medium,59,34,52,54,70,80,41,31,71,69,31,41,35,34,59,73,58,60,53,68,55,43,80,74,86,30,70,72,28,38,44,53,70,70,65,15,11,14,11,14,53,50,50,50,50,50,54,55,60,55,66,71,66,68,72,68,21,R. Schunke,72,72,1900000,30,1614,CB,Argentina,Defender,Rotation 70-77,Defender / Rotation 70-77
M. Wanitzek,Marvin Wanitzek,72,72,2300000,CM,CM,Germany,https://cdn.sofifa.net/players/228/245/23_60.png,29,179,74,1968,405,Karlsruher SC,12000,3700000,CM,2024,10,2017,-,Right,3,3,1,-,https://cdn.sofifa.net/flags/de.png,-,-,High,Medium,70,65,74,73,56,67,77,58,49,75,59,71,76,78,70,75,77,64,77,70,76,74,64,90,62,70,53,62,67,72,73,69,49,60,62,15,12,10,13,8,68,71,70,70,70,71,72,72,72,72,72,69,72,69,62,69,20,M. Wanitzek,72,72,2300000,29,1968,CM,Germany,Midfield,Rotation 70-77,Midfield / Rotation 70-77
W. Cyprien,Wylan Cyprien,72,73,2400000,"CDM,CM",CDM,France,https://cdn.sofifa.net/players/212/886/23_60.png,27,180,78,2024,419,FC Sion,4000,0,SUB,2023,10,2021,TRUE,Right,3,3,2,-,https://cdn.sofifa.net/flags/fr.png,-,-,Medium,Medium,64,69,71,72,70,73,70,65,64,72,64,71,73,70,71,73,64,64,70,70,72,75,80,68,75,70,72,71,69,70,76,76,71,71,66,8,16,8,11,14,71,69,70,70,70,69,72,72,73,72,72,73,72,71,72,71,20,W. Cyprien,72,73,2400000,27,2024,CDM,France,Midfield,Rotation 70-77,Midfield / Rotation 70-77
B. Dack,Bradley Dack,72,72,2400000,"CAM,CM",CAM,England,https://cdn.sofifa.net/players/211/098/23_60.png,28,173,71,1947,410,Blackburn Rovers,31000,4600000,SUB,2024,23,2017,-,Right,4,4,1,-,https://cdn.sofifa.net/flags/gb-eng.png,-,-,High,Medium,70,70,71,75,53,71,68,71,64,72,61,74,76,69,69,75,74,67,81,65,81,70,58,54,77,69,80,55,76,72,62,77,46,56,48,10,7,15,16,9,72,72,72,72,72,72,72,72,71,72,63,65,63,62,63,62,19,B. Dack,72,72,2400000,28,1947,CAM,England,Midfield,Rotation 70-77,Midfield / Rotation 70-77
M. Estève,Maxime Estève,72,82,4800000,CB,CB,France,https://cdn.sofifa.net/players/262/042/23_60.png,20,193,87,1561,352,Montpellier Hérault SC,11000,10100000,CB,2025,14,2021,-,Left,3,2,1,-,https://cdn.sofifa.net/flags/fr.png,-,-,Medium,Medium,67,33,51,54,72,75,53,26,74,65,26,51,45,29,47,62,61,72,33,68,37,61,65,64,82,24,74,70,28,33,38,70,72,74,69,12,14,14,7,11,54,50,50,50,50,50,51,55,55,55,67,68,67,69,74,69,19,M. Estève,72,82,4800000,20,1561,CB,France,Defender,Rotation 70-77,Defender / Rotation 70-77
F. Maouassa,Faitout Maouassa,72,75,3000000,LB,LM,France,https://cdn.sofifa.net/players/230/043/23_60.png,23,170,73,1990,427,Montpellier Hérault SC,14000,0,LB,2023,27,2021,TRUE,Left,2,3,1,-,https://cdn.sofifa.net/flags/fr.png,-,-,High,Medium,78,64,70,74,67,74,72,58,61,71,53,74,75,67,69,74,82,74,76,70,84,77,75,72,75,71,72,67,67,66,42,72,67,68,69,14,8,5,6,9,71,71,70,70,70,71,72,73,72,73,73,72,73,72,71,72,18,F. Maouassa,72,75,3000000,23,1990,LM,France,Midfield,Rotation 70-77,Midfield / Rotation 70-77
I. Sosa,Ismael Sosa,72,72,1000000,"ST,CAM,LW",CF,Argentina,https://cdn.sofifa.net/players/165/531/23_60.png,35,179,74,1900,404,CD Everton de Viña del Mar,3000,1400000,ST,2022,18,2022,-,Right,3,4,1,-,https://cdn.sofifa.net/flags/ar.png,-,-,High,Medium,75,72,69,72,45,71,69,72,68,72,59,73,69,57,63,72,77,74,73,71,70,75,70,64,76,70,67,48,74,71,69,73,35,47,39,14,11,8,11,12,72,72,72,72,72,72,72,72,70,72,62,61,62,60,58,60,20,I. Sosa,72,72,1000000,35,1900,CF,Argentina,Forward,Rotation 70-77,Forward / Rotation 70-77
Dani Ojeda,Daniel Ojeda Saranova,72,72,2500000,"RM,LM,CAM",RM,Spain,https://cdn.sofifa.net/players/238/882/23_60.png,27,178,72,1806,385,SD Ponferradina,8000,4000000,RM,2023,7,2021,-,Right,5,3,1,-,https://cdn.sofifa.net/flags/es.png,-,-,High,Medium,74,67,67,73,41,63,66,68,56,66,56,72,52,53,69,75,75,74,77,75,69,64,60,73,68,72,41,48,67,73,70,65,37,38,34,14,13,10,11,10,70,71,71,71,71,71,72,72,70,72,61,59,61,58,52,58,21,Dani Ojeda,72,72,2500000,27,1806,RM,Spain,Midfield,Rotation 70-77,Midfield / Rotation 70-77
Y. Maçon,Yvann Maçon,72,78,3500000,"RB,RWB,LB",RWB,France,https://cdn.sofifa.net/players/255/523/23_60.png,23,176,74,1844,408,AS Saint-Étienne,6000,7000000,LWB,2024,27,2020,-,Right,3,2,1,-,https://cdn.sofifa.net/flags/fr.png,-,-,High,Medium,88,50,61,72,65,72,67,44,60,66,33,72,63,41,53,72,87,88,78,67,73,67,63,82,68,50,70,65,64,59,45,68,63,69,68,6,15,7,11,8,65,68,66,66,66,68,68,71,67,71,73,68,73,72,69,72,18,Y. Maçon,72,78,3500000,23,1844,RWB,France,Defender,Rotation 70-77,Defender / Rotation 70-77
A. Franco,Alan Franco,72,78,3300000,CB,CB,Argentina,https://cdn.sofifa.net/players/237/604/23_60.png,25,183,77,1667,364,Atlanta United,6000,5600000,CB,2025,6,2021,-,Right,2,2,1,-,https://cdn.sofifa.net/flags/ar.png,-,-,Medium,High,59,34,56,66,71,78,38,28,75,71,35,67,31,35,60,65,64,55,59,73,65,50,74,80,79,28,72,73,39,55,42,72,71,70,67,6,8,12,7,13,56,55,56,56,56,55,60,61,65,61,68,72,68,69,74,69,18,A. Franco,72,78,3300000,25,1667,CB,Argentina,Defender,Rotation 70-77,Defender / Rotation 70-77
Heitor Gesse,Heitor Edvaldo Barreto Gesser,72,72,2300000,LB,LB,Brazil,https://cdn.sofifa.net/players/230/181/23_60.png,26,178,69,1874,393,Clube Atlético Mineiro,22000,4099999,SUB,2025,15,2022,-,Left,2,2,1,-,https://cdn.sofifa.net/flags/br.png,-,-,High,Medium,78,55,66,64,69,61,72,48,58,71,55,61,67,61,58,64,74,81,62,72,74,67,62,73,51,55,72,71,61,58,56,74,78,62,69,13,10,16,9,13,63,64,63,63,63,64,65,68,66,68,72,69,72,72,69,72,20,Heitor Gesse,72,72,2300000,26,1874,LB,Brazil,Defender,Rotation 70-77,Defender / Rotation 70-77
J. Gelhardt,Joe Gelhardt,72,87,5500000,"ST,CAM",CAM,England,https://cdn.sofifa.net/players/246/053/23_60.png,20,179,76,1768,383,Leeds United,22000,13900000,SUB,2027,30,2020,-,Left,3,3,1,-,https://cdn.sofifa.net/flags/gb-eng.png,-,-,High,High,75,72,61,77,28,70,48,73,55,69,65,80,57,45,58,76,76,74,74,70,80,79,72,71,74,67,60,23,72,65,65,72,32,23,18,6,13,6,10,12,74,71,73,73,73,71,74,72,67,72,53,53,53,49,46,49,19,J. Gelhardt,72,87,5500000,20,1768,CAM,England,Midfield,Rotation 70-77,Midfield / Rotation 70-77
A. Mowatt,Alex Mowatt,72,72,2500000,"CM,CDM",CM,England,https://cdn.sofifa.net/players/213/798/23_60.png,27,177,71,2000,404,Middlesbrough,24000,0,CM,2023,4,2021,TRUE,Left,2,3,1,-,https://cdn.sofifa.net/flags/gb-eng.png,-,-,Medium,Medium,56,69,72,70,64,73,73,63,52,72,72,68,76,75,71,72,55,57,68,70,76,77,83,90,66,76,68,68,66,72,60,69,63,68,60,10,14,8,16,15,68,68,68,68,68,68,71,71,72,71,71,72,71,69,67,69,22,A. Mowatt,72,72,2500000,27,2000,CM,England,Midfield,Rotation 70-77,Midfield / Rotation 70-77
P. Pérez,Pablo Pérez,72,72,750000,"CM,CDM",CDM,Argentina,https://cdn.sofifa.net/players/215/079/23_60.png,36,177,75,1986,409,Newell's Old Boys,9000,1100000,SUB,2023,8,2020,-,Right,3,3,1,-,https://cdn.sofifa.net/flags/ar.png,-,-,High,High,54,66,73,71,70,75,69,63,62,75,62,69,67,70,71,75,56,53,66,72,67,74,66,63,73,68,95,71,67,76,64,77,69,72,69,10,7,16,15,14,69,68,69,69,69,68,72,71,72,71,71,72,71,70,72,70,20,P. Pérez,72,72,750000,36,1986,CDM,Argentina,Midfield,Rotation 70-77,Midfield / Rotation 70-77
João Bardinho,João Rodolfo Bardinho Barros,72,72,2300000,"LB,RB",LB,Brazil,https://cdn.sofifa.net/players/236/071/23_60.png,26,177,71,1958,403,América Futebol Clube,12000,4400000,LB,2025,16,2022,-,Left,4,3,1,-,https://cdn.sofifa.net/flags/br.png,-,-,Medium,Medium,71,58,71,73,68,62,74,55,54,72,65,73,75,75,68,73,74,69,75,76,74,63,70,68,60,59,58,65,56,64,63,68,79,64,67,10,14,13,15,18,65,69,67,67,67,69,70,71,70,71,72,71,72,72,68,72,23,João Bardinho,72,72,2300000,26,1958,LB,Brazil,Defender,Rotation 70-77,Defender / Rotation 70-77
Igor Paixão,Igor Guilherme Barbosa da Paixão,72,82,5500000,"LW,RW",RM,Brazil,https://cdn.sofifa.net/players/271/400/23_60.png,22,168,65,1790,376,Feyenoord,8000,9400000,SUB,2027,14,2022,-,Right,3,4,1,-,https://cdn.sofifa.net/flags/br.png,-,-,Medium,Medium,80,60,67,78,30,61,63,60,52,69,63,79,64,60,64,77,79,80,82,77,78,59,79,71,58,56,51,22,71,72,64,69,21,37,29,8,13,11,12,9,69,72,72,72,72,72,74,75,69,75,57,54,57,54,46,54,20,Igor Paixão,72,82,5500000,22,1790,RM,Brazil,Midfield,Rotation 70-77,Midfield / Rotation 70-77
B. Osborn,Ben Osborn,72,72,2300000,"LWB,LM,CM",LWB,England,https://cdn.sofifa.net/players/210/985/23_60.png,27,176,75,1908,404,Sheffield United,19000,4400000,SUB,2023,23,2019,-,Left,3,3,1,-,https://cdn.sofifa.net/flags/gb-eng.png,-,-,High,Medium,71,65,71,72,65,60,71,61,48,71,68,70,71,70,68,72,73,69,80,68,83,73,33,84,56,69,47,64,66,72,42,67,67,69,67,10,11,13,7,15,67,70,69,69,69,70,72,72,72,72,72,70,72,71,64,71,19,B. Osborn,72,72,2300000,27,1908,LWB,England,Defender,Rotation 70-77,Defender / Rotation 70-77
Y. Salmier,Yoann Salmier,72,73,2200000,CB,CB,France,https://cdn.sofifa.net/players/235/553/23_60.png,29,188,85,1454,314,ESTAC Troyes,13000,4600000,CB,2024,17,2019,-,Right,3,2,1,-,https://cdn.sofifa.net/flags/fr.png,-,-,Medium,Medium,37,28,45,52,72,80,22,17,74,65,27,48,28,23,58,61,39,35,39,65,42,62,73,71,88,17,71,70,29,33,33,62,72,75,66,6,9,14,9,13,49,42,45,45,45,42,48,48,56,48,61,69,61,63,73,63,18,Y. Salmier,72,73,2200000,29,1454,CB,France,Defender,Rotation 70-77,Defender / Rotation 70-77
Calegarcinho,Antônio Felipe Macedo Calegari,72,72,800000,"ST,CAM",ST,Brazil,https://cdn.sofifa.net/players/230/433/23_60.png,38,175,75,1674,358,Fortaleza,9000,1500000,ST,2025,10,2022,-,Right,3,4,1,-,https://cdn.sofifa.net/flags/br.png,-,-,Medium,Medium,66,70,62,65,25,70,28,76,79,81,68,64,38,42,77,69,64,67,57,72,55,70,64,76,68,55,71,22,77,60,64,61,19,17,20,10,9,14,15,6,72,65,70,70,70,65,71,68,68,68,49,54,49,47,46,47,19,Calegarcinho,72,72,800000,38,1674,ST,Brazil,Forward,Rotation 70-77,Forward / Rotation 70-77
Caio Milaçar,Caio Bruno Milaçar Kenedy,72,72,2600000,CAM,CAM,Brazil,https://cdn.sofifa.net/players/234/015/23_60.png,26,170,67,1754,362,Ceará Sporting Club,11000,4900000,SUB,2025,4,2022,-,Right,4,4,1,-,https://cdn.sofifa.net/flags/br.png,-,-,Medium,Medium,66,68,69,76,31,52,59,72,47,75,69,75,68,64,60,75,68,64,75,74,86,60,46,68,49,63,41,43,68,76,73,79,17,32,30,10,11,12,11,13,69,71,71,71,71,71,72,72,70,72,57,55,57,53,44,53,20,Caio Milaçar,72,72,2600000,26,1754,CAM,Brazil,Midfield,Rotation 70-77,Midfield / Rotation 70-77
A. Jung,Anthony Jung,72,72,2000000,"LWB,CB",LWB,Germany,https://cdn.sofifa.net/players/207/897/23_60.png,30,185,81,1925,406,SV Werder Bremen,16000,3600000,LWB,2023,3,2021,-,Left,3,3,1,-,https://cdn.sofifa.net/flags/de.png,-,-,Medium,Medium,66,60,66,65,72,77,65,54,69,70,62,63,66,68,67,68,68,64,64,67,66,72,77,79,78,66,72,70,53,59,50,66,74,74,68,11,13,7,11,10,66,63,63,63,63,63,66,67,68,67,72,72,72,72,72,72,19,A. Jung,72,72,2000000,30,1925,LWB,Germany,Defender,Rotation 70-77,Defender / Rotation 70-77
A. Barnes,Ashley Barnes,72,72,1900000,ST,ST,England,https://cdn.sofifa.net/players/186/905/23_60.png,32,186,84,1901,388,Burnley,32000,3600000,SUB,2023,10,2014,-,Right,4,3,1,-,https://cdn.sofifa.net/flags/gb-eng.png,-,-,High,High,51,73,68,70,47,79,66,72,77,73,74,68,62,56,65,72,52,51,66,74,66,80,83,68,81,66,88,41,75,70,80,74,43,46,39,6,10,11,10,10,72,68,70,70,70,68,72,70,70,70,59,63,59,58,61,58,18,A. Barnes,72,72,1900000,32,1901,ST,England,Forward,Rotation 70-77,Forward / Rotation 70-77
Anselmo,Anselmo de Moraes,72,72,1400000,"CM,CDM,CAM",CDM,Brazil,https://cdn.sofifa.net/players/197/402/23_60.png,33,182,80,1951,423,Al Wehda,18000,2300000,CM,2024,87,2018,-,Right,3,3,1,-,https://cdn.sofifa.net/flags/br.png,-,-,High,Medium,66,68,67,71,71,80,58,67,62,74,54,71,61,46,71,74,65,66,63,73,67,74,66,73,85,67,79,71,69,69,62,69,68,76,72,9,11,8,12,8,72,69,70,70,70,69,72,71,72,71,72,72,72,72,72,72,19,Anselmo,72,72,1400000,33,1951,CDM,Brazil,Midfield,Rotation 70-77,Midfield / Rotation 70-77
Dener,Dener Gomes Clemente,72,72,2200000,"CM,CDM,CAM",CDM,Brazil,https://cdn.sofifa.net/players/205/594/23_60.png,30,189,78,1962,421,Al Tai,16000,3600000,CDM,2023,8,2021,-,Right,3,3,1,-,https://cdn.sofifa.net/flags/br.png,-,-,High,Medium,65,67,68,70,71,80,59,66,75,72,55,71,52,68,69,72,67,63,64,72,65,76,60,82,81,70,80,74,68,71,47,72,66,72,69,15,8,12,7,14,72,68,70,70,70,68,72,71,72,71,72,72,72,72,72,72,20,Dener,72,72,2200000,30,1962,CDM,Brazil,Midfield,Rotation 70-77,Midfield / Rotation 70-77
Matheus Costa,Matheus de Mello Costa,72,75,2700000,CB,CB,Brazil,https://cdn.sofifa.net/players/262/429/23_60.png,27,188,82,1573,359,Clube Sport Marítimo,8000,5900000,CB,2026,4,2021,-,Right,3,2,1,-,https://cdn.sofifa.net/flags/br.png,-,-,Medium,High,82,33,42,53,72,77,28,29,72,60,38,45,28,27,46,58,81,83,61,67,49,43,79,72,82,30,72,68,28,31,46,68,75,73,67,6,8,8,7,6,53,49,49,49,49,49,51,53,54,53,65,66,65,68,74,68,15,Matheus Costa,72,75,2700000,27,1573,CB,Brazil,Defender,Rotation 70-77,Defender / Rotation 70-77
Timo Triano,Timoteo Samuel Triano Branco,72,72,2300000,"CDM,CM",CDM,Brazil,https://cdn.sofifa.net/players/230/429/23_60.png,26,176,76,1728,367,Sport Club Corinthians Paulista,18000,4400000,CDM,2025,8,2022,-,Right,3,2,1,-,https://cdn.sofifa.net/flags/br.png,-,-,Medium,Medium,48,46,67,64,74,68,56,45,55,76,21,68,29,61,67,59,52,45,51,72,73,54,75,67,69,45,64,73,29,75,59,69,77,77,73,14,11,11,10,15,55,57,57,57,57,57,63,62,68,62,69,72,69,69,72,69,21,Timo Triano,72,72,2300000,26,1728,CDM,Brazil,Midfield,Rotation 70-77,Midfield / Rotation 70-77
Z. Youssouf,Zaydou Youssouf,72,78,3700000,"CM,CDM,RM",CM,France,https://cdn.sofifa.net/players/236/830/23_60.png,22,182,81,1915,405,Futebol Clube de Famalicão,7000,8500000,CM,2026,28,2022,-,Left,3,3,1,-,https://cdn.sofifa.net/flags/fr.png,-,-,Medium,Medium,64,58,70,76,64,73,62,53,47,75,55,78,66,65,73,77,64,64,73,67,73,72,67,76,72,53,72,69,68,71,55,70,64,68,61,13,9,10,12,11,67,69,69,69,69,69,72,72,74,72,70,73,70,69,68,69,19,Z. Youssouf,72,78,3700000,22,1915,CM,France,Midfield,Rotation 70-77,Midfield / Rotation 70-77
Vieiraldo Junior,Durval Hélton Vieira Aldair,72,72,2000000,"CDM,LB",CB,Brazil,https://cdn.sofifa.net/players/230/441/23_60.png,30,180,79,1789,393,Atlético Clube Goianiense,10000,3800000,SUB,2025,35,2022,-,Left,3,2,1,-,https://cdn.sofifa.net/flags/br.png,-,-,Medium,Medium,68,45,62,67,73,78,76,30,60,68,39,67,32,31,62,70,67,68,60,70,62,74,85,78,78,48,78,68,58,54,40,64,77,77,70,7,13,7,7,8,61,62,61,61,61,62,63,67,67,67,72,72,72,72,72,72,17,Vieiraldo Junior,72,72,2000000,30,1789,CB,Brazil,Defender,Rotation 70-77,Defender / Rotation 70-77
J. Anthony,Jaidon Anthony,72,79,4800000,"LW,ST",RM,England,https://cdn.sofifa.net/players/243/669/23_60.png,22,183,68,1758,376,AFC Bournemouth,30000,10600000,SUB,2023,32,2018,-,Right,3,3,1,-,https://cdn.sofifa.net/flags/gb-eng.png,-,-,High,High,79,64,70,73,25,65,73,67,54,72,59,73,68,61,64,74,80,79,71,67,75,63,70,78,64,59,48,21,68,73,62,73,20,26,17,8,9,7,13,15,69,72,70,70,70,72,73,74,68,74,56,52,56,51,42,51,19,J. Anthony,72,79,4800000,22,1758,RM,England,Midfield,Rotation 70-77,Midfield / Rotation 70-77
P. Bauer,Patrick Bauer,72,72,2000000,CB,CB,Germany,https://cdn.sofifa.net/players/204/496/23_60.png,29,192,88,1574,325,Preston North End,23000,3800000,SUB,2024,5,2019,-,Right,3,2,1,-,https://cdn.sofifa.net/flags/de.png,-,-,Medium,Medium,32,45,53,46,73,76,46,36,75,64,42,38,39,54,61,56,33,31,40,71,34,71,52,49,92,43,74,71,34,40,52,63,75,72,71,12,14,6,15,11,54,45,47,47,47,45,50,49,57,49,61,68,61,63,72,63,21,P. Bauer,72,72,2000000,29,1574,CB,Germany,Defender,Rotation 70-77,Defender / Rotation 70-77
F. Tardieu,Florian Tardieu,72,72,2000000,"CDM,CM",CDM,France,https://cdn.sofifa.net/players/209/618/23_60.png,30,184,70,1918,391,ESTAC Troyes,13000,4000000,CM,2024,10,2019,-,Right,3,3,1,-,https://cdn.sofifa.net/flags/fr.png,-,-,Medium,Medium,48,63,70,67,68,75,67,62,65,73,43,66,65,67,70,69,51,45,66,69,71,68,73,91,67,66,76,68,51,71,72,64,67,69,67,15,13,12,8,15,64,64,64,64,64,64,68,68,72,68,71,72,71,70,70,70,21,F. Tardieu,72,72,2000000,30,1918,CDM,France,Midfield,Rotation 70-77,Midfield / Rotation 70-77
B. Oczipka,Bastian Oczipka,72,72,1200000,"LWB,CB",LWB,Germany,https://cdn.sofifa.net/players/189/390/23_60.png,33,185,85,1919,402,DSC Arminia Bielefeld,13000,1900000,LB,2023,5,2022,-,Left,2,2,2,-,https://cdn.sofifa.net/flags/de.png,-,-,Medium,Medium,66,59,69,63,72,73,73,50,63,70,47,60,61,70,68,66,54,75,61,69,64,75,71,68,76,64,74,69,64,67,66,72,68,79,78,12,14,7,6,10,66,64,64,64,64,64,67,67,69,67,72,72,72,72,72,72,19,B. Oczipka,72,72,1200000,33,1919,LWB,Germany,Defender,Rotation 70-77,Defender / Rotation 70-77
M. Le Marchand,Maxime Le Marchand,72,72,1500000,CB,CB,France,https://cdn.sofifa.net/players/192/725/23_60.png,32,185,77,1747,373,RC Strasbourg Alsace,17000,2900000,SUB,2023,23,2021,-,Left,3,2,1,-,https://cdn.sofifa.net/flags/fr.png,-,-,Medium,Medium,60,39,68,65,73,68,70,35,73,72,38,62,45,40,74,70,57,63,61,69,63,56,76,59,70,33,71,72,30,65,42,74,74,73,71,13,13,15,7,15,56,58,56,56,56,58,62,64,67,64,71,72,71,71,72,71,20,M. Le Marchand,72,72,1500000,32,1747,CB,France,Defender,Rotation 70-77,Defender / Rotation 70-77
J. Rodríguez,Juan Gabriel Rodríguez,72,73,2200000,CB,CB,Argentina,https://cdn.sofifa.net/players/244/950/23_60.png,28,185,81,1724,375,Rosario Central,11000,0,CB,2022,22,2019,TRUE,Right,2,2,1,-,https://cdn.sofifa.net/flags/ar.png,-,-,Medium,Medium,69,39,58,64,70,75,42,32,73,73,33,59,45,35,65,70,67,71,61,69,59,56,78,71,77,35,74,68,44,53,48,72,70,71,71,13,14,12,7,8,58,57,58,58,58,57,61,62,65,62,68,72,68,70,73,70,19,J. Rodríguez,72,73,2200000,28,1724,CB,Argentina,Defender,Rotation 70-77,Defender / Rotation 70-77
H. Toledo,Hernán Toledo,72,73,2800000,"LM,RM,LW",LM,Argentina,https://cdn.sofifa.net/players/231/128/23_60.png,26,179,72,1862,396,Estudiantes de La Plata,10000,4400000,SUB,2022,14,2022,-,Right,3,3,1,-,https://cdn.sofifa.net/flags/ar.png,-,-,High,Low,80,66,69,73,46,62,62,67,57,73,66,75,68,62,66,70,78,81,76,71,71,66,69,71,60,66,55,60,66,71,58,65,35,44,45,15,14,7,7,10,70,71,71,71,71,71,73,73,70,73,64,62,64,62,56,62,20,H. Toledo,72,73,2800000,26,1862,LM,Argentina,Midfield,Rotation 70-77,Midfield / Rotation 70-77
Álex Pozo,Alejandro Pozo Pozo,72,79,4500000,"RB,RM,RWB",RM,Spain,https://cdn.sofifa.net/players/235/983/23_60.png,23,173,62,1915,397,Unión Deportiva Almería,14000,10800000,RM,2027,17,2022,-,Right,3,3,1,-,https://cdn.sofifa.net/flags/es.png,-,-,High,Low,75,68,67,74,67,46,71,69,67,71,64,74,59,54,64,72,76,74,88,68,83,70,65,74,33,69,39,62,65,63,58,55,66,72,68,10,13,7,12,15,70,71,70,70,70,71,72,73,70,73,72,67,72,72,64,72,20,Álex Pozo,72,79,4500000,23,1915,RM,Spain,Midfield,Rotation 70-77,Midfield / Rotation 70-77
Flávio Rebeilo,Flávio Raphael Rebeilo Mestres,72,72,2000000,LB,LB,Brazil,https://cdn.sofifa.net/players/230/350/23_60.png,30,175,69,1789,385,Santos,17000,3800000,SUB,2025,26,2022,-,Left,3,3,1,-,https://cdn.sofifa.net/flags/br.png,-,-,Medium,Medium,79,44,61,71,68,62,70,35,54,66,38,71,43,57,57,69,74,83,74,69,77,54,75,80,53,48,59,66,56,50,55,67,68,72,69,9,9,8,10,11,59,64,61,61,61,64,64,68,65,68,72,68,72,72,67,72,18,Flávio Rebeilo,72,72,2000000,30,1789,LB,Brazil,Defender,Rotation 70-77,Defender / Rotation 70-77
A. Urzi,Agustín Urzi,72,83,5500000,"LM,LW",LM,Argentina,https://cdn.sofifa.net/players/246/469/23_60.png,22,168,61,1739,381,Club Atlético Banfield,10000,9100000,LM,2024,11,2018,-,Left,3,4,1,-,https://cdn.sofifa.net/flags/ar.png,-,-,High,Medium,85,63,64,74,36,59,74,59,42,62,59,76,59,55,53,72,85,85,77,62,78,68,43,80,54,68,49,31,65,70,55,62,44,31,32,9,9,9,10,14,66,71,69,69,69,71,71,73,65,73,60,53,60,56,46,56,18,A. Urzi,72,83,5500000,22,1739,LM,Argentina,Midfield,Rotation 70-77,Midfield / Rotation 70-77
T. Belmonte,Tomás Belmonte,72,78,3700000,"CM,CDM",CM,Argentina,https://cdn.sofifa.net/players/241/607/23_60.png,24,178,68,1956,419,Club Atlético Lanús,11000,6300000,CM,2023,5,2017,-,Right,4,3,1,-,https://cdn.sofifa.net/flags/ar.png,-,-,High,High,68,65,66,73,70,77,59,67,81,75,59,73,53,43,70,75,67,69,68,71,66,69,82,84,71,59,84,69,71,64,59,72,64,73,67,6,12,9,5,12,73,69,71,71,71,69,72,73,74,73,72,74,72,72,74,72,18,T. Belmonte,72,78,3700000,24,1956,CM,Argentina,Midfield,Rotation 70-77,Midfield / Rotation 70-77
J. Garner,James Garner,72,82,5000000,"CDM,CM",CM,England,https://cdn.sofifa.net/players/243/657/23_60.png,21,182,80,1912,408,Everton,18000,10500000,SUB,2026,37,2022,-,Right,3,3,1,-,https://cdn.sofifa.net/flags/gb-eng.png,-,-,High,High,67,63,72,68,68,70,69,59,55,75,50,64,70,68,77,73,68,66,74,67,57,70,61,78,67,67,72,68,57,69,64,72,69,70,67,10,7,7,5,12,66,67,66,66,66,67,70,70,73,70,72,73,72,71,70,71,17,J. Garner,72,82,5000000,21,1912,CM,England,Midfield,Rotation 70-77,Midfield / Rotation 70-77
J. Mellot,Jérémy Mellot,72,72,2100000,RB,RB,France,https://cdn.sofifa.net/players/248/777/23_60.png,28,178,77,1753,392,CD Tenerife,8000,3400000,RB,2023,22,2021,-,Right,3,3,1,-,https://cdn.sofifa.net/flags/fr.png,-,-,High,Medium,81,42,58,67,67,77,62,42,66,69,32,64,53,38,58,67,80,81,83,63,69,55,59,92,76,33,64,65,52,42,35,66,68,70,64,8,8,11,11,13,61,61,59,59,59,61,61,66,63,66,72,69,72,72,70,72,18,J. Mellot,72,72,2100000,28,1753,RB,France,Defender,Rotation 70-77,Defender / Rotation 70-77
J. Dompé,Jean-Luc Dompé,72,72,2600000,"LW,LWB",LW,France,https://cdn.sofifa.net/players/224/970/23_60.png,26,170,65,1863,379,Hamburger SV,12000,4200000,LW,2025,27,2022,-,Right,3,3,1,-,https://cdn.sofifa.net/flags/fr.png,-,-,Medium,Low,73,69,71,75,38,53,83,63,36,66,73,75,81,75,63,71,75,71,84,66,87,80,81,63,50,76,42,39,67,72,57,73,31,44,42,11,7,9,11,12,67,72,69,69,69,72,72,72,67,72,61,56,61,57,48,57,18,J. Dompé,72,72,2600000,26,1863,LW,France,Forward,Rotation 70-77,Forward / Rotation 70-77
M. Catalán,Matías Catalán,72,72,2000000,"CB,RB",CB,Argentina,https://cdn.sofifa.net/players/214/990/23_60.png,29,182,78,1898,417,Club Atlético Talleres,11000,3000000,CB,2023,4,2021,-,Right,2,2,1,-,https://cdn.sofifa.net/flags/ar.png,-,-,High,Medium,84,58,63,64,72,76,59,59,64,66,41,63,58,64,67,64,83,85,59,69,62,58,63,70,82,58,74,72,60,62,55,70,75,70,72,11,16,12,15,10,66,65,65,65,65,65,67,68,67,68,72,72,72,72,72,72,21,M. Catalán,72,72,2000000,29,1898,CB,Argentina,Defender,Rotation 70-77,Defender / Rotation 70-77
P. Mainka,Patrick Mainka,72,73,2400000,CB,CB,Germany,https://cdn.sofifa.net/players/216/199/23_60.png,27,194,86,1613,352,1. FC Heidenheim 1846,16000,3900000,CB,2024,6,2018,-,Right,3,2,1,-,https://cdn.sofifa.net/flags/de.png,-,-,Low,High,55,40,51,53,74,79,39,33,72,64,33,45,36,37,58,60,48,60,52,70,56,64,50,78,84,37,74,76,35,44,40,72,73,74,72,11,9,9,14,6,55,49,51,51,51,49,53,54,60,54,67,71,67,69,73,69,19,P. Mainka,72,73,2400000,27,1613,CB,Germany,Defender,Rotation 70-77,Defender / Rotation 70-77
Yuri,Yuri de Souza Fonseca,72,72,800000,ST,ST,Brazil,https://cdn.sofifa.net/players/003/467/23_60.png,39,186,78,1787,377,SD Ponferradina,6000,1300000,ST,2023,10,2017,-,Right,4,3,1,-,https://cdn.sofifa.net/flags/br.png,-,-,High,Medium,64,74,61,70,37,71,58,76,69,64,75,70,75,62,50,72,63,65,69,71,54,70,74,61,84,72,49,44,76,62,77,73,41,22,19,9,10,9,9,6,72,69,70,70,70,69,70,69,64,69,54,54,54,51,51,51,17,Yuri,72,72,800000,39,1787,ST,Brazil,Forward,Rotation 70-77,Forward / Rotation 70-77
Evandro Rochedo,Evandro Sérgio Rochedo Paulino,72,72,2600000,ST,ST,Brazil,https://cdn.sofifa.net/players/230/283/23_60.png,26,187,82,1759,360,Clube Atlético Mineiro,26000,4700000,SUB,2025,9,2022,-,Right,4,3,1,-,https://cdn.sofifa.net/flags/br.png,-,-,Medium,Medium,55,75,60,70,36,64,57,75,64,64,73,70,63,72,55,74,59,52,63,77,54,79,59,39,80,74,58,37,75,54,72,73,15,44,45,9,15,9,12,11,72,67,70,70,70,67,69,66,64,66,53,54,53,52,52,52,21,Evandro Rochedo,72,72,2600000,26,1759,ST,Brazil,Forward,Rotation 70-77,Forward / Rotation 70-77
Gustavo Lobateiro,Gustavo Rafael Lobateiro Gomes,72,72,2800000,"CAM,ST,CF",CAM,Brazil,https://cdn.sofifa.net/players/230/277/23_60.png,22,180,76,1719,375,Internacional,16000,5300000,CAM,2025,8,2022,-,Left,5,3,1,-,https://cdn.sofifa.net/flags/br.png,-,-,High,Low,77,65,68,72,33,60,67,67,60,77,55,74,50,44,61,68,76,77,77,72,65,63,59,54,70,65,44,35,77,69,56,69,28,28,29,8,9,8,12,15,71,72,71,71,71,72,72,72,67,72,57,54,57,53,48,53,20,Gustavo Lobateiro,72,72,2800000,22,1719,CAM,Brazil,Midfield,Rotation 70-77,Midfield / Rotation 70-77
D. Furlong,Darnell Furlong,72,75,2800000,"RWB,RB",RWB,England,https://cdn.sofifa.net/players/223/877/23_60.png,26,183,75,1770,380,West Bromwich Albion,22000,5500000,RB,2025,2,2019,-,Right,3,3,1,-,https://cdn.sofifa.net/flags/gb-eng.png,-,-,Medium,Medium,74,36,60,69,69,72,69,35,72,61,30,68,48,36,57,72,72,76,71,68,68,36,81,79,67,30,71,68,63,60,49,63,69,69,70,14,13,11,9,8,59,63,61,61,61,63,64,68,65,68,72,69,72,72,71,72,19,D. Furlong,72,75,2800000,26,1770,RWB,England,Defender,Rotation 70-77,Defender / Rotation 70-77
N. Powell,Nick Powell,72,72,2400000,"CAM,CM,ST",CAM,England,https://cdn.sofifa.net/players/201/093/23_60.png,28,183,65,1963,402,Stoke City,22000,4600000,RES,2023,25,2019,-,Right,4,3,1,-,https://cdn.sofifa.net/flags/gb-eng.png,-,-,Medium,High,67,72,70,72,54,67,64,72,77,70,63,71,72,71,70,74,69,65,71,74,74,73,84,67,68,72,60,45,74,74,70,73,55,54,49,15,13,7,14,12,72,71,72,72,72,71,72,72,72,72,64,64,64,63,62,63,22,N. Powell,72,72,2400000,28,1963,CAM,England,Midfield,Rotation 70-77,Midfield / Rotation 70-77
Rogério,Rogério Oliveira da Silva,72,76,3100000,LB,LB,Brazil,https://cdn.sofifa.net/players/241/629/23_60.png,24,178,70,1858,395,U.S. Sassuolo Calcio,17000,5500000,LB,2024,6,2019,-,Left,3,3,1,-,https://cdn.sofifa.net/flags/br.png,-,-,Medium,Medium,74,53,67,74,69,58,73,45,60,69,53,77,56,60,60,75,78,70,70,69,64,59,66,59,54,59,66,73,71,67,55,68,69,68,69,11,7,8,8,10,65,69,68,68,68,69,71,72,70,72,72,70,72,72,69,72,18,Rogério,72,76,3100000,24,1858,LB,Brazil,Defender,Rotation 70-77,Defender / Rotation 70-77
Tony Muttinho,Tony Josimar Mutto Abrão,72,72,2300000,"RB,RWB,RM",RB,Brazil,https://cdn.sofifa.net/players/230/367/23_60.png,26,183,80,1788,386,Fortaleza,10000,4400000,RM,2025,16,2022,-,Right,3,2,1,-,https://cdn.sofifa.net/flags/br.png,-,-,Medium,Medium,69,48,64,64,70,71,67,45,66,72,51,61,53,45,71,67,66,71,71,67,58,48,54,73,75,46,65,66,59,51,61,63,71,73,72,8,8,7,12,8,61,62,60,60,60,62,64,66,67,66,71,71,71,72,71,72,17,Tony Muttinho,72,72,2300000,26,1788,RB,Brazil,Defender,Rotation 70-77,Defender / Rotation 70-77
Durval Dutría,Durval Murilo Dutría Pereira,72,72,2200000,CM,CM,Brazil,https://cdn.sofifa.net/players/230/369/23_60.png,30,177,76,1971,423,Cuiabá,13000,4200000,CM,2025,19,2022,-,Right,3,2,1,-,https://cdn.sofifa.net/flags/br.png,-,-,Medium,Medium,68,69,70,71,69,76,61,67,76,76,56,73,64,60,73,75,64,71,65,63,53,75,72,81,75,71,71,68,67,71,62,66,68,68,69,7,9,14,14,12,72,69,71,71,71,69,72,72,72,72,72,72,72,72,72,72,18,Durval Dutría,72,72,2200000,30,1971,CM,Brazil,Midfield,Rotation 70-77,Midfield / Rotation 70-77
D. Latza,Danny Latza,72,72,1800000,"CM,CDM",CM,Germany,https://cdn.sofifa.net/players/189/410/23_60.png,32,179,73,1944,399,FC Schalke 04,18000,3200000,SUB,2023,8,2021,-,Right,4,3,2,-,https://cdn.sofifa.net/flags/de.png,-,-,High,High,57,61,71,73,62,75,71,47,61,74,54,71,54,60,73,75,65,51,72,75,74,75,73,86,68,74,78,68,68,71,72,73,66,58,51,7,16,14,6,16,67,68,68,68,68,68,72,72,72,72,70,72,70,68,67,68,20,D. Latza,72,72,1800000,32,1944,CM,Germany,Midfield,Rotation 70-77,Midfield / Rotation 70-77
N. Gavory,Nicolas Gavory,72,72,2300000,"LB,LWB,CB",LB,France,https://cdn.sofifa.net/players/211/844/23_60.png,27,183,79,1987,408,Fortuna Düsseldorf,16000,3700000,LB,2025,34,2022,-,Left,3,3,1,-,https://cdn.sofifa.net/flags/fr.png,-,-,High,Medium,66,62,70,70,68,72,74,56,69,68,59,70,75,68,71,72,69,63,72,68,67,74,82,80,68,64,67,66,65,68,65,68,66,71,70,12,16,7,9,16,68,68,67,67,67,68,70,71,71,71,72,71,72,72,71,72,21,N. Gavory,72,72,2300000,27,1987,LB,France,Defender,Rotation 70-77,Defender / Rotation 70-77
M. Lowe,Max Lowe,72,77,3200000,"LWB,LB",LWB,England,https://cdn.sofifa.net/players/212/100/23_60.png,25,175,74,1818,397,Sheffield United,18000,6300000,LWB,2024,13,2020,-,Left,3,3,1,-,https://cdn.sofifa.net/flags/gb-eng.png,-,-,Medium,Medium,80,46,63,73,69,66,64,41,66,67,41,74,42,38,66,73,78,81,74,69,69,62,71,69,66,36,63,68,66,62,50,63,66,74,69,12,11,8,13,9,64,66,65,65,65,66,68,70,68,70,72,70,72,72,71,72,19,M. Lowe,72,77,3200000,25,1818,LWB,England,Defender,Rotation 70-77,Defender / Rotation 70-77
G. Blanco Leschuk,Gustavo Blanco Leschuk,72,72,2300000,ST,ST,Argentina,https://cdn.sofifa.net/players/237/291/23_60.png,30,190,88,1714,372,SD Eibar,9000,3700000,SUB,2024,9,2022,-,Right,4,3,1,-,https://cdn.sofifa.net/flags/ar.png,-,-,Medium,Medium,64,70,56,66,36,80,39,69,83,69,62,66,36,48,50,68,67,62,63,66,51,76,76,74,90,67,61,30,74,60,67,75,37,27,20,8,11,14,13,10,72,65,68,68,68,65,68,66,63,66,51,53,51,50,52,50,19,G. Blanco Leschuk,72,72,2300000,30,1714,ST,Argentina,Forward,Rotation 70-77,Forward / Rotation 70-77
S. Corchia,Sébastien Corchia,72,72,1700000,"RB,RWB",RB,France,https://cdn.sofifa.net/players/191/210/23_60.png,31,175,67,1930,401,FC Nantes,17000,3400000,SUB,2023,24,2020,-,Right,3,3,2,-,https://cdn.sofifa.net/flags/fr.png,-,-,Medium,Medium,68,62,71,70,71,59,70,57,54,71,43,70,78,75,72,71,69,67,69,71,72,72,68,63,53,69,69,73,71,66,52,63,74,73,72,6,8,7,10,15,67,69,68,68,68,69,71,71,72,71,72,72,72,72,70,72,18,S. Corchia,72,72,1700000,31,1930,RB,France,Defender,Rotation 70-77,Defender / Rotation 70-77
J. Tomkins,James Tomkins,72,72,1100000,CB,CB,England,https://cdn.sofifa.net/players/173/546/23_60.png,33,192,74,1487,311,Crystal Palace,32000,2100000,SUB,2023,5,2016,-,Right,3,2,2,-,https://cdn.sofifa.net/flags/gb-eng.png,-,-,Low,Medium,33,32,56,49,74,67,45,29,74,68,28,44,33,31,60,57,34,32,30,71,44,40,73,32,80,29,77,72,38,54,43,70,74,74,73,11,8,6,9,14,50,46,48,48,48,46,52,50,58,50,60,69,60,63,72,63,19,J. Tomkins,72,72,1100000,33,1487,CB,England,Defender,Rotation 70-77,Defender / Rotation 70-77
B. Sharp,Billy Sharp,72,72,800000,ST,ST,England,https://cdn.sofifa.net/players/163/050/23_60.png,36,175,70,1767,362,Sheffield United,17000,1500000,SUB,2023,10,2015,-,Right,3,2,1,-,https://cdn.sofifa.net/flags/gb-eng.png,-,-,Medium,Medium,55,74,62,65,39,67,61,79,75,66,74,58,65,55,53,71,58,52,64,77,71,72,55,53,72,64,73,33,80,65,75,82,39,34,28,7,8,11,11,8,72,67,69,69,69,67,69,67,64,67,53,55,53,52,53,52,18,B. Sharp,72,72,800000,36,1767,ST,England,Forward,Rotation 70-77,Forward / Rotation 70-77
R. Nouri,Riad Nouri,72,72,750000,"RM,LM",CAM,France,https://cdn.sofifa.net/players/193/001/23_60.png,37,178,73,1801,373,AC Ajaccio,10000,1500000,LM,2024,5,2020,-,Right,3,4,1,-,https://cdn.sofifa.net/flags/fr.png,-,-,Medium,Medium,66,72,72,75,31,57,71,74,60,75,68,75,59,65,72,74,68,64,80,70,77,73,79,43,64,72,49,32,71,71,60,68,28,26,27,9,8,11,13,13,72,72,72,72,72,72,72,72,69,72,54,54,54,51,47,51,19,R. Nouri,72,72,750000,37,1801,CAM,France,Midfield,Rotation 70-77,Midfield / Rotation 70-77
B. Bianchi,Bruno Bianchi,72,72,1100000,CB,CB,Argentina,https://cdn.sofifa.net/players/215/015/23_60.png,33,183,76,1613,355,Atlético Tucumán,9000,1700000,CB,2024,6,2022,-,Right,3,2,1,-,https://cdn.sofifa.net/flags/ar.png,-,-,Low,Medium,59,35,56,56,72,77,45,29,67,67,25,53,31,23,68,59,57,61,61,65,49,51,65,66,84,35,77,72,41,53,21,55,73,73,73,14,15,14,16,10,54,52,52,52,52,52,57,57,62,57,66,71,66,68,72,68,21,B. Bianchi,72,72,1100000,33,1613,CB,Argentina,Defender,Rotation 70-77,Defender / Rotation 70-77
Deiverson Kaio,Deiverson Breno Kaio de Freitas,72,72,750000,CAM,CAM,Brazil,https://cdn.sofifa.net/players/230/374/23_60.png,38,174,74,1902,401,Flamengo,19000,1400000,SUB,2025,28,2022,-,Left,5,2,1,-,https://cdn.sofifa.net/flags/br.png,-,-,Medium,Medium,81,71,71,75,44,59,70,69,72,71,70,75,68,72,70,76,79,83,75,67,73,76,80,65,60,71,42,45,68,71,69,70,48,34,28,7,12,16,11,9,72,72,72,72,72,72,72,72,70,72,61,59,61,59,53,59,18,Deiverson Kaio,72,72,750000,38,1902,CAM,Brazil,Midfield,Rotation 70-77,Midfield / Rotation 70-77
M. Kelly,Martin Kelly,72,72,1500000,"CB,RB",CB,England,https://cdn.sofifa.net/players/184/037/23_60.png,32,191,77,1638,339,West Bromwich Albion,22000,2900000,SUB,2024,16,2022,-,Right,3,2,2,-,https://cdn.sofifa.net/flags/gb-eng.png,-,-,Low,Medium,37,44,59,61,74,64,66,38,75,67,39,58,60,35,64,67,38,36,53,71,49,61,70,33,77,38,71,72,42,39,58,72,74,74,72,7,11,8,7,8,57,53,53,53,53,53,56,56,60,56,65,69,65,66,72,66,17,M. Kelly,72,72,1500000,32,1638,CB,England,Defender,Rotation 70-77,Defender / Rotation 70-77
P. Förster,Philipp Förster,72,72,2500000,"CAM,CF,CM",CAM,Germany,https://cdn.sofifa.net/players/237/540/23_60.png,27,188,82,1907,413,VfL Bochum 1848,18000,4500000,CM,2024,10,2022,-,Left,3,3,1,-,https://cdn.sofifa.net/flags/de.png,-,-,High,High,64,68,71,71,61,78,66,66,54,73,49,71,60,67,71,73,55,71,64,76,64,77,63,84,78,69,73,58,74,75,54,68,65,60,63,8,8,6,6,6,71,70,71,71,71,70,72,72,72,72,70,71,70,68,67,68,17,P. Förster,72,72,2500000,27,1907,CAM,Germany,Midfield,Rotation 70-77,Midfield / Rotation 70-77
J. Insaurralde,Juan Manuel Insaurralde,72,72,425000,CB,CB,Argentina,https://cdn.sofifa.net/players/153/060/23_60.png,37,188,87,1769,374,Club Atlético Independiente,7000,638000,CB,2022,33,2021,-,Left,3,2,1,-,https://cdn.sofifa.net/flags/ar.png,-,-,Medium,Medium,55,53,57,58,71,80,47,42,78,66,51,55,52,30,67,60,60,50,60,69,45,78,81,70,83,52,84,70,57,54,44,71,70,70,71,11,10,13,6,13,63,56,58,58,58,56,60,60,64,60,66,71,66,67,72,67,19,J. Insaurralde,72,72,425000,37,1769,CB,Argentina,Defender,Rotation 70-77,Defender / Rotation 70-77
A. Herrera,Andrés Herrera,72,77,3300000,"RB,RWB",RB,Argentina,https://cdn.sofifa.net/players/246/106/23_60.png,23,178,75,1891,413,River Plate,10000,4900000,SUB,2025,15,2022,-,Right,3,3,1,-,https://cdn.sofifa.net/flags/ar.png,-,-,Medium,Medium,80,62,61,73,67,70,65,60,62,65,44,76,44,47,57,68,79,81,77,71,69,70,62,75,65,60,77,67,77,60,49,75,61,72,70,11,14,10,14,12,70,70,70,70,70,70,70,72,68,72,72,69,72,72,70,72,21,A. Herrera,72,77,3300000,23,1891,RB,Argentina,Defender,Rotation 70-77,Defender / Rotation 70-77
F. Quignon,Facundo Quignon,72,72,2000000,"CDM,CM",CDM,Argentina,https://cdn.sofifa.net/players/202/331/23_60.png,29,178,73,1894,399,FC Dallas,6000,3000000,SUB,2023,5,2021,-,Left,3,3,1,-,https://cdn.sofifa.net/flags/ar.png,-,-,Medium,High,62,53,66,74,70,74,55,46,72,75,53,73,59,51,70,78,69,57,71,66,67,69,80,79,69,54,77,66,53,65,57,74,71,71,68,14,7,15,7,10,65,65,65,65,65,65,69,69,71,69,71,72,71,71,72,71,18,F. Quignon,72,72,2000000,29,1894,CDM,Argentina,Midfield,Rotation 70-77,Midfield / Rotation 70-77
Antonio Sánchez,Antonio Sánchez Navarro,72,75,3100000,"RM,CM,LM",CAM,Spain,https://cdn.sofifa.net/players/252/909/23_60.png,25,179,78,1936,419,RCD Mallorca,17000,7100000,SUB,2024,10,2015,-,Right,3,3,1,-,https://cdn.sofifa.net/flags/es.png,-,-,Medium,Medium,75,66,72,71,63,72,64,61,54,79,58,69,62,57,73,71,76,75,82,66,75,79,42,78,75,70,62,64,68,72,54,70,60,68,64,15,13,6,14,10,70,70,70,70,70,70,74,73,74,73,71,71,71,70,67,70,20,Antonio Sánchez,72,75,3100000,25,1936,CAM,Spain,Midfield,Rotation 70-77,Midfield / Rotation 70-77
S. Cáseres,Santiago Cáseres,72,78,3300000,"CDM,CM,CB",CDM,Argentina,https://cdn.sofifa.net/players/236/527/23_60.png,25,177,77,1869,401,Vélez Sarsfield,10000,5600000,SUB,2024,35,2022,-,Right,3,3,1,-,https://cdn.sofifa.net/flags/ar.png,-,-,Medium,High,65,55,66,70,67,78,52,54,58,73,53,65,56,42,71,75,65,65,69,73,82,59,70,71,80,57,83,65,55,71,49,69,64,72,70,11,7,10,8,14,65,65,65,65,65,65,69,68,72,68,69,73,69,69,72,69,19,S. Cáseres,72,78,3300000,25,1869,CDM,Argentina,Midfield,Rotation 70-77,Midfield / Rotation 70-77
Fábio,Fábio Pereira da Silva,72,72,1700000,"LB,RB,RWB",LB,Brazil,https://cdn.sofifa.net/players/189/680/23_60.png,31,172,74,1933,402,FC Nantes,17000,3400000,SUB,2023,2,2018,-,Right,4,3,2,-,https://cdn.sofifa.net/flags/br.png,-,-,Medium,Medium,74,52,69,73,69,65,68,37,59,72,59,71,57,60,68,73,73,74,74,71,81,72,75,61,60,56,82,67,67,69,60,73,71,70,72,12,10,11,15,6,64,67,66,66,66,67,70,70,70,70,72,72,72,72,71,72,19,Fábio,72,72,1700000,31,1933,LB,Brazil,Defender,Rotation 70-77,Defender / Rotation 70-77
Pavelinho Serra,Pavel de Jesus Serra Fonseca,72,72,1900000,CB,CB,Brazil,https://cdn.sofifa.net/players/230/393/23_60.png,30,191,88,1499,324,América Futebol Clube,12000,3600000,CB,2025,32,2022,-,Right,3,2,1,-,https://cdn.sofifa.net/flags/br.png,-,-,Medium,Medium,35,47,49,51,74,68,39,36,74,66,44,37,39,31,65,72,36,34,36,64,34,77,41,34,89,44,67,74,32,24,48,82,75,77,65,7,13,9,8,8,56,45,48,48,48,45,50,48,57,48,60,69,60,63,72,63,17,Pavelinho Serra,72,72,1900000,30,1499,CB,Brazil,Defender,Rotation 70-77,Defender / Rotation 70-77
L. Gourna,Lucas Gourna,72,83,4600000,"CDM,CM",CDM,France,https://cdn.sofifa.net/players/257/271/23_60.png,18,185,78,1841,407,FC Red Bull Salzburg,5000,7800000,CDM,2027,27,2022,-,Right,3,2,1,-,https://cdn.sofifa.net/flags/fr.png,-,-,Medium,High,76,52,65,71,70,73,54,48,65,72,46,71,42,43,70,73,78,74,71,68,65,62,59,80,72,49,72,72,62,69,50,71,67,72,69,8,6,6,13,13,66,66,66,66,66,66,70,70,72,70,72,73,72,72,72,72,18,L. Gourna,72,83,4600000,18,1841,CDM,France,Midfield,Rotation 70-77,Midfield / Rotation 70-77
Óscar Sielva,Óscar Sielva Moreno,72,72,2000000,"CDM,CM",CM,Spain,https://cdn.sofifa.net/players/190/199/23_60.png,30,178,78,1993,415,SD Huesca,8000,0,SUB,2023,23,2021,TRUE,Right,4,2,1,-,https://cdn.sofifa.net/flags/es.png,-,-,Medium,Medium,63,71,72,70,66,73,62,69,54,75,64,67,77,77,71,73,62,63,70,70,73,77,57,86,72,74,64,69,68,75,69,74,67,67,65,7,15,6,13,15,70,69,70,70,70,69,72,72,72,72,71,72,71,70,68,70,20,Óscar Sielva,72,72,2000000,30,1993,CM,Spain,Midfield,Rotation 70-77,Midfield / Rotation 70-77
Édundo Oliveira,Éder Marvin Oliveira Simão,72,72,1900000,CB,CB,Brazil,https://cdn.sofifa.net/players/230/389/23_60.png,30,183,79,1696,360,RB Bragantino,12000,3600000,SUB,2025,14,2022,-,Right,2,2,1,-,https://cdn.sofifa.net/flags/br.png,-,-,Medium,Medium,56,46,59,51,73,75,51,41,71,67,54,45,41,42,66,51,55,56,54,71,57,53,78,61,82,52,76,72,35,54,43,65,69,77,72,7,13,7,8,15,55,51,51,51,51,51,56,55,61,55,66,70,66,68,72,68,19,Édundo Oliveira,72,72,1900000,30,1696,CB,Brazil,Defender,Rotation 70-77,Defender / Rotation 70-77
L. Brassier,Lilian Brassier,72,79,4400000,"CB,LB",CB,France,https://cdn.sofifa.net/players/251/380/23_60.png,22,186,78,1708,378,Stade Brestois 29,13000,9700000,LB,2024,3,2021,-,Left,2,2,1,-,https://cdn.sofifa.net/flags/fr.png,-,-,High,Medium,69,36,61,67,72,73,59,30,75,69,27,67,45,40,62,71,68,69,60,68,56,51,70,71,76,28,69,68,53,58,45,67,72,74,71,8,6,7,9,6,59,60,59,59,59,60,63,65,66,65,71,71,71,71,74,71,16,L. Brassier,72,79,4400000,22,1708,CB,France,Defender,Rotation 70-77,Defender / Rotation 70-77
Mateu Morey,Mateu Jaume Morey Bauzá,72,79,4500000,"RB,RM",RWB,Spain,https://cdn.sofifa.net/players/248/820/23_60.png,22,173,67,1798,391,Borussia Dortmund,22000,8600000,RES,2024,2,2019,-,Right,3,3,1,-,https://cdn.sofifa.net/flags/es.png,-,-,High,Medium,74,46,67,76,68,60,71,49,41,75,39,75,63,40,64,75,79,69,82,72,86,51,64,60,53,32,75,75,62,59,38,63,69,69,73,6,13,7,7,5,61,68,65,65,65,68,69,71,69,71,73,72,73,72,69,72,17,Mateu Morey,72,79,4500000,22,1798,RWB,Spain,Defender,Rotation 70-77,Defender / Rotation 70-77
G. Acosta,Guillermo Acosta,72,72,1400000,"CM,RM",CM,Argentina,https://cdn.sofifa.net/players/232/692/23_60.png,33,168,64,1964,410,Atlético Tucumán,10000,2100000,CM,2024,8,2019,-,Right,3,3,1,-,https://cdn.sofifa.net/flags/ar.png,-,-,Medium,Medium,67,68,69,72,63,71,60,66,58,75,59,71,73,52,71,70,69,66,76,75,79,80,80,85,65,68,66,66,69,69,54,77,62,66,59,7,14,15,11,8,71,69,70,70,70,69,72,72,72,72,70,71,70,69,67,69,19,G. Acosta,72,72,1400000,33,1964,CM,Argentina,Midfield,Rotation 70-77,Midfield / Rotation 70-77
N. Orsini,Nicolás Orsini,72,72,2500000,ST,ST,Argentina,https://cdn.sofifa.net/players/220/148/23_60.png,27,191,90,1752,379,Boca Juniors,13000,3500000,SUB,2024,27,2021,-,Right,2,2,1,-,https://cdn.sofifa.net/flags/ar.png,-,-,High,Low,79,71,57,67,31,74,45,72,74,65,64,64,43,43,59,70,78,79,70,70,74,74,75,64,82,65,65,22,73,61,69,68,33,25,19,11,6,16,6,16,72,67,70,70,70,67,69,68,63,68,51,52,51,49,49,49,19,N. Orsini,72,72,2500000,27,1752,ST,Argentina,Forward,Rotation 70-77,Forward / Rotation 70-77
L. Podolski,Lukas Podolski,72,72,800000,"CF,ST,CAM",ST,Germany,https://cdn.sofifa.net/players/150/516/23_60.png,37,183,88,1866,376,Górnik Zabrze,6000,1100000,RF,2023,10,2021,-,Left,3,3,3,-,https://cdn.sofifa.net/flags/de.png,-,-,Medium,Low,49,78,73,71,36,69,70,73,65,74,84,71,74,73,73,75,43,54,58,73,66,90,64,53,76,74,71,36,77,74,77,80,30,35,30,10,9,16,9,9,72,70,72,72,72,70,72,72,72,72,56,59,56,53,53,53,20,L. Podolski,72,72,800000,37,1866,ST,Germany,Forward,Rotation 70-77,Forward / Rotation 70-77
Cadu,Carlos Eduardo Lopes Cruz,72,75,3200000,"RM,RB,CDM",CAM,Brazil,https://cdn.sofifa.net/players/270/068/23_60.png,24,171,70,1941,410,FC Viktoria Plzeň,700,7300000,SUB,2025,22,2022,-,Right,3,2,1,-,https://cdn.sofifa.net/flags/br.png,-,-,Medium,Medium,75,61,70,74,68,62,72,58,62,73,53,72,66,57,69,74,78,72,82,72,84,63,65,67,55,68,73,70,64,69,55,71,67,69,66,14,11,7,7,7,68,71,69,69,69,71,73,73,72,73,73,72,73,72,69,72,18,Cadu,72,75,3200000,24,1941,CAM,Brazil,Midfield,Rotation 70-77,Midfield / Rotation 70-77
S. Cook,Steve Cook,72,72,1600000,CB,CB,England,https://cdn.sofifa.net/players/193/011/23_60.png,31,185,82,1611,336,Nottingham Forest,36000,3000000,CB,2024,3,2022,-,Right,3,2,1,-,https://cdn.sofifa.net/flags/gb-eng.png,-,-,Medium,High,45,34,54,58,73,72,41,32,73,67,33,52,44,32,64,63,47,44,55,71,62,48,81,56,77,26,76,73,29,45,42,68,73,73,73,14,12,7,14,12,52,49,49,49,49,49,54,54,60,54,64,70,64,66,72,66,21,S. Cook,72,72,1600000,31,1611,CB,England,Defender,Rotation 70-77,Defender / Rotation 70-77
P. Lasne,Paul Lasne,72,72,1200000,"CDM,CM",CDM,France,https://cdn.sofifa.net/players/192/242/23_60.png,33,186,77,1879,385,Paris FC,7000,2200000,CDM,2024,6,2022,-,Left,4,3,1,-,https://cdn.sofifa.net/flags/fr.png,-,-,Medium,High,44,62,71,69,69,70,69,55,64,74,69,70,71,60,73,71,52,38,60,68,62,72,67,65,73,67,70,69,64,71,59,69,69,71,70,8,8,6,7,7,66,65,65,65,65,65,69,68,72,68,69,72,69,68,71,68,16,P. Lasne,72,72,1200000,33,1879,CDM,France,Midfield,Rotation 70-77,Midfield / Rotation 70-77
J. Maidana,Jonatan Maidana,72,72,425000,CB,CB,Argentina,https://cdn.sofifa.net/players/172/018/23_60.png,36,185,86,1641,334,River Plate,8000,595000,RES,2022,4,2021,-,Right,3,2,1,-,https://cdn.sofifa.net/flags/ar.png,-,-,Low,High,35,39,62,51,72,75,56,37,73,70,42,40,45,44,67,62,34,36,54,65,44,45,71,50,86,32,80,70,50,60,49,70,76,70,70,12,9,14,14,14,54,50,51,51,51,50,56,55,62,55,63,71,63,65,72,65,20,J. Maidana,72,72,425000,36,1641,CB,Argentina,Defender,Rotation 70-77,Defender / Rotation 70-77
V. Malcorra,Víctor Ignacio Malcorra,72,72,1100000,"LM,CM",LM,Argentina,https://cdn.sofifa.net/players/226/797/23_60.png,34,171,74,1980,416,Rosario Central,13000,1700000,LM,2023,15,2022,-,Left,4,3,1,-,https://cdn.sofifa.net/flags/ar.png,-,-,Medium,Medium,74,66,73,75,59,69,70,61,45,74,49,75,81,82,71,74,75,73,77,69,80,78,79,69,73,69,56,58,63,71,70,71,65,60,51,7,15,12,14,14,69,71,70,70,70,71,72,72,72,72,68,68,68,66,64,66,21,V. Malcorra,72,72,1100000,34,1980,LM,Argentina,Midfield,Rotation 70-77,Midfield / Rotation 70-77
Vicemte Tófoli,Vicemte Ernesto Tófoli Laranjeiras,72,72,2600000,LW,LW,Brazil,https://cdn.sofifa.net/players/230/510/23_60.png,26,172,67,1777,372,RB Bragantino,14000,4900000,LW,2025,11,2022,-,Left,2,3,1,-,https://cdn.sofifa.net/flags/br.png,-,-,Medium,Medium,79,71,63,75,36,48,58,77,53,69,69,77,64,68,59,77,81,78,62,66,84,68,56,62,41,62,44,38,74,61,73,67,31,36,32,12,10,8,16,11,72,72,72,72,72,72,72,72,67,72,58,54,58,55,46,55,20,Vicemte Tófoli,72,72,2600000,26,1777,LW,Brazil,Forward,Rotation 70-77,Forward / Rotation 70-77
M. Bíttolo,Mariano Bíttolo,72,72,1600000,"LB,LWB,LM",LB,Argentina,https://cdn.sofifa.net/players/215/148/23_60.png,32,170,62,1873,393,Argentinos Juniors,10000,2400000,SUB,2023,27,2022,-,Left,2,3,1,-,https://cdn.sofifa.net/flags/ar.png,-,-,High,Medium,76,46,70,70,67,64,76,44,66,70,35,69,75,38,71,70,79,73,74,72,75,50,79,71,58,45,68,68,66,71,47,69,65,67,71,11,6,16,15,12,63,68,65,65,65,68,69,72,70,72,72,71,72,72,69,72,20,M. Bíttolo,72,72,1600000,32,1873,LB,Argentina,Defender,Rotation 70-77,Defender / Rotation 70-77
R. Nteka,Randy Nteka,72,79,4700000,"ST,CAM,CM",ST,France,https://cdn.sofifa.net/players/251/756/23_60.png,24,189,75,1958,416,Rayo Vallecano,14000,10800000,SUB,2026,11,2021,-,Left,3,3,1,-,https://cdn.sofifa.net/flags/fr.png,-,-,Medium,Medium,73,71,64,72,54,82,56,70,71,69,64,71,57,51,65,73,75,72,77,68,78,74,80,78,87,69,77,63,72,67,73,66,41,55,54,5,6,14,11,15,74,70,71,71,71,70,72,71,71,71,66,67,66,65,65,65,18,R. Nteka,72,79,4700000,24,1958,ST,France,Forward,Rotation 70-77,Forward / Rotation 70-77
Marcelo,Marcelo Antônio Guedes Filho,72,72,625000,CB,CB,Brazil,https://cdn.sofifa.net/players/180/334/23_60.png,35,191,85,1662,343,Western Sydney Wanderers,5000,781000,CB,2023,6,2022,-,Right,2,2,2,-,https://cdn.sofifa.net/flags/br.png,-,-,Low,High,36,44,57,56,71,79,36,41,76,67,37,51,46,41,68,62,36,36,51,70,47,66,84,62,88,30,76,71,39,58,51,70,72,71,67,16,15,10,7,14,57,50,53,53,53,50,56,54,63,54,62,71,62,64,72,64,21,Marcelo,72,72,625000,35,1662,CB,Brazil,Defender,Rotation 70-77,Defender / Rotation 70-77
Fran Villalba,Francisco José Villalba Rodrigo,72,79,4700000,"CAM,LM,RM",CAM,Spain,https://cdn.sofifa.net/players/229/991/23_60.png,24,172,63,1807,372,Málaga CF,7000,0,LM,2023,21,2022,TRUE,Right,3,3,1,-,https://cdn.sofifa.net/flags/es.png,-,-,High,Medium,73,64,72,73,48,42,67,66,37,72,56,68,76,73,71,71,80,68,89,77,90,62,37,58,37,65,37,52,73,76,58,68,51,49,39,9,10,14,5,14,66,71,70,70,70,71,74,73,71,73,63,61,63,60,51,60,19,Fran Villalba,72,79,4700000,24,1807,CAM,Spain,Midfield,Rotation 70-77,Midfield / Rotation 70-77
Postigo,Sergio Postigo Redondo,72,72,1100000,CB,CB,Spain,https://cdn.sofifa.net/players/214/639/23_60.png,33,185,78,1617,365,Levante Unión Deportiva,9000,1800000,SUB,2023,15,2016,-,Right,3,2,1,-,https://cdn.sofifa.net/flags/es.png,-,-,Low,Medium,66,46,53,55,73,72,42,48,69,64,36,51,30,26,64,61,53,76,49,67,46,56,68,54,80,36,75,74,30,48,45,72,78,71,70,13,13,7,7,10,57,52,53,53,53,52,56,56,60,56,66,70,66,68,72,68,19,Postigo,72,72,1100000,33,1617,CB,Spain,Defender,Rotation 70-77,Defender / Rotation 70-77
I. Cardona,Irvin Cardona,72,76,3400000,ST,ST,France,https://cdn.sofifa.net/players/235/888/23_60.png,24,185,76,1763,370,Stade Brestois 29,16000,7100000,SUB,2023,14,2019,-,Right,3,3,1,-,https://cdn.sofifa.net/flags/fr.png,-,-,High,High,71,73,66,72,26,62,56,73,63,73,77,73,68,58,58,74,72,70,69,69,62,78,79,69,70,68,28,24,75,72,69,67,27,17,20,9,11,6,13,13,74,71,73,73,73,71,74,72,67,72,53,50,53,49,43,49,20,I. Cardona,72,76,3400000,24,1763,ST,France,Forward,Rotation 70-77,Forward / Rotation 70-77
M. Sagnan,Modibo Sagnan,72,81,4900000,CB,CB,France,https://cdn.sofifa.net/players/241/708/23_60.png,23,187,77,1592,354,FC Utrecht,17000,0,SUB,2023,27,2019,TRUE,Left,3,2,1,-,https://cdn.sofifa.net/flags/fr.png,-,-,High,Medium,64,32,56,56,73,73,48,28,72,71,27,48,33,30,70,67,60,67,51,66,51,40,75,63,76,32,77,70,30,39,39,58,72,76,69,10,6,11,9,9,52,51,50,50,50,51,55,57,61,57,67,71,67,69,74,69,17,M. Sagnan,72,81,4900000,23,1592,CB,France,Defender,Rotation 70-77,Defender / Rotation 70-77
Dani Calvo,Daniel Pedro Calvo Sanromán,72,74,2400000,CB,CB,Spain,https://cdn.sofifa.net/players/219/180/23_60.png,28,190,82,1690,361,Real Oviedo,8000,4000000,CB,2023,12,2021,-,Right,3,2,1,-,https://cdn.sofifa.net/flags/es.png,-,-,Medium,Medium,52,46,56,56,72,79,52,39,75,65,30,54,43,45,56,64,51,52,48,67,35,58,86,70,85,52,75,70,45,48,55,59,73,72,69,11,7,12,13,13,58,54,55,55,55,54,57,58,62,58,66,70,66,68,74,68,19,Dani Calvo,72,74,2400000,28,1690,CB,Spain,Defender,Rotation 70-77,Defender / Rotation 70-77
De La Hoz,César De La Hoz López,72,72,2000000,"CDM,CB",CDM,Spain,https://cdn.sofifa.net/players/211/037/23_60.png,30,179,74,1791,384,Unión Deportiva Almería,17000,4400000,SUB,2023,6,2018,-,Right,3,2,1,-,https://cdn.sofifa.net/flags/es.png,-,-,Medium,Medium,52,58,62,65,70,77,45,61,60,73,34,62,38,48,71,70,49,55,60,65,72,52,77,89,75,64,68,68,63,64,42,62,68,75,70,8,12,12,9,12,64,62,63,63,63,62,67,65,71,65,69,72,69,69,71,69,18,De La Hoz,72,72,2000000,30,1791,CDM,Spain,Midfield,Rotation 70-77,Midfield / Rotation 70-77
N. Mbuku,Nathanaël Mbuku,72,82,5000000,"CF,RM,CAM",CAM,France,https://cdn.sofifa.net/players/253/036/23_60.png,20,170,65,1770,379,Stade de Reims,14000,11000000,SUB,2023,11,2018,-,Left,2,3,1,-,https://cdn.sofifa.net/flags/fr.png,-,-,High,Medium,77,66,70,78,35,53,66,67,50,74,64,79,66,56,67,75,80,75,87,65,87,71,33,62,53,58,48,29,69,72,64,69,32,36,35,14,8,12,8,8,70,73,72,72,72,73,75,74,69,74,58,55,58,55,46,55,18,N. Mbuku,72,82,5000000,20,1770,CAM,France,Midfield,Rotation 70-77,Midfield / Rotation 70-77
A. Rouault,Anthony Rouault,72,84,5500000,CB,CB,France,https://cdn.sofifa.net/players/252/512/23_60.png,21,186,77,1634,350,Toulouse Football Club,9000,12100000,CB,2024,4,2019,-,Right,3,2,1,-,https://cdn.sofifa.net/flags/fr.png,-,-,Medium,Medium,62,30,60,55,72,71,47,25,72,76,28,45,37,35,72,65,66,58,55,68,58,45,80,65,73,24,70,71,35,48,43,74,74,72,71,6,15,13,14,8,52,51,51,51,51,51,56,58,63,58,68,72,68,69,74,69,19,A. Rouault,72,84,5500000,21,1634,CB,France,Defender,Rotation 70-77,Defender / Rotation 70-77
T. Valls,Théo Valls,72,74,2900000,"CM,CDM,LM",CM,France,https://cdn.sofifa.net/players/225/629/23_60.png,26,178,71,1963,410,Servette FC,14000,4400000,SUB,2023,15,2020,-,Left,2,3,1,-,https://cdn.sofifa.net/flags/fr.png,-,-,Medium,Medium,66,66,73,71,64,70,71,62,58,75,65,72,71,68,72,72,67,65,66,70,67,70,72,77,70,71,59,65,67,74,67,75,62,67,66,9,9,8,16,13,69,70,69,69,69,70,73,73,74,73,71,71,71,70,68,70,20,T. Valls,72,74,2900000,26,1963,CM,France,Midfield,Rotation 70-77,Midfield / Rotation 70-77
F. Mateos,Federico Mateos,72,72,2300000,"CM,CAM",CM,Argentina,https://cdn.sofifa.net/players/263/527/23_60.png,29,177,74,1807,394,Deportivo Ñublense,7000,3100000,CM,2022,20,2018,-,Right,4,4,1,-,https://cdn.sofifa.net/flags/ar.png,-,-,Medium,Medium,66,68,70,71,53,66,66,66,41,74,42,71,41,72,72,74,67,65,59,70,72,75,53,83,70,74,36,62,66,73,65,68,44,63,48,13,5,6,14,5,68,69,70,70,70,69,72,72,72,72,67,67,67,65,58,65,18,F. Mateos,72,72,2300000,29,1807,CM,Argentina,Midfield,Rotation 70-77,Midfield / Rotation 70-77
Hélton Celanova,Hélton Luiz Celanova Vieira,72,72,2300000,ST,ST,Brazil,https://cdn.sofifa.net/players/230/495/23_60.png,30,180,92,1702,351,Internacional,21000,4400000,ST,2025,9,2022,-,Left,3,3,1,-,https://cdn.sofifa.net/flags/br.png,-,-,Medium,Low,53,76,60,67,22,73,42,73,76,71,77,63,63,52,53,73,53,53,68,67,56,86,68,59,88,72,52,20,74,65,76,74,13,18,10,10,10,18,10,13,72,65,69,69,69,65,70,65,64,65,45,48,45,42,43,42,19,Hélton Celanova,72,72,2300000,30,1702,ST,Brazil,Forward,Rotation 70-77,Forward / Rotation 70-77
J. Meffert,Jonas Meffert,72,73,2400000,"CDM,CM",CDM,Germany,https://cdn.sofifa.net/players/212/321/23_60.png,27,186,76,1795,380,Hamburger SV,10000,4000000,CDM,2024,23,2021,-,Right,4,2,1,-,https://cdn.sofifa.net/flags/de.png,-,-,Medium,High,54,48,64,66,71,77,52,42,64,73,46,64,49,40,68,70,53,55,63,66,65,57,80,84,75,55,74,69,43,66,51,64,73,73,69,8,13,12,15,8,59,59,59,59,59,59,64,64,69,64,70,73,70,70,73,70,19,J. Meffert,72,73,2400000,27,1795,CDM,Germany,Midfield,Rotation 70-77,Midfield / Rotation 70-77
E. Thommy,Erik Thommy,72,72,2500000,"LM,RM,CF",LM,Germany,https://cdn.sofifa.net/players/221/797/23_60.png,27,175,71,1784,373,Sporting Kansas City,7000,3600000,CM,2024,26,2022,-,Right,3,3,1,-,https://cdn.sofifa.net/flags/de.png,-,-,Medium,Medium,77,69,70,74,33,50,75,67,49,70,65,74,76,72,62,73,76,78,86,66,81,73,51,57,51,73,37,27,66,70,57,62,28,37,31,6,11,16,8,15,69,72,70,70,70,72,72,72,67,72,57,52,57,54,44,54,18,E. Thommy,72,72,2500000,27,1784,LM,Germany,Midfield,Rotation 70-77,Midfield / Rotation 70-77
D. Gayle,Dwight Gayle,72,72,2000000,"ST,LW",ST,England,https://cdn.sofifa.net/players/205/670/23_60.png,31,174,78,1754,364,Stoke City,23000,3800000,SUB,2024,11,2022,-,Right,4,3,1,-,https://cdn.sofifa.net/flags/gb-eng.png,-,-,Medium,Low,75,73,58,73,28,57,59,74,68,64,70,71,54,71,53,73,76,74,77,72,80,76,73,52,62,69,46,35,77,48,73,71,20,24,14,10,7,16,8,8,72,70,71,71,71,70,69,69,62,69,52,49,52,49,44,49,18,D. Gayle,72,72,2000000,31,1754,ST,England,Forward,Rotation 70-77,Forward / Rotation 70-77
N. Capaldo,Nicolás Capaldo,72,79,4700000,CM,CDM,Argentina,https://cdn.sofifa.net/players/246/885/23_60.png,23,177,73,2012,430,FC Red Bull Salzburg,17000,8000000,CM,2026,7,2021,-,Right,2,2,1,-,https://cdn.sofifa.net/flags/ar.png,-,-,High,High,76,65,71,72,69,77,70,62,54,74,64,69,65,55,71,73,76,76,81,74,75,70,71,89,73,68,75,67,68,70,60,74,71,72,69,8,6,13,12,11,70,71,70,70,70,71,73,74,74,74,75,75,75,74,72,74,19,N. Capaldo,72,79,4700000,23,2012,CDM,Argentina,Midfield,Rotation 70-77,Midfield / Rotation 70-77
Gérson Noalha,Gérson Fábio Noalha Rochela,72,72,2300000,"ST,CAM,LM",ST,Brazil,https://cdn.sofifa.net/players/230/501/23_60.png,30,178,76,1850,384,Palmeiras,27000,4099999,SUB,2025,22,2022,-,Left,3,4,1,-,https://cdn.sofifa.net/flags/br.png,-,-,Medium,Medium,76,76,58,75,31,68,53,75,64,56,77,76,83,71,56,76,66,85,76,67,66,86,73,74,69,69,55,25,67,56,76,71,33,25,22,14,16,16,11,16,72,69,70,70,70,69,69,69,63,69,53,50,53,51,47,51,22,Gérson Noalha,72,72,2300000,30,1850,ST,Brazil,Forward,Rotation 70-77,Forward / Rotation 70-77
K. Schlotterbeck,Keven Schlotterbeck,72,76,2900000,CB,CB,Germany,https://cdn.sofifa.net/players/244/068/23_60.png,25,189,84,1535,340,Sport-Club Freiburg,17000,5100000,SUB,2025,31,2018,-,Left,3,2,1,-,https://cdn.sofifa.net/flags/de.png,-,-,Medium,Medium,60,27,51,54,74,74,25,23,72,65,21,49,29,32,59,57,53,65,54,70,55,33,62,64,83,26,66,71,27,58,39,68,73,78,70,13,14,11,10,8,49,47,48,48,48,47,54,53,60,53,64,70,64,66,74,66,20,K. Schlotterbeck,72,76,2900000,25,1535,CB,Germany,Defender,Rotation 70-77,Defender / Rotation 70-77
Jesús Jiménez,Jesús Jiménez Núñez,71,71,1900000,ST,RW,Spain,https://cdn.sofifa.net/players/244/110/23_60.png,28,183,80,1831,395,Toronto FC,7000,2900000,SUB,2024,9,2022,-,Right,3,4,1,-,https://cdn.sofifa.net/flags/es.png,-,-,Medium,Medium,80,71,65,73,37,69,62,74,57,69,61,73,62,54,60,70,81,80,82,71,77,74,73,80,75,61,37,32,75,66,69,70,38,34,33,12,6,12,15,6,71,71,71,71,71,71,71,71,67,71,59,56,59,57,50,57,19,Jesús Jiménez,71,71,1900000,28,1831,RW,Spain,Forward,Rotation 70-77,Forward / Rotation 70-77
L. Öztunalı,Levin Öztunalı,71,72,2200000,"RM,CM,RWB",RM,Germany,https://cdn.sofifa.net/players/213/134/23_60.png,26,184,81,1900,398,1. FC Union Berlin,19000,4099999,SUB,2027,7,2021,-,Right,3,3,1,-,https://cdn.sofifa.net/flags/de.png,-,-,Medium,Low,75,67,67,73,48,68,67,64,54,67,64,75,77,72,63,71,79,72,74,72,69,73,66,68,73,69,57,54,71,68,58,69,43,48,49,10,16,13,15,9,71,71,70,70,70,71,72,72,69,72,64,62,64,62,58,62,21,L. Öztunalı,71,72,2200000,26,1900,RM,Germany,Midfield,Rotation 70-77,Midfield / Rotation 70-77
I. Jakobs,Ismail Jakobs,71,79,4200000,"LM,LB",LM,Germany,https://cdn.sofifa.net/players/252/293/23_60.png,22,184,75,1810,410,AS Monaco,24000,8800000,SUB,2026,14,2021,-,Left,3,3,1,-,https://cdn.sofifa.net/flags/de.png,-,-,Medium,Medium,85,59,60,73,65,68,68,64,56,68,41,75,54,30,49,72,86,84,72,68,67,65,49,77,66,44,65,66,64,56,55,66,64,67,67,15,8,10,7,11,68,70,68,68,68,70,69,72,66,72,72,68,72,72,67,72,19,I. Jakobs,71,79,4200000,22,1810,LM,Germany,Midfield,Rotation 70-77,Midfield / Rotation 70-77
Abdón Prats,Abdón Prats Bastidas,71,71,1900000,"ST,LM",ST,Spain,https://cdn.sofifa.net/players/202/716/23_60.png,29,181,81,1760,363,RCD Mallorca,18000,4200000,SUB,2024,9,2017,-,Left,3,3,1,-,https://cdn.sofifa.net/flags/es.png,-,-,Medium,Medium,64,73,60,71,29,66,65,73,67,65,70,70,68,69,58,73,62,65,77,67,66,75,72,63,76,72,42,25,72,45,70,55,29,23,18,10,11,16,15,11,71,68,68,68,68,68,68,68,62,68,52,49,52,49,45,49,20,Abdón Prats,71,71,1900000,29,1760,ST,Spain,Forward,Rotation 70-77,Forward / Rotation 70-77
Mauro Riboas,Mauro Guilherme Ribeiro Rangel,71,71,1800000,CAM,CAM,Brazil,https://cdn.sofifa.net/players/230/281/23_60.png,30,176,75,1808,364,RB Bragantino,11000,3400000,CAM,2025,18,2022,-,Right,3,3,1,-,https://cdn.sofifa.net/flags/br.png,-,-,Medium,Medium,66,61,70,73,39,55,73,44,42,74,76,71,64,73,51,75,67,66,74,73,70,77,69,46,53,76,69,48,75,77,69,81,32,41,37,8,10,7,10,11,66,70,70,70,70,70,71,70,68,70,59,58,59,56,51,56,19,Mauro Riboas,71,71,1800000,30,1808,CAM,Brazil,Midfield,Rotation 70-77,Midfield / Rotation 70-77
Édson,Édson Felipe da Cruz,71,71,1300000,"CDM,CB",CDM,Brazil,https://cdn.sofifa.net/players/216/712/23_60.png,31,187,75,1909,405,Al Adalah,13000,2100000,CDM,2024,19,2022,-,Right,2,2,1,-,https://cdn.sofifa.net/flags/br.png,-,-,Medium,Medium,67,64,63,64,71,76,55,59,70,69,58,61,64,57,68,68,65,68,66,60,62,77,73,80,75,68,76,70,60,57,51,67,67,75,72,12,11,9,12,14,67,63,64,64,64,63,66,66,68,66,70,71,70,71,71,71,19,Édson,71,71,1300000,31,1909,CDM,Brazil,Midfield,Rotation 70-77,Midfield / Rotation 70-77
Carleto Costinha,Carleto Adilson Costinha Caldeira,71,71,1800000,"CAM,ST,RM",RM,Brazil,https://cdn.sofifa.net/players/230/278/23_60.png,30,175,69,1815,381,Fluminense,15000,3400000,RM,2025,7,2022,-,Right,4,3,1,-,https://cdn.sofifa.net/flags/br.png,-,-,Medium,Low,82,63,71,73,38,54,72,68,47,75,61,71,71,73,63,74,86,79,78,64,78,61,58,64,53,51,42,43,71,70,77,73,19,52,38,8,14,11,14,9,68,71,70,70,70,71,71,71,69,71,61,57,61,59,49,59,19,Carleto Costinha,71,71,1800000,30,1815,RM,Brazil,Midfield,Rotation 70-77,Midfield / Rotation 70-77
E. Cerutti,Ezequiel Cerutti,71,71,1800000,"RW,RM,ST",RW,Argentina,https://cdn.sofifa.net/players/219/525/23_60.png,30,169,75,1803,382,San Lorenzo de Almagro,11000,2700000,RW,2023,7,2019,-,Right,3,4,1,-,https://cdn.sofifa.net/flags/ar.png,-,-,High,Medium,83,63,66,73,34,63,66,57,59,67,63,75,63,55,64,70,84,82,80,70,72,70,63,70,56,66,72,34,70,69,68,72,49,17,18,10,12,10,14,8,69,71,70,70,70,71,71,71,66,71,57,55,57,53,48,53,19,E. Cerutti,71,71,1800000,30,1803,RW,Argentina,Forward,Rotation 70-77,Forward / Rotation 70-77
Camarasa,Víctor Camarasa Ferrando,71,71,1900000,"CM,CAM,RM",CM,Spain,https://cdn.sofifa.net/players/219/571/23_60.png,28,183,77,1971,404,Real Betis Balompié,15000,4000000,SUB,2023,22,2017,-,Right,3,3,1,-,https://cdn.sofifa.net/flags/es.png,-,-,High,Medium,52,72,71,71,68,70,68,69,55,72,65,71,65,73,70,72,55,50,70,72,67,80,72,68,70,71,70,70,71,74,70,70,70,70,68,14,9,11,11,8,70,69,70,70,70,69,71,71,71,71,70,71,70,69,70,69,19,Camarasa,71,71,1900000,28,1971,CM,Spain,Midfield,Rotation 70-77,Midfield / Rotation 70-77
M. Meyer,Max Meyer,71,72,2200000,"CM,CAM,LM",CAM,Germany,https://cdn.sofifa.net/players/212/150/23_60.png,26,173,67,1939,397,FC Luzern,11000,3400000,CM,2024,7,2022,-,Right,4,4,2,-,https://cdn.sofifa.net/flags/de.png,-,-,Medium,Medium,63,61,75,76,63,59,74,60,37,77,60,74,78,72,75,74,74,54,87,66,88,60,59,65,52,60,69,66,67,74,65,74,69,63,62,8,12,13,11,14,64,70,68,68,68,70,72,72,72,72,70,71,70,68,64,68,19,M. Meyer,71,72,2200000,26,1939,CAM,Germany,Midfield,Rotation 70-77,Midfield / Rotation 70-77
L. Fernández,Leandro Fernández,71,71,1600000,"ST,RW,LW",RW,Argentina,https://cdn.sofifa.net/players/208/054/23_60.png,31,176,74,1900,400,Club Atlético Independiente,11000,2400000,LM,2023,9,2022,-,Right,5,3,1,-,https://cdn.sofifa.net/flags/ar.png,-,-,Medium,Low,77,71,69,74,41,68,73,70,66,66,66,75,72,73,67,69,80,74,82,69,73,77,62,64,67,68,77,47,72,70,74,78,36,42,20,11,6,14,12,6,71,71,71,71,71,71,71,71,68,71,59,59,59,56,54,56,18,L. Fernández,71,71,1600000,31,1900,RW,Argentina,Forward,Rotation 70-77,Forward / Rotation 70-77
Toni Moya,Antonio Moya Vega,71,78,3700000,"CM,CDM",CM,Spain,https://cdn.sofifa.net/players/241/588/23_60.png,24,185,78,1738,374,Deportivo Alavés,7000,6700000,SUB,2023,6,2021,-,Right,3,3,1,-,https://cdn.sofifa.net/flags/es.png,-,-,Medium,Medium,55,64,64,72,64,55,44,72,45,74,38,74,44,47,73,76,49,59,62,70,63,52,71,57,51,65,58,69,67,69,51,60,59,72,59,9,13,9,6,11,66,67,68,68,68,67,72,68,73,68,65,70,65,64,65,64,18,Toni Moya,71,78,3700000,24,1738,CM,Spain,Midfield,Rotation 70-77,Midfield / Rotation 70-77
P. Pfeiffer,Patric Pfeiffer,71,77,2700000,CB,CB,Germany,https://cdn.sofifa.net/players/241/590/23_60.png,22,196,91,1535,354,SV Darmstadt 98,11000,4900000,CB,2023,5,2019,-,Right,5,2,1,-,https://cdn.sofifa.net/flags/de.png,-,-,Medium,High,76,33,44,52,71,78,34,29,71,63,34,51,29,28,45,57,55,93,42,63,38,47,69,64,90,26,66,69,36,28,39,62,72,73,68,13,11,10,11,11,54,49,49,49,49,49,50,53,54,53,65,66,65,67,73,67,19,P. Pfeiffer,71,77,2700000,22,1535,CB,Germany,Defender,Rotation 70-77,Defender / Rotation 70-77
R. Guitane,Rafik Guitane,71,79,4200000,"RM,CAM,CM",LM,France,https://cdn.sofifa.net/players/235/955/23_60.png,23,170,64,1685,353,Stade de Reims,13000,9200000,RES,2024,99,2021,-,Left,3,3,1,-,https://cdn.sofifa.net/flags/fr.png,-,-,Medium,Low,76,58,66,77,31,45,63,58,39,69,48,78,65,52,65,74,74,77,85,67,92,64,56,66,32,56,47,26,63,68,53,62,28,34,33,7,10,9,14,13,64,70,68,68,68,70,71,72,66,72,56,52,56,53,42,53,19,R. Guitane,71,79,4200000,23,1685,LM,France,Midfield,Rotation 70-77,Midfield / Rotation 70-77
Luíz Carlos,Luíz Carlos Martins Moreira,71,71,600000,"CM,CDM",CM,Brazil,https://cdn.sofifa.net/players/148/403/23_60.png,36,175,65,1931,397,FC Paços de Ferreira,6000,1300000,CM,2023,22,2018,-,Right,3,3,1,-,https://cdn.sofifa.net/flags/br.png,-,-,Medium,High,53,67,68,68,69,72,59,69,69,74,59,66,54,45,71,69,54,53,69,68,77,69,86,79,64,64,80,69,69,73,58,70,67,70,68,8,8,13,14,16,69,66,68,68,68,66,71,69,71,69,69,71,69,69,71,69,20,Luíz Carlos,71,71,600000,36,1931,CM,Brazil,Midfield,Rotation 70-77,Midfield / Rotation 70-77
C. Michelin,Clément Michelin,71,73,2200000,"RB,RWB",RWB,France,https://cdn.sofifa.net/players/236/466/23_60.png,25,178,65,1839,389,FC Girondins de Bordeaux,750,0,RB,2023,34,2021,TRUE,Right,3,3,1,-,https://cdn.sofifa.net/flags/fr.png,-,-,Medium,Medium,70,50,66,69,66,68,72,45,56,69,43,69,73,42,67,71,69,71,65,67,70,58,70,80,63,52,67,67,65,58,48,63,65,70,68,15,9,12,15,8,63,65,64,64,64,65,67,69,69,69,72,70,72,71,68,71,20,C. Michelin,71,73,2200000,25,1839,RWB,France,Defender,Rotation 70-77,Defender / Rotation 70-77
João Basso,João Othávio Basso,71,76,2500000,"CB,CDM",CB,Brazil,https://cdn.sofifa.net/players/236/255/23_60.png,25,187,74,1700,360,FC Arouca,5000,5300000,CB,2024,13,2019,-,Right,2,2,1,-,https://cdn.sofifa.net/flags/br.png,-,-,Medium,Medium,54,51,55,57,72,71,49,50,75,66,40,55,39,41,67,60,55,54,51,72,56,62,73,71,70,46,71,70,35,40,71,53,68,75,71,7,7,10,14,9,59,54,54,54,54,54,56,58,62,58,67,70,67,68,73,68,18,João Basso,71,76,2500000,25,1700,CB,Brazil,Defender,Rotation 70-77,Defender / Rotation 70-77
E. Bullaude,Ezequiel Bullaude,71,80,4200000,"CAM,CM,RM",CAM,Argentina,https://cdn.sofifa.net/players/246/237/23_60.png,21,184,80,1728,383,Feyenoord,6000,7100000,SUB,2027,30,2022,-,Right,3,3,1,-,https://cdn.sofifa.net/flags/ar.png,-,-,High,Medium,79,69,64,74,32,65,55,70,59,70,60,76,66,47,59,76,73,83,70,65,71,74,55,71,72,69,44,27,69,69,48,58,29,33,25,11,6,14,6,6,72,71,72,72,72,71,73,72,67,72,56,54,56,53,47,53,16,E. Bullaude,71,80,4200000,21,1728,CAM,Argentina,Midfield,Rotation 70-77,Midfield / Rotation 70-77
D. Barlaser,Daniel Barlaser,71,75,2400000,CDM,CM,England,https://cdn.sofifa.net/players/227/806/23_60.png,25,184,62,1873,386,Rotherham United,10000,4600000,CDM,2023,4,2020,-,Right,3,3,1,-,https://cdn.sofifa.net/flags/gb-eng.png,-,-,Medium,Medium,51,61,71,67,66,70,69,56,53,71,65,66,68,67,73,71,52,51,63,70,65,68,60,77,72,62,60,71,61,71,69,62,66,67,63,11,7,10,7,11,64,64,64,64,64,64,68,68,72,68,70,72,70,68,68,68,18,D. Barlaser,71,75,2400000,25,1873,CM,England,Midfield,Rotation 70-77,Midfield / Rotation 70-77
Ricardo Ryller,Ricardo Ryller Ribeiro Lino Silva,71,71,1600000,"CDM,CM",CDM,Brazil,https://cdn.sofifa.net/players/242/143/23_60.png,28,184,84,1899,401,Al Fayha,16000,2600000,CDM,2023,37,2021,-,Right,4,3,1,-,https://cdn.sofifa.net/flags/br.png,-,-,Medium,Medium,62,63,66,67,66,77,56,55,63,72,57,66,62,50,72,71,61,63,64,69,59,77,70,83,75,73,75,67,66,68,50,70,64,69,66,12,12,5,13,14,68,65,67,67,67,65,70,69,71,69,70,71,70,69,70,69,21,Ricardo Ryller,71,71,1600000,28,1899,CDM,Brazil,Midfield,Rotation 70-77,Midfield / Rotation 70-77
J. Börner,Julian Börner,71,71,1300000,CB,CB,Germany,https://cdn.sofifa.net/players/194/015/23_60.png,31,188,86,1814,381,Hannover 96,16000,2100000,CB,2023,31,2021,-,Left,3,2,1,-,https://cdn.sofifa.net/flags/de.png,-,-,Medium,High,59,58,57,58,70,79,52,56,70,65,44,56,58,50,63,58,54,63,64,66,53,70,90,75,81,54,75,69,47,46,62,63,67,72,71,7,13,12,15,16,62,56,57,57,57,56,59,60,62,60,67,69,67,68,71,68,21,J. Börner,71,71,1300000,31,1814,CB,Germany,Defender,Rotation 70-77,Defender / Rotation 70-77
Bernardo Motinho,Bernardo Joshua Mota Damasco,71,71,1600000,"RB,RM",RB,Brazil,https://cdn.sofifa.net/players/230/368/23_60.png,30,179,74,1805,388,Fortaleza,9000,3000000,SUB,2025,22,2022,-,Right,3,2,1,-,https://cdn.sofifa.net/flags/br.png,-,-,Medium,Medium,72,52,66,66,69,63,77,51,65,67,54,67,41,42,61,62,71,73,72,67,71,53,66,65,64,52,57,66,51,67,62,66,70,71,71,12,8,13,7,9,62,64,62,62,62,64,65,67,66,67,71,68,71,71,69,71,18,Bernardo Motinho,71,71,1600000,30,1805,RB,Brazil,Defender,Rotation 70-77,Defender / Rotation 70-77
N. Colombo,Nazareno Colombo,71,81,3900000,CB,CB,Argentina,https://cdn.sofifa.net/players/252/036/23_60.png,23,184,78,1664,359,Defensa y Justicia,8000,6600000,CB,2025,6,2021,-,Right,3,2,1,-,https://cdn.sofifa.net/flags/ar.png,-,-,Medium,Medium,66,39,51,54,71,78,35,35,66,64,35,38,28,31,57,67,67,66,65,66,71,56,73,83,78,33,75,72,37,48,39,62,71,72,69,14,15,15,10,13,55,51,52,52,52,51,55,56,60,56,67,70,67,69,73,69,21,N. Colombo,71,81,3900000,23,1664,CB,Argentina,Defender,Rotation 70-77,Defender / Rotation 70-77
J. Livermore,Jake Livermore,71,71,1200000,"CDM,CM",CDM,England,https://cdn.sofifa.net/players/189/059/23_60.png,32,180,74,1889,394,West Bromwich Albion,20000,2300000,SUB,2023,8,2017,-,Right,2,3,1,-,https://cdn.sofifa.net/flags/gb-eng.png,-,-,Medium,Medium,55,61,66,67,69,76,65,56,66,69,60,65,68,58,68,71,59,52,62,68,68,70,68,75,75,63,84,67,58,61,57,72,69,71,65,9,15,8,10,9,66,63,64,64,64,63,66,66,69,66,69,71,69,69,71,69,19,J. Livermore,71,71,1200000,32,1889,CDM,England,Midfield,Rotation 70-77,Midfield / Rotation 70-77
B. Rollheiser,Benjamín Rollheiser,71,77,3000000,"LM,CAM,ST",CAM,Argentina,https://cdn.sofifa.net/players/252/114/23_60.png,22,171,73,1808,382,Estudiantes de La Plata,8000,5100000,SUB,2025,10,2022,-,Left,2,3,1,-,https://cdn.sofifa.net/flags/ar.png,-,-,High,Medium,80,67,66,75,36,58,65,65,52,71,66,76,69,66,63,72,84,77,83,67,80,74,61,60,54,66,65,33,72,61,60,75,35,35,31,5,7,14,12,7,70,71,71,71,71,71,72,72,66,72,58,55,58,55,49,55,17,B. Rollheiser,71,77,3000000,22,1808,CAM,Argentina,Midfield,Rotation 70-77,Midfield / Rotation 70-77
L. Pons,Luciano Pons,71,71,1500000,ST,ST,Argentina,https://cdn.sofifa.net/players/244/947/23_60.png,32,181,79,1638,341,Independiente Medellín,3000,2100000,ST,2022,9,2022,-,Right,3,2,1,-,https://cdn.sofifa.net/flags/ar.png,-,-,High,Medium,55,73,55,65,23,70,41,76,78,66,66,65,44,50,58,65,52,57,63,76,62,71,66,63,80,71,55,15,74,51,74,63,16,18,20,7,11,6,15,6,71,64,67,67,67,64,67,64,61,64,46,47,46,44,44,44,19,L. Pons,71,71,1500000,32,1638,ST,Argentina,Forward,Rotation 70-77,Forward / Rotation 70-77
M. Busch,Marnon Busch,71,71,1800000,RB,RB,Germany,https://cdn.sofifa.net/players/224/980/23_60.png,27,182,80,1819,405,1. FC Heidenheim 1846,14000,2800000,RB,2023,2,2017,-,Right,3,2,1,-,https://cdn.sofifa.net/flags/de.png,-,-,High,Medium,89,50,61,67,64,74,69,40,54,69,34,67,54,67,55,67,83,93,72,68,70,75,56,80,74,54,73,64,53,45,36,55,65,66,64,9,6,14,16,7,63,64,62,62,62,64,64,68,64,68,71,68,71,71,68,71,18,M. Busch,71,71,1800000,27,1819,RB,Germany,Defender,Rotation 70-77,Defender / Rotation 70-77
J. Laso,Joaquín Laso,71,71,1300000,"CB,RB",CB,Argentina,https://cdn.sofifa.net/players/226/772/23_60.png,31,185,79,1665,359,Club Atlético Independiente,9000,2000000,SUB,2022,2,2021,-,Right,3,2,1,-,https://cdn.sofifa.net/flags/ar.png,-,-,Medium,Medium,62,41,52,57,68,79,42,37,73,64,31,54,49,30,61,59,56,67,55,68,55,55,82,69,83,40,83,74,38,40,43,70,65,66,70,10,13,14,12,7,56,52,52,52,52,52,55,56,59,56,65,69,65,67,71,67,19,J. Laso,71,71,1300000,31,1665,CB,Argentina,Defender,Rotation 70-77,Defender / Rotation 70-77
O. Ejaria,Ovie Ejaria,71,76,2800000,"LM,CM,CAM",CAM,England,https://cdn.sofifa.net/players/236/246/23_60.png,24,188,74,1868,397,Reading,12000,5500000,SUB,2024,14,2020,-,Right,3,4,1,-,https://cdn.sofifa.net/flags/gb-eng.png,-,-,Medium,Medium,60,63,67,80,64,63,63,63,50,72,54,81,70,49,66,81,67,54,90,62,78,63,39,77,63,65,52,67,60,67,57,72,64,65,70,15,9,11,14,10,66,70,68,68,68,70,73,72,72,72,70,70,70,69,65,69,19,O. Ejaria,71,76,2800000,24,1868,CAM,England,Midfield,Rotation 70-77,Midfield / Rotation 70-77
Germano Monico,Germano Wilson Monico Salvador,71,71,875000,CM,CM,Brazil,https://cdn.sofifa.net/players/230/359/23_60.png,34,168,72,1895,398,Sport Club Corinthians Paulista,18000,1700000,SUB,2025,16,2022,-,Right,3,2,1,-,https://cdn.sofifa.net/flags/br.png,-,-,High,High,57,69,73,70,64,65,69,65,58,74,66,72,72,72,73,75,56,57,60,61,57,76,47,61,76,73,45,67,73,74,67,69,64,66,62,10,16,8,8,15,70,69,70,70,70,69,71,71,71,71,68,69,68,67,66,67,19,Germano Monico,71,71,875000,34,1895,CM,Brazil,Midfield,Rotation 70-77,Midfield / Rotation 70-77
Arnau Martínez,Arnau Martínez López,71,83,4300000,"RWB,RB,CB",RWB,Spain,https://cdn.sofifa.net/players/260/815/23_60.png,19,181,75,1738,378,Girona FC,8000,10300000,RWB,2025,4,2020,-,Right,3,2,1,-,https://cdn.sofifa.net/flags/es.png,-,-,High,Medium,74,43,60,66,68,67,69,35,65,68,35,65,54,40,56,67,76,72,67,68,67,56,67,68,66,45,66,66,55,45,50,61,68,70,69,10,7,7,10,9,60,61,59,59,59,61,62,65,63,65,71,68,71,71,70,71,17,Arnau Martínez,71,83,4300000,19,1738,RWB,Spain,Defender,Rotation 70-77,Defender / Rotation 70-77
Alexandre Pato,Alexandre Rodrigues da Silva,71,71,1500000,"ST,RM,LM",ST,Brazil,https://cdn.sofifa.net/players/180/175/23_60.png,32,175,72,1829,376,Orlando City Soccer Club,6000,2300000,RES,2022,7,2021,-,Right,4,4,3,-,https://cdn.sofifa.net/flags/br.png,-,-,Medium,Low,71,70,67,72,32,64,68,68,67,71,68,74,81,70,53,70,70,72,70,71,69,74,81,50,70,69,63,29,75,66,74,74,35,23,19,16,7,13,15,8,71,71,71,71,71,71,71,71,65,71,54,53,54,51,49,51,21,Alexandre Pato,71,71,1500000,32,1829,ST,Brazil,Forward,Rotation 70-77,Forward / Rotation 70-77
G. Honeyman,George Honeyman,71,71,2000000,"CM,RW,CAM",RM,England,https://cdn.sofifa.net/players/216/270/23_60.png,27,173,72,1974,417,Millwall,10000,3800000,CAM,2025,39,2022,-,Right,3,3,1,-,https://cdn.sofifa.net/flags/gb-eng.png,-,-,High,High,72,65,71,70,65,74,70,67,48,72,55,69,69,66,70,70,69,75,73,70,80,66,59,91,66,60,74,64,70,75,64,69,65,70,67,11,15,16,10,8,68,70,69,69,69,70,71,71,71,71,71,71,71,71,68,71,20,G. Honeyman,71,71,2000000,27,1974,RM,England,Midfield,Rotation 70-77,Midfield / Rotation 70-77
G. Burdisso,Guillermo Burdisso,71,71,900000,CB,CB,Argentina,https://cdn.sofifa.net/players/200/653/23_60.png,33,188,84,1590,340,Deportivo Cali,3000,1300000,CB,2022,3,2022,-,Right,3,2,1,-,https://cdn.sofifa.net/flags/ar.png,-,-,Medium,High,42,43,54,53,70,78,40,41,77,67,34,47,48,23,54,62,33,50,40,64,51,71,71,69,85,21,72,69,36,55,50,70,72,68,66,10,14,14,8,8,56,48,51,51,51,48,54,54,59,54,63,68,63,64,71,64,18,G. Burdisso,71,71,900000,33,1590,CB,Argentina,Defender,Rotation 70-77,Defender / Rotation 70-77
J. Bree,James Bree,71,75,2500000,"RWB,RB",RWB,England,https://cdn.sofifa.net/players/222/156/23_60.png,24,178,74,1772,381,Luton Town,17000,4900000,RWB,2023,2,2020,-,Right,3,2,1,-,https://cdn.sofifa.net/flags/gb-eng.png,-,-,High,Medium,73,44,64,66,67,67,72,38,59,65,36,67,60,68,60,68,73,73,66,65,61,54,62,75,68,43,54,67,61,55,43,56,69,69,66,14,9,9,16,7,60,63,61,61,61,63,63,67,65,67,71,68,71,70,68,70,19,J. Bree,71,75,2500000,24,1772,RWB,England,Defender,Rotation 70-77,Defender / Rotation 70-77
Ronaldo Vieira,Ronaldo Augusto Vieira Nan,71,76,2600000,"CDM,CM",CDM,England,https://cdn.sofifa.net/players/233/943/23_60.png,23,178,70,1888,409,U.C. Sampdoria,10000,4900000,CDM,2023,14,2018,-,Right,3,3,1,-,https://cdn.sofifa.net/flags/gb-eng.png,-,-,Medium,Medium,73,58,65,72,67,74,56,53,53,72,50,71,63,49,67,73,69,76,73,67,78,65,67,76,71,62,80,68,58,66,57,71,66,71,68,12,10,7,6,8,65,66,66,66,66,66,70,69,71,69,71,72,71,70,70,70,17,Ronaldo Vieira,71,76,2600000,23,1888,CDM,England,Midfield,Rotation 70-77,Midfield / Rotation 70-77
Q. Bernard,Quentin Bernard,71,71,1300000,"LB,CB",LB,France,https://cdn.sofifa.net/players/208/856/23_60.png,32,184,83,1856,394,AJ Auxerre,11000,2600000,SUB,2023,3,2019,-,Left,3,2,1,-,https://cdn.sofifa.net/flags/fr.png,-,-,Medium,Medium,59,57,69,64,66,79,73,57,68,70,31,62,49,59,69,68,56,61,62,63,63,68,85,92,76,53,67,66,57,71,47,65,63,68,69,14,13,12,12,12,64,63,63,63,63,63,66,68,70,68,71,71,71,71,70,71,20,Q. Bernard,71,71,1300000,32,1856,LB,France,Defender,Rotation 70-77,Defender / Rotation 70-77
P. Testroet,Pascal Testroet,71,71,1600000,ST,ST,Germany,https://cdn.sofifa.net/players/198/019/23_60.png,31,185,86,1819,378,FC Ingolstadt 04,7000,2300000,ST,2026,37,2022,-,Right,4,3,1,-,https://cdn.sofifa.net/flags/de.png,-,-,Medium,Medium,66,74,57,64,39,78,57,76,68,63,68,61,77,41,41,67,62,70,60,69,74,78,84,73,84,65,70,35,76,58,72,62,32,40,33,12,10,15,16,12,71,66,68,68,68,66,66,66,62,66,56,54,56,54,54,54,21,P. Testroet,71,71,1600000,31,1819,ST,Germany,Forward,Rotation 70-77,Forward / Rotation 70-77
M. Christiansen,Max Christiansen,71,74,2200000,"CDM,CM",CDM,Germany,https://cdn.sofifa.net/players/226/686/23_60.png,25,185,82,1823,390,SpVgg Greuther Fürth,7000,3700000,CDM,2023,13,2021,-,Right,2,2,1,-,https://cdn.sofifa.net/flags/de.png,-,-,Medium,Medium,63,50,65,65,70,77,62,45,65,70,39,64,64,49,67,66,57,67,63,67,64,64,73,80,78,50,71,80,53,61,48,62,66,70,64,15,7,11,14,9,62,61,61,61,61,61,64,65,68,65,71,72,71,71,72,71,19,M. Christiansen,71,74,2200000,25,1823,CDM,Germany,Midfield,Rotation 70-77,Midfield / Rotation 70-77
V. Le Goff,Vincent Le Goff,71,71,1300000,"LB,LWB",LB,France,https://cdn.sofifa.net/players/193/148/23_60.png,32,177,69,1843,396,FC Lorient,11000,2600000,LB,2023,25,2014,-,Left,3,3,1,-,https://cdn.sofifa.net/flags/fr.png,-,-,High,Medium,67,60,66,69,67,67,70,58,45,69,52,67,50,49,68,68,68,66,77,67,73,60,64,81,63,68,61,69,68,62,43,67,69,71,69,6,11,7,16,8,64,67,65,65,65,67,69,70,70,70,71,71,71,71,67,71,18,V. Le Goff,71,71,1300000,32,1843,LB,France,Defender,Rotation 70-77,Defender / Rotation 70-77
J. Howson,Jonny Howson,71,71,650000,"CDM,CM",CDM,England,https://cdn.sofifa.net/players/183/422/23_60.png,34,180,77,1938,396,Middlesbrough,17000,1200000,CDM,2023,16,2017,-,Right,3,3,1,-,https://cdn.sofifa.net/flags/gb-eng.png,-,-,Medium,High,54,68,67,68,68,71,63,63,60,68,71,66,66,61,67,71,57,52,62,70,69,78,72,85,66,72,68,67,64,69,63,73,71,70,67,16,9,12,11,12,68,65,67,67,67,65,69,68,71,68,70,71,70,69,70,69,20,J. Howson,71,71,650000,34,1938,CDM,England,Midfield,Rotation 70-77,Midfield / Rotation 70-77
Chema,José Manuel Rodríguez Benito,71,71,1500000,CB,CB,Spain,https://cdn.sofifa.net/players/219/777/23_60.png,30,189,80,1774,376,SD Eibar,7000,2400000,SUB,2025,2,2022,-,Left,3,2,1,-,https://cdn.sofifa.net/flags/es.png,-,-,Medium,High,56,59,58,60,71,72,48,55,70,67,72,54,36,37,67,67,58,55,66,68,52,75,74,64,74,56,78,71,34,54,48,65,70,73,73,15,11,6,14,12,62,57,58,58,58,57,60,59,64,59,67,71,67,68,71,68,21,Chema,71,71,1500000,30,1774,CB,Spain,Defender,Rotation 70-77,Defender / Rotation 70-77
Rafanilton Vilela,Nilson Rafael Vilela de Brito,71,71,900000,"ST,CF,CAM",ST,Brazil,https://cdn.sofifa.net/players/230/521/23_60.png,34,180,71,1729,365,São Paulo,24000,1700000,ST,2025,21,2022,-,Right,5,3,1,-,https://cdn.sofifa.net/flags/br.png,-,-,High,Low,82,63,60,73,25,62,55,66,75,65,62,73,63,64,61,75,82,82,71,77,71,61,72,62,73,56,33,44,72,55,65,66,14,12,13,7,13,9,16,10,71,70,70,70,70,70,70,71,64,71,53,50,53,50,44,50,21,Rafanilton Vilela,71,71,900000,34,1729,ST,Brazil,Forward,Rotation 70-77,Forward / Rotation 70-77
O. Ntcham,Olivier Ntcham,71,72,2200000,"CM,CAM,RW",CAM,France,https://cdn.sofifa.net/players/218/745/23_60.png,26,180,80,1993,418,Swansea City,18000,4300000,SUB,2024,10,2021,-,Right,3,3,1,-,https://cdn.sofifa.net/flags/fr.png,-,-,Medium,Medium,67,68,72,75,63,73,68,63,51,74,66,75,73,70,72,77,69,65,77,59,79,77,74,73,76,72,66,65,68,75,72,77,66,63,60,8,14,14,6,6,70,71,70,70,70,71,72,72,72,72,69,71,69,68,67,68,16,O. Ntcham,71,72,2200000,26,1993,CAM,France,Midfield,Rotation 70-77,Midfield / Rotation 70-77
C. Quintana,Carlos Quintana,71,71,600000,CB,CB,Argentina,https://cdn.sofifa.net/players/234/458/23_60.png,34,190,88,1500,327,Patronato,9000,0,CB,2022,2,2019,TRUE,Left,3,2,1,-,https://cdn.sofifa.net/flags/ar.png,-,-,Low,High,48,37,45,49,71,77,35,36,74,60,26,45,30,33,58,56,45,51,30,69,40,52,74,66,86,27,67,73,37,27,45,60,70,71,66,8,12,7,12,12,53,45,47,47,47,45,48,50,55,50,62,67,62,64,71,64,19,C. Quintana,71,71,600000,34,1500,CB,Argentina,Defender,Rotation 70-77,Defender / Rotation 70-77
Daguinho Parrela,Dagoberto Josué Pinho Parrela,71,71,1900000,"RB,RWB",RB,Brazil,https://cdn.sofifa.net/players/230/362/23_60.png,26,185,81,1790,389,Internacional,15000,3600000,SUB,2025,23,2022,-,Right,3,2,1,-,https://cdn.sofifa.net/flags/br.png,-,-,Medium,Medium,75,44,68,59,68,75,72,41,62,73,44,55,45,46,71,61,73,76,65,64,56,43,68,78,78,42,67,63,56,62,61,61,72,68,67,12,8,16,9,16,59,61,58,58,58,61,63,66,66,66,71,70,71,71,70,71,19,Daguinho Parrela,71,71,1900000,26,1790,RB,Brazil,Defender,Rotation 70-77,Defender / Rotation 70-77
Ontiveros,Javier Ontiveros Parra,71,74,2600000,"LM,LW",CAM,Spain,https://cdn.sofifa.net/players/231/640/23_60.png,24,172,75,1756,372,Villarreal Club de Fútbol B,5000,4200000,SUB,2024,10,2022,-,Right,3,4,1,-,https://cdn.sofifa.net/flags/es.png,-,-,High,Low,71,72,71,73,35,50,74,70,32,70,59,73,73,79,70,75,72,71,67,63,80,78,36,60,50,77,43,36,69,68,68,68,41,32,27,6,8,6,11,12,68,71,70,70,70,71,73,72,68,72,58,55,58,53,44,53,17,Ontiveros,71,74,2600000,24,1756,CAM,Spain,Midfield,Rotation 70-77,Midfield / Rotation 70-77
M. Colin,Maxime Colin,71,71,1600000,"RWB,RB,CB",RWB,France,https://cdn.sofifa.net/players/201/136/23_60.png,30,180,76,1794,378,Birmingham City,20000,3000000,RWB,2023,2,2017,-,Right,4,3,1,-,https://cdn.sofifa.net/flags/fr.png,-,-,Medium,Medium,72,34,63,67,69,73,70,23,63,64,35,66,70,39,66,68,71,72,69,67,68,60,90,74,71,26,71,69,59,56,41,65,69,71,70,15,10,9,11,11,58,60,58,58,58,60,61,66,65,66,71,70,71,71,71,71,20,M. Colin,71,71,1600000,30,1794,RWB,France,Defender,Rotation 70-77,Defender / Rotation 70-77
M. Besuschkow,Max Besuschkow,71,75,2600000,"CM,CDM",CM,Germany,https://cdn.sofifa.net/players/234/945/23_60.png,25,187,81,1828,381,Hannover 96,17000,4400000,SUB,2025,7,2022,-,Right,3,3,1,-,https://cdn.sofifa.net/flags/de.png,-,-,Medium,Medium,43,60,70,68,67,73,65,59,62,74,53,68,57,52,71,72,53,34,61,67,63,58,69,84,73,63,62,65,65,73,57,67,66,70,68,13,5,9,8,9,65,64,65,65,65,64,69,68,73,68,69,72,69,68,69,68,17,M. Besuschkow,71,75,2600000,25,1828,CM,Germany,Midfield,Rotation 70-77,Midfield / Rotation 70-77
J. Gondorf,Jérôme Gondorf,71,71,875000,"CM,CDM",CM,Germany,https://cdn.sofifa.net/players/211/907/23_60.png,34,176,74,1970,402,Karlsruher SC,10000,1400000,CM,2023,8,2020,-,Right,4,3,1,-,https://cdn.sofifa.net/flags/de.png,-,-,Medium,High,56,63,70,70,67,76,65,59,56,73,56,68,72,69,68,70,60,52,72,73,82,71,76,83,72,67,77,67,64,72,66,72,66,71,72,8,9,9,16,9,67,66,67,67,67,66,70,70,71,70,71,71,71,70,71,70,19,J. Gondorf,71,71,875000,34,1970,CM,Germany,Midfield,Rotation 70-77,Midfield / Rotation 70-77
Luisinho Conradi,Luisinho Lúcio Conradi Andrade,71,71,2000000,LB,LB,Brazil,https://cdn.sofifa.net/players/230/340/23_60.png,22,174,78,1908,404,Fortaleza,7000,3800000,SUB,2025,29,2022,-,Left,3,3,1,-,https://cdn.sofifa.net/flags/br.png,-,-,Medium,Medium,69,56,66,74,68,71,72,54,52,66,59,75,74,51,68,76,73,66,72,72,73,62,72,76,71,53,62,59,68,59,55,65,77,71,69,11,10,14,9,7,66,69,67,67,67,69,69,71,70,71,71,71,71,71,69,71,18,Luisinho Conradi,71,71,2000000,22,1908,LB,Brazil,Defender,Rotation 70-77,Defender / Rotation 70-77
M. Crooks,Matt Crooks,71,71,1900000,"CM,CAM",CM,England,https://cdn.sofifa.net/players/202/693/23_60.png,28,192,80,1865,414,Middlesbrough,19000,3600000,CM,2024,25,2021,-,Right,2,2,1,-,https://cdn.sofifa.net/flags/gb-eng.png,-,-,High,Medium,67,67,64,68,68,80,45,69,68,72,55,69,54,52,69,70,66,67,64,70,50,69,34,86,83,67,77,66,68,70,58,65,66,72,65,8,15,7,8,6,71,67,69,69,69,67,71,70,71,70,69,71,69,69,71,69,18,M. Crooks,71,71,1900000,28,1865,CM,England,Midfield,Rotation 70-77,Midfield / Rotation 70-77
Edsinho Torres,Edson Gérson Torres Guerra,71,71,1900000,LB,LB,Brazil,https://cdn.sofifa.net/players/230/342/23_60.png,26,178,77,1823,381,Atlético Clube Goianiense,9000,3600000,SUB,2025,3,2022,-,Right,3,2,1,-,https://cdn.sofifa.net/flags/br.png,-,-,Medium,Medium,70,54,60,60,67,70,73,48,70,62,43,48,44,63,60,75,62,76,63,65,72,62,62,79,65,59,75,57,55,48,70,62,68,68,77,10,10,12,11,11,62,61,59,59,59,61,61,64,63,64,71,68,71,71,70,71,19,Edsinho Torres,71,71,1900000,26,1823,LB,Brazil,Defender,Rotation 70-77,Defender / Rotation 70-77
Amilton,Amilton Minervino da Silva,71,71,1500000,"LM,RW,RM",LM,Brazil,https://cdn.sofifa.net/players/229/321/23_60.png,32,172,66,1784,388,İttifak Holding Konyaspor,12000,3000000,SUB,2023,93,2022,-,Right,3,4,1,-,https://cdn.sofifa.net/flags/br.png,-,-,High,Medium,86,68,64,71,33,66,67,68,43,65,55,69,65,42,60,69,85,86,80,70,85,77,49,77,60,64,73,41,68,65,62,66,31,27,30,14,12,9,5,11,69,70,70,70,70,70,71,71,65,71,59,55,59,56,47,56,19,Amilton,71,71,1500000,32,1784,LM,Brazil,Midfield,Rotation 70-77,Midfield / Rotation 70-77
Cryzan,Cryzan Queiroz Barcelos,71,71,2100000,"RW,ST",RW,Brazil,https://cdn.sofifa.net/players/230/601/23_60.png,25,190,82,1813,385,Shandong Taishan,14000,3400000,ST,2024,9,2022,-,Right,4,3,1,-,https://cdn.sofifa.net/flags/br.png,-,-,High,Medium,76,69,69,70,22,79,69,70,68,71,65,69,67,50,68,69,74,78,82,68,65,71,74,80,82,65,72,19,75,70,70,70,20,14,14,10,5,10,15,14,71,71,71,71,71,71,71,71,67,71,53,52,53,49,45,49,19,Cryzan,71,71,2100000,25,1813,RW,Brazil,Forward,Rotation 70-77,Forward / Rotation 70-77
Sergi Cardona,Sergi Cardona Bermúdez,71,80,4000000,"LB,LM",LB,Spain,https://cdn.sofifa.net/players/262/402/23_60.png,22,186,76,1700,373,Unión Deportiva Las Palmas,5000,7200000,LB,2024,3,2020,-,Left,3,2,1,-,https://cdn.sofifa.net/flags/es.png,-,-,Medium,Medium,76,42,59,62,69,65,66,40,60,63,35,61,46,34,57,64,80,73,64,57,68,60,64,80,58,29,65,69,46,55,44,51,69,73,70,6,11,11,15,7,57,59,57,57,57,59,59,64,62,64,71,68,71,71,68,71,17,Sergi Cardona,71,80,4000000,22,1700,LB,Spain,Defender,Rotation 70-77,Defender / Rotation 70-77
Sergio Ruiz,Sergio Ruiz Alonso,71,73,2000000,"CDM,CM,CAM",CDM,Spain,https://cdn.sofifa.net/players/250/881/23_60.png,27,176,75,1808,396,Granada CF,7000,3400000,SUB,2026,20,2022,-,Right,3,2,1,-,https://cdn.sofifa.net/flags/es.png,-,-,High,Medium,62,62,65,68,66,73,59,65,46,73,30,66,38,43,67,70,65,60,61,66,82,65,64,85,69,67,69,67,62,67,42,71,69,69,67,10,13,13,10,9,65,66,66,66,66,66,69,69,71,69,70,72,70,69,68,69,19,Sergio Ruiz,71,73,2000000,27,1808,CDM,Spain,Midfield,Rotation 70-77,Midfield / Rotation 70-77
M. Heyer,Moritz Heyer,71,72,2000000,"RB,CDM,CB",RB,Germany,https://cdn.sofifa.net/players/238/593/23_60.png,27,185,78,1793,395,Hamburger SV,9000,3400000,RB,2026,3,2020,-,Right,4,2,1,-,https://cdn.sofifa.net/flags/de.png,-,-,High,Medium,67,55,62,66,70,75,57,58,68,73,42,65,35,31,70,68,61,71,66,69,61,56,81,81,73,55,69,70,49,58,42,70,72,70,68,7,14,15,12,6,64,63,62,62,62,63,66,67,69,67,71,72,71,71,72,71,19,M. Heyer,71,72,2000000,27,1793,RB,Germany,Defender,Rotation 70-77,Defender / Rotation 70-77
T. Krauß,Tom Krauß,71,79,4200000,"CM,CDM",CM,Germany,https://cdn.sofifa.net/players/251/392/23_60.png,21,182,72,1911,410,FC Schalke 04,21000,0,CDM,2023,6,2019,TRUE,Right,3,2,1,-,https://cdn.sofifa.net/flags/de.png,-,-,High,High,71,66,64,70,67,72,51,61,64,72,62,70,50,47,67,72,74,69,69,69,67,73,74,82,65,71,76,66,70,69,55,64,65,72,66,7,11,5,12,8,70,68,70,70,70,68,72,71,72,71,70,72,70,70,70,70,18,T. Krauß,71,79,4200000,21,1911,CM,Germany,Midfield,Rotation 70-77,Midfield / Rotation 70-77
L. Morales,Leonardo Morales,71,71,1300000,"CB,RB",CB,Argentina,https://cdn.sofifa.net/players/240/640/23_60.png,31,180,72,1651,359,Gimnasia y Esgrima La Plata,10000,2000000,CB,2022,4,2019,-,Right,3,2,1,-,https://cdn.sofifa.net/flags/ar.png,-,-,High,Medium,66,33,52,61,72,75,56,32,70,59,27,60,36,41,50,59,64,68,62,68,68,32,66,81,75,30,71,71,48,43,42,60,74,73,70,6,15,14,9,11,54,55,53,53,53,55,55,59,59,59,69,68,69,70,71,70,19,L. Morales,71,71,1300000,31,1651,CB,Argentina,Defender,Rotation 70-77,Defender / Rotation 70-77
P. Tietz,Phillip Tietz,71,75,2700000,ST,ST,Germany,https://cdn.sofifa.net/players/233/216/23_60.png,24,190,86,1648,364,SV Darmstadt 98,13000,4500000,ST,2024,9,2021,-,Right,3,2,1,-,https://cdn.sofifa.net/flags/de.png,-,-,Medium,Medium,66,71,54,66,33,74,37,74,70,66,53,64,29,42,50,69,61,70,63,69,55,72,72,71,82,66,60,25,75,63,65,72,26,36,23,10,7,5,11,7,73,65,69,69,69,65,69,66,63,66,51,52,51,49,50,49,17,P. Tietz,71,75,2700000,24,1648,ST,Germany,Forward,Rotation 70-77,Forward / Rotation 70-77
M. Ekpiteta,Marvin Ekpiteta,71,74,2200000,CB,CB,England,https://cdn.sofifa.net/players/250/810/23_60.png,26,193,84,1531,345,Blackpool,9000,4200000,CB,2024,21,2020,-,Right,1,2,1,-,https://cdn.sofifa.net/flags/gb-eng.png,-,-,Medium,Medium,69,29,48,52,71,76,39,25,69,59,28,49,35,31,52,56,68,70,44,67,49,40,67,68,85,23,68,69,36,44,36,68,73,72,71,7,10,8,7,6,51,49,49,49,49,49,51,54,56,54,65,67,65,67,73,67,16,M. Ekpiteta,71,74,2200000,26,1531,CB,England,Defender,Rotation 70-77,Defender / Rotation 70-77
E. Méndez,Emiliano Méndez,71,71,925000,"CDM,CM",CDM,Argentina,https://cdn.sofifa.net/players/215/995/23_60.png,33,186,80,1725,373,Club Atlético Sarmiento,8000,1300000,CM,2022,52,2022,-,Right,3,2,1,-,https://cdn.sofifa.net/flags/ar.png,-,-,Low,High,47,49,61,63,70,83,45,42,69,72,37,63,47,41,66,70,48,46,49,62,51,65,54,81,90,53,74,64,50,63,51,64,73,73,65,10,14,14,14,9,60,57,59,59,59,57,63,62,68,62,66,71,66,66,71,66,19,E. Méndez,71,71,925000,33,1725,CDM,Argentina,Midfield,Rotation 70-77,Midfield / Rotation 70-77
Y. Barbet,Yoann Barbet,71,71,1600000,CB,CB,France,https://cdn.sofifa.net/players/224/189/23_60.png,29,187,81,1883,396,FC Girondins de Bordeaux,6000,2900000,CB,2025,5,2022,-,Left,2,3,1,-,https://cdn.sofifa.net/flags/fr.png,-,-,Medium,Medium,68,51,67,64,71,75,66,38,72,65,51,63,65,73,72,66,67,69,61,68,54,68,62,79,77,58,70,71,55,65,58,64,69,71,73,14,11,9,10,13,62,61,61,61,61,61,64,66,68,66,71,71,71,71,71,71,20,Y. Barbet,71,71,1600000,29,1883,CB,France,Defender,Rotation 70-77,Defender / Rotation 70-77
M. Meyerhöfer,Marco Meyerhöfer,71,72,2000000,"RB,RM",RB,Germany,https://cdn.sofifa.net/players/251/325/23_60.png,26,179,74,1695,375,SpVgg Greuther Fürth,7000,3400000,RES,2025,18,2019,-,Right,2,2,1,-,https://cdn.sofifa.net/flags/de.png,-,-,Medium,Medium,66,40,61,70,67,71,71,38,59,67,32,68,49,35,50,71,78,57,77,67,74,47,55,87,66,38,66,69,43,57,34,59,67,69,68,8,9,5,8,6,57,62,58,58,58,62,62,66,64,66,72,69,72,71,68,71,16,M. Meyerhöfer,71,72,2000000,26,1695,RB,Germany,Defender,Rotation 70-77,Defender / Rotation 70-77
D. Ginczek,Daniel Ginczek,71,71,1600000,"ST,RW",ST,Germany,https://cdn.sofifa.net/players/192/445/23_60.png,31,190,85,1713,368,Fortuna Düsseldorf,17000,2600000,SUB,2024,10,2022,-,Right,4,3,2,-,https://cdn.sofifa.net/flags/de.png,-,-,High,Medium,67,72,51,65,38,75,31,72,72,63,73,65,49,58,39,68,54,78,54,68,53,80,68,52,87,64,77,29,73,57,76,69,30,45,22,13,6,15,7,15,71,63,68,68,68,63,66,63,60,63,49,52,49,49,54,49,19,D. Ginczek,71,71,1600000,31,1713,ST,Germany,Forward,Rotation 70-77,Forward / Rotation 70-77
F. Reese,Fabian Reese,71,74,2600000,"LM,LW,RW",RM,Germany,https://cdn.sofifa.net/players/231/614/23_60.png,24,187,88,1833,404,Holstein Kiel,11000,4200000,LWB,2023,11,2020,-,Right,4,3,1,-,https://cdn.sofifa.net/flags/de.png,-,-,High,Medium,86,64,66,68,44,76,75,59,64,66,47,70,59,43,61,68,81,90,68,64,59,75,70,80,77,68,72,39,66,68,66,53,45,41,44,12,9,13,6,8,70,70,69,69,69,70,70,72,66,72,64,59,64,62,57,62,17,F. Reese,71,74,2600000,24,1833,RM,Germany,Midfield,Rotation 70-77,Midfield / Rotation 70-77
O. Kragl,Oliver Kragl,71,71,1500000,"LM,LB,CM",LM,Germany,https://cdn.sofifa.net/players/203/455/23_60.png,32,180,77,1980,419,SV Ried,8000,2200000,SUB,2023,69,2022,-,Left,4,3,1,-,https://cdn.sofifa.net/flags/de.png,-,-,High,Medium,75,72,70,70,59,73,68,63,51,70,76,73,73,79,67,71,72,77,63,68,57,86,68,61,77,81,78,64,68,70,61,75,55,63,58,16,7,13,14,12,71,70,71,71,71,70,71,71,71,71,68,68,68,66,66,66,20,O. Kragl,71,71,1500000,32,1980,LM,Germany,Midfield,Rotation 70-77,Midfield / Rotation 70-77
Wagner Orsinho,Wagner Mauro Orsi Vasquez,71,71,2000000,LB,LB,Brazil,https://cdn.sofifa.net/players/230/335/23_60.png,22,176,69,1866,393,Fluminense,12000,3800000,SUB,2025,17,2022,-,Left,3,2,1,-,https://cdn.sofifa.net/flags/br.png,-,-,High,Medium,77,57,68,64,68,59,73,52,59,73,54,61,62,48,71,64,78,76,65,71,76,59,70,67,54,62,61,64,60,59,74,70,70,72,67,10,7,8,7,12,64,65,64,64,64,65,67,69,68,69,71,70,71,71,68,71,18,Wagner Orsinho,71,71,2000000,22,1866,LB,Brazil,Defender,Rotation 70-77,Defender / Rotation 70-77
Riccieli,Riccieli da Silva Júnior,71,80,3900000,CB,CB,Brazil,https://cdn.sofifa.net/players/252/095/23_60.png,23,184,80,1584,339,Futebol Clube de Famalicão,5000,9000000,CB,2025,15,2019,-,Right,3,2,1,-,https://cdn.sofifa.net/flags/br.png,-,-,Medium,Medium,53,33,49,56,71,77,61,24,64,57,33,54,36,33,39,60,52,54,44,70,49,55,90,69,80,27,74,68,34,39,48,62,72,72,74,6,7,14,12,13,51,50,49,49,49,50,50,54,54,54,67,66,67,68,73,68,18,Riccieli,71,80,3900000,23,1584,CB,Brazil,Defender,Rotation 70-77,Defender / Rotation 70-77
V. Salazar,Víctor Salazar,71,71,1600000,"RB,RWB",RB,Argentina,https://cdn.sofifa.net/players/224/459/23_60.png,29,175,67,1789,396,Club Olimpia,650,3500000,SUB,2022,29,2021,-,Right,2,3,1,-,https://cdn.sofifa.net/flags/ar.png,-,-,High,Medium,88,48,57,69,64,70,60,47,52,66,35,69,47,35,61,65,86,90,90,66,74,55,62,84,62,49,76,64,58,43,36,55,60,71,69,13,16,8,7,13,62,65,62,62,62,65,64,68,64,68,71,68,71,71,67,71,20,V. Salazar,71,71,1600000,29,1789,RB,Argentina,Defender,Rotation 70-77,Defender / Rotation 70-77
Adrián Burnabão,Adrián Guto Negrão Bastos,71,71,2000000,"CAM,CF",CAM,Brazil,https://cdn.sofifa.net/players/230/484/23_60.png,26,176,73,1768,361,América Futebol Clube,11000,3800000,CF,2025,22,2022,-,Right,4,4,1,-,https://cdn.sofifa.net/flags/br.png,-,-,High,Medium,62,65,74,75,24,61,73,58,42,76,70,75,68,74,71,75,53,69,74,71,73,72,72,65,64,72,48,30,60,76,75,73,15,23,21,11,13,7,7,15,66,70,69,69,69,70,71,71,70,71,55,53,55,49,42,49,20,Adrián Burnabão,71,71,2000000,26,1768,CAM,Brazil,Midfield,Rotation 70-77,Midfield / Rotation 70-77
J. Deminguet,Jessy Deminguet,71,77,2900000,"CM,CDM",CAM,France,https://cdn.sofifa.net/players/241/238/23_60.png,24,178,74,1948,412,Stade Malherbe Caen,5000,5700000,SUB,2023,8,2017,-,Left,3,3,1,-,https://cdn.sofifa.net/flags/fr.png,-,-,Medium,Medium,72,63,71,73,62,71,66,63,62,74,59,72,68,73,69,75,71,73,79,68,77,66,46,85,68,57,68,63,66,72,66,61,59,64,62,11,13,11,11,11,69,70,69,69,69,70,73,73,73,73,71,71,71,70,66,70,20,J. Deminguet,71,77,2900000,24,1948,CAM,France,Midfield,Rotation 70-77,Midfield / Rotation 70-77
Jorge Carvallinho,Jorge Pietro Carvalho Porfírio,71,71,1800000,"CB,LB",CB,Brazil,https://cdn.sofifa.net/players/230/231/23_60.png,26,189,80,1734,371,América Futebol Clube,10000,3400000,SUB,2025,6,2022,-,Left,3,2,1,-,https://cdn.sofifa.net/flags/br.png,-,-,Medium,Medium,59,54,58,55,71,74,54,53,68,67,45,47,47,54,60,65,61,58,46,70,44,64,68,71,77,48,73,69,44,48,61,72,73,73,68,9,10,9,15,15,61,56,56,56,56,56,58,60,62,60,68,70,68,69,71,69,20,Jorge Carvallinho,71,71,1800000,26,1734,CB,Brazil,Defender,Rotation 70-77,Defender / Rotation 70-77
J. Bidwell,Jake Bidwell,71,71,1600000,"LWB,LB",LWB,England,https://cdn.sofifa.net/players/196/952/23_60.png,29,183,80,1857,390,Coventry City,14000,3000000,LWB,2025,27,2022,-,Left,2,2,1,-,https://cdn.sofifa.net/flags/gb-eng.png,-,-,High,Medium,68,48,66,64,68,76,74,37,65,66,44,61,58,63,65,69,67,68,62,69,64,66,68,81,73,51,78,67,63,63,49,66,70,69,65,13,13,12,12,12,62,63,62,62,62,63,64,67,68,67,71,71,71,71,71,71,21,J. Bidwell,71,71,1600000,29,1857,LWB,England,Defender,Rotation 70-77,Defender / Rotation 70-77
S. Griesbeck,Sebastian Griesbeck,71,71,1300000,"CB,CDM",CB,Germany,https://cdn.sofifa.net/players/222/553/23_60.png,31,189,85,1726,380,SpVgg Greuther Fürth,7000,2100000,SUB,2023,22,2021,-,Right,3,2,1,-,https://cdn.sofifa.net/flags/de.png,-,-,Medium,Medium,68,47,58,55,71,81,52,39,67,65,41,56,40,41,63,52,54,80,53,68,52,60,55,83,82,53,83,70,46,55,46,65,72,72,71,7,12,12,11,13,58,55,55,55,55,55,58,60,63,60,69,70,69,70,71,70,19,S. Griesbeck,71,71,1300000,31,1726,CB,Germany,Defender,Rotation 70-77,Defender / Rotation 70-77
Alex das Freitas,Alex Alessandro Freitas Conceição,71,71,2000000,"CDM,CM",CDM,Brazil,https://cdn.sofifa.net/players/230/235/23_60.png,22,172,76,1814,388,América Futebol Clube,9000,3800000,CM,2025,3,2022,-,Right,3,2,1,-,https://cdn.sofifa.net/flags/br.png,-,-,Medium,High,66,55,59,66,72,70,53,49,53,67,50,63,45,48,75,68,68,64,67,68,65,60,78,74,68,68,69,76,40,43,60,70,74,72,75,14,16,9,8,7,60,60,59,59,59,60,62,63,66,63,71,71,71,71,71,71,19,Alex das Freitas,71,71,2000000,22,1814,CDM,Brazil,Midfield,Rotation 70-77,Midfield / Rotation 70-77
S. Clucas,Sam Clucas,71,71,1500000,"CM,CDM",CM,England,https://cdn.sofifa.net/players/193/884/23_60.png,31,188,74,1957,414,Stoke City,18000,2900000,CM,2023,7,2018,-,Left,4,3,1,-,https://cdn.sofifa.net/flags/gb-eng.png,-,-,Medium,Medium,66,70,71,69,66,72,71,70,62,72,68,70,69,67,68,71,62,69,66,71,63,70,72,86,70,74,61,69,68,72,65,67,67,68,58,6,9,9,8,6,71,70,70,70,70,70,71,71,71,71,71,71,71,71,69,71,16,S. Clucas,71,71,1500000,31,1957,CM,England,Midfield,Rotation 70-77,Midfield / Rotation 70-77
M. Maolida,Myziane Maolida,71,76,2800000,"LM,ST",CAM,France,https://cdn.sofifa.net/players/234/333/23_60.png,23,181,78,1700,365,Hertha BSC,16000,5300000,SUB,2025,11,2021,-,Right,3,3,1,-,https://cdn.sofifa.net/flags/fr.png,-,-,Medium,Low,77,67,62,76,24,59,56,67,61,69,62,77,66,41,57,75,79,75,79,69,75,69,65,63,64,65,39,24,71,65,61,68,21,17,21,9,10,7,13,8,71,71,71,71,71,71,73,72,65,72,52,49,52,49,42,49,18,M. Maolida,71,76,2800000,23,1700,CAM,France,Midfield,Rotation 70-77,Midfield / Rotation 70-77
Jordi Mboula,Jordi Mboula Queralt,71,80,4200000,"RM,LM",RM,Spain,https://cdn.sofifa.net/players/239/441/23_60.png,23,183,74,1723,385,Racing Santander,14000,0,RM,2023,14,2020,TRUE,Right,4,3,1,-,https://cdn.sofifa.net/flags/es.png,-,-,Medium,Medium,87,66,62,75,32,63,64,67,53,65,61,78,55,53,59,72,85,88,78,60,71,68,51,68,71,62,39,24,63,59,64,71,32,30,28,7,9,14,10,15,69,70,69,69,69,70,70,72,63,72,56,51,56,53,45,53,18,Jordi Mboula,71,80,4200000,23,1723,RM,Spain,Midfield,Rotation 70-77,Midfield / Rotation 70-77
Juanpe,Juan Pedro Ramírez López,71,71,1300000,CB,CB,Spain,https://cdn.sofifa.net/players/192/715/23_60.png,31,190,80,1533,343,Girona FC,15000,2900000,CB,2023,15,2016,-,Right,3,2,1,-,https://cdn.sofifa.net/flags/es.png,-,-,Low,High,54,37,55,49,70,78,35,35,78,69,15,40,30,30,63,64,53,55,35,64,28,55,74,69,86,30,72,66,32,55,40,66,67,72,70,11,8,11,8,13,54,48,50,50,50,48,54,54,61,54,63,70,63,66,71,66,18,Juanpe,71,71,1300000,31,1533,CB,Spain,Defender,Rotation 70-77,Defender / Rotation 70-77
M. Payero,Martín Payero,71,78,3700000,CM,CM,Argentina,https://cdn.sofifa.net/players/240/970/23_60.png,23,182,78,1899,403,Boca Juniors,16000,0,RES,2023,11,2021,TRUE,Right,2,3,1,-,https://cdn.sofifa.net/flags/ar.png,-,-,Medium,Medium,70,59,73,71,61,69,66,53,59,76,59,71,69,73,72,73,70,70,71,70,65,69,63,76,67,60,69,62,65,75,61,74,59,62,60,6,6,8,7,7,67,69,68,68,68,69,72,72,73,72,70,70,70,68,66,68,16,M. Payero,71,78,3700000,23,1899,CM,Argentina,Midfield,Rotation 70-77,Midfield / Rotation 70-77
Mujaid,Mujaid Sadick Aliu,71,82,3900000,"CB,RB",CB,Spain,https://cdn.sofifa.net/players/243/530/23_60.png,22,183,88,1568,352,KRC Genk,9000,6600000,SUB,2025,3,2021,-,Right,3,2,1,-,https://cdn.sofifa.net/flags/es.png,-,-,Medium,Medium,73,26,49,55,72,77,57,21,67,64,22,48,32,23,42,60,75,71,65,69,63,41,64,75,81,22,71,73,32,32,34,52,70,72,77,7,7,11,11,9,51,51,48,48,48,51,51,56,55,56,70,68,70,72,73,72,17,Mujaid,71,82,3900000,22,1568,CB,Spain,Defender,Rotation 70-77,Defender / Rotation 70-77
C. Vega,Cristian Vega,71,71,1600000,"CDM,CM",CDM,Argentina,https://cdn.sofifa.net/players/251/213/23_60.png,28,178,79,1868,400,Club Atlético Colón,9000,2400000,SUB,2024,32,2022,-,Right,3,2,1,-,https://cdn.sofifa.net/flags/ar.png,-,-,High,High,68,61,66,65,68,72,56,55,52,72,52,63,61,55,70,69,67,69,53,68,69,69,57,78,70,71,74,72,57,64,65,71,67,70,68,5,10,11,15,14,65,64,64,64,64,64,67,67,70,67,70,71,70,70,70,70,19,C. Vega,71,71,1600000,28,1868,CDM,Argentina,Midfield,Rotation 70-77,Midfield / Rotation 70-77
Fernando Karanga,Luiz Fernando da Silva Monte,71,71,1600000,"ST,RW,RM",ST,Brazil,https://cdn.sofifa.net/players/221/774/23_60.png,31,191,77,1700,364,Henan Songshan Longmen FC,9000,2500000,RM,2023,7,2018,-,Right,3,3,1,-,https://cdn.sofifa.net/flags/br.png,-,-,High,Low,68,71,55,62,30,78,42,74,82,64,67,64,61,45,54,65,80,58,59,64,36,75,84,74,80,59,74,17,74,53,68,61,36,19,21,8,7,13,12,11,71,64,67,67,67,64,66,65,60,65,49,50,49,47,49,47,18,Fernando Karanga,71,71,1600000,31,1700,ST,Brazil,Forward,Rotation 70-77,Forward / Rotation 70-77
Jairão Zezé,Jairo Ralph Resende dos Santos,71,71,2200000,"CAM,CM",RM,Brazil,https://cdn.sofifa.net/players/230/478/23_60.png,22,169,62,1772,368,Atlético Clube Goianiense,8000,4200000,SUB,2025,14,2022,-,Right,4,4,1,-,https://cdn.sofifa.net/flags/br.png,-,-,Medium,Medium,76,54,73,77,41,47,74,62,46,76,62,76,74,75,63,77,78,75,83,63,91,39,54,64,38,41,46,42,62,75,72,71,31,51,32,10,13,8,10,9,63,71,68,68,68,71,71,71,69,71,62,58,62,58,48,58,18,Jairão Zezé,71,71,2200000,22,1772,RM,Brazil,Midfield,Rotation 70-77,Midfield / Rotation 70-77
Jessé Ledeiro,Jessé Martin Ledeiro Serra,71,71,2200000,"CAM,CF",RM,Brazil,https://cdn.sofifa.net/players/230/479/23_60.png,22,174,73,1821,370,RB Bragantino,10000,4200000,SUB,2025,15,2022,-,Right,3,3,1,-,https://cdn.sofifa.net/flags/br.png,-,-,High,Medium,69,63,73,72,37,56,72,64,46,73,68,71,73,71,75,73,67,71,65,76,81,62,72,78,47,56,48,52,71,75,74,81,14,46,35,7,7,7,10,14,67,70,70,70,70,70,71,71,71,71,62,60,62,58,49,58,19,Jessé Ledeiro,71,71,2200000,22,1821,RM,Brazil,Midfield,Rotation 70-77,Midfield / Rotation 70-77
T. Kleindienst,Tim Kleindienst,71,71,2100000,ST,ST,Germany,https://cdn.sofifa.net/players/214/096/23_60.png,26,194,85,1707,369,1. FC Heidenheim 1846,17000,3300000,ST,2025,10,2021,-,Left,5,2,1,-,https://cdn.sofifa.net/flags/de.png,-,-,High,High,67,72,55,61,33,81,50,73,75,60,69,61,54,48,50,66,58,75,51,68,45,75,70,89,86,68,61,28,76,55,68,67,29,29,22,7,8,12,7,14,71,64,67,67,67,64,65,66,62,66,53,52,53,51,50,51,18,T. Kleindienst,71,71,2100000,26,1707,ST,Germany,Forward,Rotation 70-77,Forward / Rotation 70-77
Iñigo Vicente,Iñigo Vicente Elorduy,71,77,3000000,LM,CAM,Spain,https://cdn.sofifa.net/players/243/792/23_60.png,24,178,70,1815,384,Racing Santander,6000,5300000,LM,2025,10,2022,-,Right,4,4,1,-,https://cdn.sofifa.net/flags/es.png,-,-,Medium,Medium,74,65,70,73,47,55,70,66,44,71,44,74,71,57,72,71,75,73,75,66,76,63,63,54,56,68,53,53,68,72,70,69,38,53,44,7,7,11,15,15,67,71,69,69,69,71,73,72,70,72,62,61,62,60,54,60,19,Iñigo Vicente,71,77,3000000,24,1815,CAM,Spain,Midfield,Rotation 70-77,Midfield / Rotation 70-77
Jony Reitosa,Jony Allison Reitosa Ribeiro,71,71,1600000,RB,RB,Brazil,https://cdn.sofifa.net/players/233/986/23_60.png,30,176,74,1763,370,Ceará Sporting Club,9000,3000000,SUB,2025,31,2022,-,Right,2,2,1,-,https://cdn.sofifa.net/flags/br.png,-,-,Medium,Medium,74,42,54,59,67,74,57,32,58,59,50,48,44,39,55,62,75,74,77,78,74,69,83,83,65,37,85,62,49,47,36,64,67,72,75,12,11,9,9,10,58,56,56,56,56,56,57,61,60,61,70,68,70,71,71,71,20,Jony Reitosa,71,71,1600000,30,1763,RB,Brazil,Defender,Rotation 70-77,Defender / Rotation 70-77
Villalibre,Asier Villalibre Molina,71,78,3800000,ST,ST,Spain,https://cdn.sofifa.net/players/193/794/23_60.png,24,184,87,1789,384,Athletic Club de Bilbao,15000,8700000,SUB,2023,20,2015,-,Left,3,3,1,-,https://cdn.sofifa.net/flags/es.png,-,-,High,Medium,72,70,55,67,39,81,46,70,74,68,72,65,60,36,46,70,70,74,70,64,64,80,78,69,92,57,67,31,69,52,73,74,41,32,30,13,15,15,12,14,73,65,67,67,67,65,67,66,61,66,54,54,54,53,55,53,21,Villalibre,71,78,3800000,24,1789,ST,Spain,Forward,Rotation 70-77,Forward / Rotation 70-77
S. Malone,Scott Malone,71,71,1400000,"LWB,LB",LWB,England,https://cdn.sofifa.net/players/193/185/23_60.png,31,189,75,1892,404,Millwall,9000,2700000,LWB,2023,11,2021,-,Left,3,3,1,-,https://cdn.sofifa.net/flags/gb-eng.png,-,-,High,Medium,72,63,63,70,65,71,70,59,57,65,58,71,46,63,64,69,68,75,70,69,65,69,71,80,69,67,66,69,66,58,64,64,64,67,65,12,9,11,9,7,68,67,66,66,66,67,68,70,68,70,71,69,71,70,68,70,18,S. Malone,71,71,1400000,31,1892,LWB,England,Defender,Rotation 70-77,Defender / Rotation 70-77
Quique,Enrique González Casín,71,71,1500000,"ST,LM",ST,Spain,https://cdn.sofifa.net/players/189/857/23_60.png,32,177,78,1890,390,SD Eibar,8000,2400000,LM,2024,7,2019,-,Left,3,3,1,-,https://cdn.sofifa.net/flags/es.png,-,-,High,Medium,72,70,64,71,43,70,69,70,70,64,68,69,66,59,60,67,76,68,88,77,75,69,87,70,76,67,49,44,79,62,71,70,43,37,32,14,13,10,12,9,71,70,70,70,70,70,71,71,66,71,60,57,60,58,55,58,21,Quique,71,71,1500000,32,1890,ST,Spain,Forward,Rotation 70-77,Forward / Rotation 70-77
T. Trybull,Tom Trybull,71,71,1600000,"CDM,CM",CDM,Germany,https://cdn.sofifa.net/players/204/193/23_60.png,29,181,72,1826,381,SV Sandhausen,6000,2600000,CDM,2023,28,2022,-,Right,3,3,1,-,https://cdn.sofifa.net/flags/de.png,-,-,Medium,High,62,47,65,66,69,72,57,35,58,75,56,65,56,49,66,65,65,59,69,65,69,58,79,76,67,58,77,77,49,61,55,74,75,65,62,15,13,11,13,6,58,60,59,59,59,60,64,64,68,64,70,71,70,69,71,69,20,T. Trybull,71,71,1600000,29,1826,CDM,Germany,Midfield,Rotation 70-77,Midfield / Rotation 70-77
Diego González,Diego González Polanco,71,74,2100000,CB,CB,Spain,https://cdn.sofifa.net/players/227/106/23_60.png,27,185,83,1687,366,Elche CF,12000,4800000,SUB,2024,4,2020,-,Left,3,2,1,-,https://cdn.sofifa.net/flags/es.png,-,-,Low,Medium,66,34,62,59,71,74,71,25,71,69,33,55,59,34,66,61,67,65,68,70,36,50,75,69,77,34,74,72,45,45,42,67,73,69,70,7,7,8,8,12,55,56,53,53,53,56,57,61,62,61,71,70,71,71,73,71,17,Diego González,71,74,2100000,27,1687,CB,Spain,Defender,Rotation 70-77,Defender / Rotation 70-77
H. De La Fuente,Hernán De La Fuente,71,75,2400000,RB,RWB,Argentina,https://cdn.sofifa.net/players/241/696/23_60.png,25,177,73,1915,417,Futebol Clube de Famalicão,6000,5200000,RB,2024,22,2021,-,Right,3,3,1,-,https://cdn.sofifa.net/flags/ar.png,-,-,High,Medium,84,60,61,71,63,78,66,56,54,67,47,72,53,47,62,70,82,85,82,65,73,70,81,85,74,59,77,71,62,49,64,58,55,68,63,15,10,9,14,8,67,68,66,66,66,68,67,70,67,70,72,69,72,71,69,71,19,H. De La Fuente,71,75,2400000,25,1915,RWB,Argentina,Defender,Rotation 70-77,Defender / Rotation 70-77
G. Ortíz,Guillermo Ortíz,71,71,1600000,CB,CB,Argentina,https://cdn.sofifa.net/players/215/070/23_60.png,29,183,76,1628,350,Godoy Cruz,7000,2400000,CB,2024,24,2021,-,Right,3,2,1,-,https://cdn.sofifa.net/flags/ar.png,-,-,Low,High,65,41,48,48,71,77,31,34,71,64,33,40,32,28,65,47,63,66,66,68,59,50,81,76,74,48,85,72,32,35,48,57,71,69,71,13,7,11,7,11,52,47,48,48,48,47,51,51,57,51,64,68,64,67,71,67,18,G. Ortíz,71,71,1600000,29,1628,CB,Argentina,Defender,Rotation 70-77,Defender / Rotation 70-77
P. Klement,Philipp Klement,71,71,1800000,"CAM,CM",CAM,Germany,https://cdn.sofifa.net/players/205/086/23_60.png,29,175,72,1834,358,1. FC Kaiserslautern,9000,2800000,CDM,2023,10,2022,-,Left,2,3,1,-,https://cdn.sofifa.net/flags/de.png,-,-,Medium,Medium,49,68,75,73,40,53,74,64,49,74,58,72,79,79,76,74,60,40,79,69,81,73,68,66,45,74,53,56,67,74,65,65,37,30,34,16,14,14,10,10,66,69,68,68,68,69,71,71,71,71,59,60,59,55,49,55,21,P. Klement,71,71,1800000,29,1834,CAM,Germany,Midfield,Rotation 70-77,Midfield / Rotation 70-77
Y. Valery,Yan Valery,71,79,4000000,"RB,RWB",RB,France,https://cdn.sofifa.net/players/236/316/23_60.png,23,180,85,1812,391,Angers SCO,12000,8800000,SUB,2026,94,2022,-,Right,2,3,1,-,https://cdn.sofifa.net/flags/fr.png,-,-,High,High,69,52,60,69,69,72,66,42,59,64,34,72,55,41,57,66,72,67,66,68,67,69,69,72,71,64,75,70,59,57,41,64,67,75,69,12,14,7,11,14,63,64,63,63,63,64,65,67,66,67,71,69,71,71,71,71,21,Y. Valery,71,79,4000000,23,1812,RB,France,Defender,Rotation 70-77,Defender / Rotation 70-77
Dalbert,Dalbert Chagas Estevão,71,71,1700000,"LWB,LM",LWB,Brazil,https://cdn.sofifa.net/players/229/148/23_60.png,28,181,70,1875,412,Inter,31000,2800000,SUB,2023,29,2017,-,Left,3,3,1,-,https://cdn.sofifa.net/flags/br.png,-,-,Medium,Medium,85,57,65,72,64,69,70,50,60,68,52,71,68,47,65,73,83,87,77,60,71,72,59,76,64,60,73,63,65,60,42,70,61,70,65,7,11,7,9,9,67,68,67,67,67,68,69,71,68,71,71,69,71,71,67,71,17,Dalbert,71,71,1700000,28,1875,LWB,Brazil,Defender,Rotation 70-77,Defender / Rotation 70-77
Saúl Berjón,Saúl Berjón Pérez,71,71,600000,LM,LM,Spain,https://cdn.sofifa.net/players/189/211/23_60.png,36,178,84,1856,396,Burgos CF,4000,930000,LM,2023,21,2020,-,Right,4,3,1,-,https://cdn.sofifa.net/flags/es.png,-,-,Medium,Low,77,70,72,72,41,64,72,66,43,72,75,71,73,71,69,72,74,80,73,62,81,77,61,65,77,71,31,56,66,72,71,73,34,41,27,15,11,8,8,11,70,71,70,70,70,71,71,71,69,71,61,59,61,57,51,57,19,Saúl Berjón,71,71,600000,36,1856,LM,Spain,Midfield,Rotation 70-77,Midfield / Rotation 70-77
Murilo Henrique,Murilo Henrique Pereira Rocha,71,71,2000000,"LM,CAM,CM",LM,Brazil,https://cdn.sofifa.net/players/224/794/23_60.png,27,177,76,1878,401,Suwon FC,6000,2500000,LW,2022,10,2021,-,Right,3,4,1,-,https://cdn.sofifa.net/flags/br.png,-,-,High,Medium,85,64,65,73,45,69,63,63,57,67,50,75,67,67,60,70,82,88,87,61,74,69,54,75,68,65,68,43,67,66,68,55,33,50,54,10,15,13,13,16,69,70,69,69,69,70,71,71,67,71,63,60,63,62,56,62,21,Murilo Henrique,71,71,2000000,27,1878,LM,Brazil,Midfield,Rotation 70-77,Midfield / Rotation 70-77
A. Briançon,Anthony Briançon,71,72,1900000,CB,CB,France,https://cdn.sofifa.net/players/223/138/23_60.png,27,185,79,1707,355,AS Saint-Étienne,6000,3600000,CB,2025,23,2022,-,Right,2,2,1,-,https://cdn.sofifa.net/flags/fr.png,-,-,Medium,High,48,47,56,53,71,80,37,34,73,67,40,45,42,39,65,58,59,39,51,65,65,70,79,69,86,58,81,71,48,56,42,67,71,71,66,15,7,13,13,12,57,51,54,54,54,51,57,55,63,55,63,70,63,65,72,65,20,A. Briançon,71,72,1900000,27,1707,CB,France,Defender,Rotation 70-77,Defender / Rotation 70-77
Fer Niño,Fernando Niño Rodríguez,71,80,4200000,ST,ST,Spain,https://cdn.sofifa.net/players/252/590/23_60.png,21,190,78,1735,366,Villarreal Club de Fútbol B,5000,7400000,ST,2024,11,2020,-,Right,3,3,1,-,https://cdn.sofifa.net/flags/es.png,-,-,Medium,Medium,65,72,59,67,35,68,52,72,72,71,68,67,54,51,53,70,66,64,67,72,61,74,73,68,74,70,52,31,73,55,65,57,30,31,28,11,10,8,8,14,73,67,69,69,69,67,69,68,64,68,54,53,54,52,50,52,19,Fer Niño,71,80,4200000,21,1735,ST,Spain,Forward,Rotation 70-77,Forward / Rotation 70-77
Eminho Moringa,Marcelo Emanuel Morais Silva,71,71,600000,CB,CB,Brazil,https://cdn.sofifa.net/players/230/316/23_60.png,34,190,84,1784,385,Sport Club Corinthians Paulista,16000,1100000,CB,2025,6,2022,-,Left,3,2,1,-,https://cdn.sofifa.net/flags/br.png,-,-,Medium,Medium,63,50,62,61,71,78,62,58,71,70,47,62,52,41,72,63,60,65,51,70,50,21,78,78,84,59,64,76,68,47,45,55,71,67,70,7,13,14,13,15,63,62,61,61,61,62,64,66,68,66,71,71,71,71,71,71,20,Eminho Moringa,71,71,600000,34,1784,CB,Brazil,Defender,Rotation 70-77,Defender / Rotation 70-77
J. Vagnoman,Josha Vagnoman,71,79,4000000,"RB,RM,LB",RB,Germany,https://cdn.sofifa.net/players/242/602/23_60.png,21,190,90,1771,401,VfB Stuttgart,10000,8000000,RWB,2026,4,2022,-,Right,4,2,1,-,https://cdn.sofifa.net/flags/de.png,-,-,High,Medium,84,46,61,67,66,77,64,47,66,68,33,69,56,30,59,67,83,85,67,67,65,52,56,76,83,38,70,65,60,57,36,59,65,68,62,12,13,14,10,8,64,65,63,63,63,65,65,69,65,69,71,69,71,71,70,71,19,J. Vagnoman,71,79,4000000,21,1771,RB,Germany,Defender,Rotation 70-77,Defender / Rotation 70-77
J. Justvan,Julian Justvan,71,75,2700000,"CAM,RM,LWB",CAM,Germany,https://cdn.sofifa.net/players/256/674/23_60.png,24,178,65,1811,386,SC Paderborn 07,12000,4500000,CM,2025,10,2020,-,Left,3,3,1,-,https://cdn.sofifa.net/flags/de.png,-,-,High,Low,84,55,69,74,52,52,59,52,46,74,46,73,67,61,68,73,82,85,86,71,83,65,50,74,40,56,56,53,65,74,43,58,54,52,48,12,10,15,9,9,65,70,69,69,69,70,73,73,71,73,66,64,66,64,56,64,19,J. Justvan,71,75,2700000,24,1811,CAM,Germany,Midfield,Rotation 70-77,Midfield / Rotation 70-77
M. Carabajal,Mateo Carabajal,71,77,2600000,"CB,RB,CDM",CB,Argentina,https://cdn.sofifa.net/players/241/064/23_60.png,25,179,72,1788,384,Independiente del Valle,650,6200000,CB,2025,14,2021,-,Right,3,2,1,-,https://cdn.sofifa.net/flags/ar.png,-,-,Medium,Medium,71,43,63,62,70,75,59,37,65,72,39,59,47,38,67,62,69,72,71,70,69,53,83,81,73,47,72,73,47,58,47,58,69,72,68,8,7,13,11,10,58,59,58,58,58,59,62,64,66,64,71,72,71,72,73,72,18,M. Carabajal,71,77,2600000,25,1788,CB,Argentina,Defender,Rotation 70-77,Defender / Rotation 70-77
A. Flint,Aden Flint,71,71,1200000,CB,CB,England,https://cdn.sofifa.net/players/202/408/23_60.png,32,197,83,1488,321,Stoke City,17000,2300000,CB,2023,4,2022,-,Right,3,2,1,-,https://cdn.sofifa.net/flags/gb-eng.png,-,-,Medium,Medium,41,48,40,41,69,82,21,52,81,51,38,33,24,25,50,52,35,46,30,67,27,63,74,66,90,26,82,67,54,42,36,55,68,68,68,13,10,8,10,11,58,43,49,49,49,43,48,48,54,48,57,64,57,60,71,60,19,A. Flint,71,71,1200000,32,1488,CB,England,Defender,Rotation 70-77,Defender / Rotation 70-77
T. Skarke,Tim Skarke,71,72,2200000,"RM,LM,RWB",RM,Germany,https://cdn.sofifa.net/players/229/286/23_60.png,25,181,79,1786,389,1. FC Union Berlin,18000,4099999,SUB,2022,21,2022,-,Right,3,3,1,-,https://cdn.sofifa.net/flags/de.png,-,-,High,Medium,88,68,60,73,45,55,64,67,46,64,61,73,63,44,54,72,86,89,83,67,79,74,58,79,48,69,44,43,69,56,47,61,42,49,43,7,14,11,13,8,69,71,70,70,70,71,70,72,65,72,64,57,64,61,52,61,19,T. Skarke,71,72,2200000,25,1786,RM,Germany,Midfield,Rotation 70-77,Midfield / Rotation 70-77
T. Ambrose,Thierry Ambrose,71,75,2600000,"ST,LM",ST,France,https://cdn.sofifa.net/players/221/350/23_60.png,25,178,76,1734,377,KV Oostende,9000,4000000,LM,2024,68,2021,-,Right,4,4,1,-,https://cdn.sofifa.net/flags/fr.png,-,-,High,Medium,82,68,60,72,29,66,66,70,66,66,50,74,56,36,54,72,81,83,72,63,76,75,91,58,80,60,34,20,69,57,71,58,30,21,29,9,11,16,11,7,73,70,70,70,70,70,70,71,61,71,54,48,54,51,46,51,18,T. Ambrose,71,75,2600000,25,1734,ST,France,Forward,Rotation 70-77,Forward / Rotation 70-77
S. De Maio,Sebastian De Maio,71,71,500000,CB,CB,France,https://cdn.sofifa.net/players/182/179/23_60.png,35,190,90,1505,333,Modena,2000,775000,CB,2024,28,2022,-,Right,3,2,2,-,https://cdn.sofifa.net/flags/fr.png,-,-,Medium,High,52,42,41,51,73,74,15,40,72,58,20,46,23,39,54,50,53,52,53,61,56,61,81,55,82,37,74,76,19,34,46,76,72,72,70,6,5,5,11,7,51,43,45,45,45,43,48,46,53,46,59,66,59,62,71,62,15,S. De Maio,71,71,500000,35,1505,CB,France,Defender,Rotation 70-77,Defender / Rotation 70-77
S. Kerk,Sebastian Kerk,71,71,1900000,"CAM,CF,LM",LM,Germany,https://cdn.sofifa.net/players/212/249/23_60.png,28,184,76,1858,388,Hannover 96,19000,3000000,SUB,2023,37,2021,-,Left,4,3,1,-,https://cdn.sofifa.net/flags/de.png,-,-,High,Medium,69,74,76,72,34,63,82,67,48,73,68,72,81,82,74,74,65,73,72,66,68,88,59,82,63,80,40,31,67,72,67,66,38,27,32,14,7,7,7,12,71,71,71,71,71,71,71,71,70,71,60,57,60,56,46,56,18,S. Kerk,71,71,1900000,28,1858,LM,Germany,Midfield,Rotation 70-77,Midfield / Rotation 70-77
Guilherme Schettine,Guilherme Schettine Guimarães,71,72,2200000,ST,ST,Brazil,https://cdn.sofifa.net/players/236/555/23_60.png,26,180,75,1716,357,Grasshopper Club Zürich,10000,0,SUB,2023,95,2020,TRUE,Right,3,3,1,-,https://cdn.sofifa.net/flags/br.png,-,-,Medium,Low,65,72,59,69,25,67,50,73,71,67,67,70,65,68,49,71,62,67,69,67,62,75,72,69,69,67,57,19,73,58,71,65,22,16,22,9,12,12,8,7,72,67,69,69,69,67,69,67,62,67,49,48,49,47,44,47,18,Guilherme Schettine,71,72,2200000,26,1716,ST,Brazil,Forward,Rotation 70-77,Forward / Rotation 70-77
D. Braghieri,Diego Braghieri,71,71,500000,CB,CB,Argentina,https://cdn.sofifa.net/players/215/050/23_60.png,35,186,79,1647,358,Club Atlético Lanús,7000,750000,CB,2023,6,2021,-,Left,2,2,1,-,https://cdn.sofifa.net/flags/ar.png,-,-,Low,Medium,57,48,49,56,69,79,28,35,74,63,37,50,36,39,59,64,61,54,44,65,53,72,71,68,82,58,86,66,38,46,48,70,70,68,69,7,9,14,6,7,58,51,54,54,54,51,56,54,60,54,62,68,62,64,71,64,16,D. Braghieri,71,71,500000,35,1647,CB,Argentina,Defender,Rotation 70-77,Defender / Rotation 70-77
L. Pfeiffer,Luca Pfeiffer,71,73,2400000,ST,ST,Germany,https://cdn.sofifa.net/players/244/233/23_60.png,25,196,98,1595,348,VfB Stuttgart,16000,4500000,SUB,2026,20,2022,-,Right,3,2,1,-,https://cdn.sofifa.net/flags/de.png,-,-,Medium,Medium,53,70,50,62,33,80,42,76,77,63,69,64,51,39,38,67,40,63,45,72,33,75,66,69,93,54,65,22,76,45,57,69,26,38,19,7,6,10,15,13,73,61,66,66,66,61,63,62,58,62,49,50,49,47,51,47,19,L. Pfeiffer,71,73,2400000,25,1595,ST,Germany,Forward,Rotation 70-77,Forward / Rotation 70-77
S. Surridge,Sam Surridge,71,77,3000000,ST,ST,England,https://cdn.sofifa.net/players/234/249/23_60.png,23,191,77,1693,363,Nottingham Forest,33000,6300000,SUB,2024,16,2022,-,Right,3,2,1,-,https://cdn.sofifa.net/flags/gb-eng.png,-,-,High,High,69,71,55,69,28,71,51,74,70,62,64,69,63,41,45,70,68,69,69,67,62,71,66,69,78,66,58,21,74,58,64,70,22,26,23,10,8,7,13,15,73,67,69,69,69,67,68,67,61,67,50,49,50,48,46,48,19,S. Surridge,71,77,3000000,23,1693,ST,England,Forward,Rotation 70-77,Forward / Rotation 70-77
A. Flips,Alexis Flips,71,78,3800000,"RM,LM,CAM",CAM,France,https://cdn.sofifa.net/players/252/936/23_60.png,22,173,68,1786,382,Stade de Reims,13000,8400000,SUB,2024,70,2020,-,Right,3,3,1,-,https://cdn.sofifa.net/flags/fr.png,-,-,High,Low,70,68,68,73,43,60,69,68,53,70,56,74,64,64,64,73,71,70,67,68,77,70,56,65,64,68,45,35,69,66,65,68,39,49,44,10,10,6,7,10,70,70,70,70,70,70,72,72,68,72,61,58,61,58,52,58,18,A. Flips,71,78,3800000,22,1786,CAM,France,Midfield,Rotation 70-77,Midfield / Rotation 70-77
U. Hünemeier,Uwe Hünemeier,71,71,325000,CB,CB,Germany,https://cdn.sofifa.net/players/157/703/23_60.png,36,189,85,1740,347,SC Paderborn 07,9000,520000,SUB,2023,2,2018,-,Right,4,2,1,-,https://cdn.sofifa.net/flags/de.png,-,-,Medium,High,41,51,60,56,73,66,47,40,68,65,55,50,69,72,60,61,34,46,52,71,56,65,80,44,74,58,68,74,40,57,63,69,75,74,65,12,14,12,13,6,56,52,53,53,53,52,57,54,62,54,62,69,62,64,71,64,20,U. Hünemeier,71,71,325000,36,1740,CB,Germany,Defender,Rotation 70-77,Defender / Rotation 70-77
T. Smith,Tommy Smith,71,71,1600000,"RWB,RB",RWB,England,https://cdn.sofifa.net/players/203/783/23_60.png,30,186,84,1785,384,Middlesbrough,17000,3000000,SUB,2023,14,2022,-,Right,3,3,1,-,https://cdn.sofifa.net/flags/gb-eng.png,-,-,Medium,Medium,67,46,66,65,68,72,71,48,66,67,20,63,59,41,65,70,66,67,60,71,63,53,66,78,70,37,70,65,66,68,41,63,66,73,69,15,14,14,14,9,63,64,63,63,63,64,66,69,69,69,71,71,71,71,71,71,21,T. Smith,71,71,1600000,30,1785,RWB,England,Defender,Rotation 70-77,Defender / Rotation 70-77
Erik Morán,Erik Morán Arribas,71,71,1300000,CDM,CDM,Spain,https://cdn.sofifa.net/players/201/991/23_60.png,31,186,75,1783,368,SD Ponferradina,6000,2100000,SUB,2023,18,2020,-,Right,3,2,1,-,https://cdn.sofifa.net/flags/es.png,-,-,Medium,Medium,41,50,69,66,68,74,61,40,60,75,39,68,59,67,73,68,40,42,63,66,53,61,62,73,77,62,73,68,57,68,49,61,67,72,62,13,10,14,11,10,59,60,60,60,60,60,66,64,71,64,67,71,67,66,70,66,19,Erik Morán,71,71,1300000,31,1783,CDM,Spain,Midfield,Rotation 70-77,Midfield / Rotation 70-77
A. Blin,Alexis Blin,71,75,2400000,"CDM,CM,CB",CDM,France,https://cdn.sofifa.net/players/222/982/23_60.png,25,184,78,1771,361,Lecce,10000,4500000,SUB,2025,29,2021,-,Right,3,2,1,-,https://cdn.sofifa.net/flags/fr.png,-,-,Low,High,38,52,63,62,68,78,59,49,58,67,48,59,65,46,66,63,43,33,64,72,70,57,70,86,73,52,80,72,58,60,52,70,65,70,69,13,6,8,10,8,59,57,58,58,58,57,62,62,67,62,68,72,68,67,70,67,18,A. Blin,71,75,2400000,25,1771,CDM,France,Midfield,Rotation 70-77,Midfield / Rotation 70-77
Neto Borges,Vivaldo Neto,71,74,2300000,LB,LB,Brazil,https://cdn.sofifa.net/players/242/181/23_60.png,25,183,84,1793,401,Clermont Foot 63,11000,4800000,LB,2024,3,2022,-,Left,3,3,1,-,https://cdn.sofifa.net/flags/br.png,-,-,High,Medium,72,50,64,71,66,78,66,48,58,69,40,70,49,32,63,73,71,72,70,74,59,55,66,77,84,50,67,68,67,66,34,73,67,67,64,10,7,14,6,10,65,67,66,66,66,67,69,71,70,71,71,71,71,71,70,71,18,Neto Borges,71,74,2300000,25,1793,LB,Brazil,Defender,Rotation 70-77,Defender / Rotation 70-77
Cláudio Winck,Cláudio Winck Neto,71,71,1700000,RB,RB,Brazil,https://cdn.sofifa.net/players/216/580/23_60.png,28,184,77,1869,396,Clube Sport Marítimo,7000,3600000,RB,2023,2,2020,-,Right,3,2,1,-,https://cdn.sofifa.net/flags/br.png,-,-,Medium,High,69,59,61,66,68,73,75,53,64,59,47,67,72,67,41,66,67,70,64,68,62,72,71,83,67,63,76,65,64,62,47,68,68,70,67,7,14,14,9,8,66,65,64,64,64,65,64,67,64,67,71,67,71,71,70,71,18,Cláudio Winck,71,71,1700000,28,1869,RB,Brazil,Defender,Rotation 70-77,Defender / Rotation 70-77
Yan Couto,Yan Bueno Couto,71,79,4099999,"RM,RB,RWB",RM,Brazil,https://cdn.sofifa.net/players/259/075/23_60.png,20,168,60,1860,398,Girona FC,43000,0,SUB,2023,20,2020,TRUE,Right,3,2,1,-,https://cdn.sofifa.net/flags/br.png,-,-,High,Medium,82,56,65,74,62,59,73,55,51,69,45,74,66,43,65,75,81,82,84,63,83,64,74,77,46,53,66,63,61,55,55,54,59,66,65,9,6,13,8,11,65,69,66,66,66,69,69,72,68,72,72,67,72,70,64,70,17,Yan Couto,71,79,4099999,20,1860,RM,Brazil,Midfield,Rotation 70-77,Midfield / Rotation 70-77
M. Dárdai,Márton Dárdai,71,82,3800000,CB,CB,Germany,https://cdn.sofifa.net/players/256/780/23_60.png,20,188,77,1692,366,Hertha BSC,12000,7600000,SUB,2025,31,2020,-,Left,4,2,1,-,https://cdn.sofifa.net/flags/de.png,-,-,Medium,Medium,65,31,65,63,72,70,60,25,69,68,35,60,44,31,76,64,66,65,64,67,65,52,72,68,74,22,60,75,31,68,36,68,70,74,72,15,11,11,8,14,53,55,54,54,54,55,60,62,66,62,70,72,70,71,73,71,20,M. Dárdai,71,82,3800000,20,1692,CB,Germany,Defender,Rotation 70-77,Defender / Rotation 70-77
E. Loiodice,Enzo Loiodice,71,83,4400000,"CDM,CM",CM,France,https://cdn.sofifa.net/players/243/478/23_60.png,21,175,71,1886,395,Unión Deportiva Las Palmas,5000,7900000,CDM,2023,12,2020,-,Left,3,3,1,-,https://cdn.sofifa.net/flags/fr.png,-,-,Medium,Medium,66,59,67,73,65,65,43,51,58,76,39,73,67,69,71,75,64,67,71,66,82,69,63,78,57,71,68,65,63,73,58,69,63,69,68,14,9,5,6,15,65,66,68,68,68,66,72,69,74,69,69,72,69,68,67,68,19,E. Loiodice,71,83,4400000,21,1886,CM,France,Midfield,Rotation 70-77,Midfield / Rotation 70-77
Gerard Valentín,Gerard Valentín Sancho,71,71,1900000,"RM,RB",RM,Spain,https://cdn.sofifa.net/players/229/654/23_60.png,28,177,75,1798,411,SD Huesca,8000,3000000,SUB,2026,7,2022,-,Right,3,3,1,-,https://cdn.sofifa.net/flags/es.png,-,-,High,Medium,91,53,59,78,60,70,63,58,40,59,29,84,69,30,60,70,92,90,91,61,72,51,75,78,67,51,64,60,62,57,36,59,63,63,61,8,10,8,6,10,64,70,67,67,67,70,69,71,66,71,70,65,70,68,63,68,16,Gerard Valentín,71,71,1900000,28,1798,RM,Spain,Midfield,Rotation 70-77,Midfield / Rotation 70-77
N. Theuerkauf,Norman Theuerkauf,71,71,525000,"CDM,LB,CB",CDM,Germany,https://cdn.sofifa.net/players/183/573/23_60.png,35,183,80,1889,396,1. FC Heidenheim 1846,10000,814000,SUB,2023,30,2015,-,Left,3,2,1,-,https://cdn.sofifa.net/flags/de.png,-,-,Medium,High,62,56,64,63,71,80,66,46,64,67,44,59,57,67,64,66,56,67,66,72,66,74,73,85,80,63,73,71,55,58,64,65,74,72,70,14,7,11,6,12,63,61,61,61,61,61,64,65,67,65,71,71,71,71,71,71,19,N. Theuerkauf,71,71,525000,35,1889,CDM,Germany,Midfield,Rotation 70-77,Midfield / Rotation 70-77
B. Gimber,Benedikt Gimber,71,75,2400000,CDM,CB,Germany,https://cdn.sofifa.net/players/228/883/23_60.png,25,187,85,1726,378,SSV Jahn Regensburg,8000,3900000,CDM,2023,5,2019,-,Left,3,2,1,-,https://cdn.sofifa.net/flags/de.png,-,-,Medium,High,65,48,59,56,71,79,47,44,66,69,28,49,30,29,67,60,65,65,65,68,63,62,90,76,79,54,80,69,39,61,28,60,73,73,69,7,16,15,7,13,58,56,56,56,56,56,60,60,65,60,68,72,68,69,74,69,19,B. Gimber,71,75,2400000,25,1726,CB,Germany,Defender,Rotation 70-77,Defender / Rotation 70-77
S. Hutchinson,Shaun Hutchinson,71,71,1300000,CB,CB,England,https://cdn.sofifa.net/players/193/549/23_60.png,31,188,80,1549,329,Millwall,9000,2500000,SUB,2023,4,2016,-,Right,3,2,1,-,https://cdn.sofifa.net/flags/gb-eng.png,-,-,Low,Medium,47,29,50,53,72,78,46,22,74,50,18,53,49,35,58,50,41,52,50,69,49,54,82,66,83,23,78,75,23,53,25,56,69,72,71,8,10,12,13,16,48,45,45,45,45,45,48,50,55,50,63,67,63,65,71,65,20,S. Hutchinson,71,71,1300000,31,1549,CB,England,Defender,Rotation 70-77,Defender / Rotation 70-77
S. Sosa,Santiago Sosa,71,80,3900000,"CDM,CM",CDM,Argentina,https://cdn.sofifa.net/players/246/033/23_60.png,23,175,78,1796,387,Atlanta United,5000,6600000,CDM,2024,5,2021,-,Right,3,2,1,-,https://cdn.sofifa.net/flags/ar.png,-,-,Medium,Medium,59,56,61,66,69,76,49,53,63,72,39,63,39,40,71,68,63,56,67,72,64,67,74,73,75,54,81,70,51,57,59,72,74,67,63,6,13,13,10,10,63,61,62,62,62,61,65,64,68,64,68,72,68,68,72,68,19,S. Sosa,71,80,3900000,23,1796,CDM,Argentina,Midfield,Rotation 70-77,Midfield / Rotation 70-77
Sergio Castel,Sergio Castel Martínez,71,72,2200000,ST,ST,Spain,https://cdn.sofifa.net/players/253/455/23_60.png,27,188,90,1607,347,UD Ibiza,6000,3600000,SUB,2023,17,2021,-,Right,3,2,1,-,https://cdn.sofifa.net/flags/es.png,-,-,High,Medium,58,72,53,65,23,76,38,75,73,70,65,67,46,45,48,68,62,55,60,69,50,76,79,58,88,67,67,23,67,46,62,58,20,11,16,6,7,6,6,11,72,63,67,67,67,63,66,63,59,63,46,48,46,43,45,43,16,Sergio Castel,71,72,2200000,27,1607,ST,Spain,Forward,Rotation 70-77,Forward / Rotation 70-77
N. Acevedo,Nelson Acevedo,71,71,1200000,"CM,CDM",CM,Argentina,https://cdn.sofifa.net/players/223/247/23_60.png,33,170,73,1970,408,Godoy Cruz,8000,1800000,SUB,2022,5,2021,-,Right,4,3,1,-,https://cdn.sofifa.net/flags/ar.png,-,-,Medium,Medium,64,55,73,72,63,81,66,47,59,77,57,70,81,59,76,71,68,60,76,71,85,68,82,79,82,62,83,62,59,74,49,81,60,65,70,6,9,16,6,15,65,67,66,66,66,67,71,71,71,71,71,71,71,69,70,69,18,N. Acevedo,71,71,1200000,33,1970,CM,Argentina,Midfield,Rotation 70-77,Midfield / Rotation 70-77
José León,José León Bernal,71,73,2000000,CB,CB,Spain,https://cdn.sofifa.net/players/223/120/23_60.png,27,185,82,1679,360,CD Tenerife,7000,3400000,CB,2023,4,2021,-,Left,3,2,1,-,https://cdn.sofifa.net/flags/es.png,-,-,Medium,Medium,68,36,54,55,71,76,50,25,69,67,29,42,34,39,54,66,68,68,62,70,64,59,80,81,76,38,67,71,42,44,45,67,68,75,72,12,15,9,9,9,55,53,52,52,52,53,55,58,61,58,69,70,69,71,73,71,20,José León,71,73,2000000,27,1679,CB,Spain,Defender,Rotation 70-77,Defender / Rotation 70-77
J. Buckley,John Buckley,71,79,4200000,"CAM,CM",CAM,England,https://cdn.sofifa.net/players/242/749/23_60.png,22,173,63,1896,410,Blackburn Rovers,23000,8800000,CDM,2027,21,2018,-,Right,4,3,1,-,https://cdn.sofifa.net/flags/gb-eng.png,-,-,High,High,77,60,67,72,65,69,55,59,52,74,47,71,51,45,74,68,80,74,80,72,82,66,62,81,62,62,72,73,67,73,46,69,63,65,66,8,5,14,14,13,67,69,69,69,69,69,73,72,73,72,71,72,71,71,68,71,19,J. Buckley,71,79,4200000,22,1896,CAM,England,Midfield,Rotation 70-77,Midfield / Rotation 70-77
R. Hennings,Rouwen Hennings,71,71,900000,ST,ST,Germany,https://cdn.sofifa.net/players/179/516/23_60.png,34,180,80,1840,377,Fortuna Düsseldorf,17000,1400000,SUB,2023,28,2017,-,Left,3,3,1,-,https://cdn.sofifa.net/flags/de.png,-,-,High,High,62,76,61,65,40,73,60,76,70,63,71,63,68,68,57,68,56,67,58,72,67,81,71,72,75,73,71,36,72,58,77,69,38,35,34,15,10,12,12,14,71,66,68,68,68,66,67,67,64,67,56,56,56,54,54,54,21,R. Hennings,71,71,900000,34,1840,ST,Germany,Forward,Rotation 70-77,Forward / Rotation 70-77
N. Tripichio,Nicolás Tripichio,71,74,2300000,"RB,CB",RWB,Argentina,https://cdn.sofifa.net/players/227/900/23_60.png,26,175,68,1851,397,Defensa y Justicia,9000,3600000,RB,2022,14,2021,-,Right,3,2,1,-,https://cdn.sofifa.net/flags/ar.png,-,-,Medium,Medium,78,50,65,71,64,69,66,47,65,73,43,70,51,47,62,71,79,78,78,65,75,59,73,82,63,45,68,70,66,62,49,66,61,62,63,15,14,13,9,7,65,67,65,65,65,67,68,71,69,71,72,69,72,71,68,71,19,N. Tripichio,71,74,2300000,26,1851,RWB,Argentina,Defender,Rotation 70-77,Defender / Rotation 70-77
M. Sobottka,Marcel Sobottka,71,71,1600000,"CDM,CM",CDM,Germany,https://cdn.sofifa.net/players/221/753/23_60.png,28,185,75,1831,397,Fortuna Düsseldorf,15000,2600000,CDM,2025,31,2015,-,Right,3,2,1,-,https://cdn.sofifa.net/flags/de.png,-,-,Medium,High,66,57,63,66,71,74,58,56,60,71,51,65,46,44,67,67,65,67,63,69,65,62,72,77,74,57,72,70,56,58,45,72,72,73,71,11,13,13,7,14,64,63,63,63,63,63,66,67,68,67,71,71,71,71,71,71,20,M. Sobottka,71,71,1600000,28,1831,CDM,Germany,Midfield,Rotation 70-77,Midfield / Rotation 70-77
Iago Falqué,Iago Falqué Silva,71,71,1500000,"CAM,ST,RW",CAM,Spain,https://cdn.sofifa.net/players/190/264/23_60.png,32,172,70,1795,371,América de Cali,2000,2100000,SUB,2022,14,2022,-,Left,3,4,2,-,https://cdn.sofifa.net/flags/es.png,-,-,Medium,Low,67,68,73,74,38,51,75,68,53,78,67,72,75,73,68,75,68,66,77,68,83,66,34,60,50,68,48,26,69,66,76,68,44,36,32,15,5,14,13,7,69,71,70,70,70,71,71,71,69,71,58,56,58,55,47,55,19,Iago Falqué,71,71,1500000,32,1795,CAM,Spain,Midfield,Rotation 70-77,Midfield / Rotation 70-77
M. Meli,Marcelo Meli,71,71,1800000,"CM,RM",CM,Argentina,https://cdn.sofifa.net/players/215/358/23_60.png,30,178,70,1926,412,Club Atlético Aldosivi,8000,2600000,CM,2022,17,2022,-,Right,3,3,1,-,https://cdn.sofifa.net/flags/ar.png,-,-,High,High,74,61,67,69,66,75,59,58,64,75,55,64,62,40,64,73,67,80,73,72,74,71,80,88,68,61,75,70,66,72,49,65,62,70,62,8,16,11,7,10,69,68,68,68,68,68,71,71,71,71,71,71,71,71,71,71,19,M. Meli,71,71,1800000,30,1926,CM,Argentina,Midfield,Rotation 70-77,Midfield / Rotation 70-77
J. Buffarini,Julio Buffarini,71,71,975000,RB,RB,Argentina,https://cdn.sofifa.net/players/215/108/23_60.png,33,170,74,1934,410,Club Atlético Talleres,9000,1500000,RB,2025,8,2022,-,Right,3,3,1,-,https://cdn.sofifa.net/flags/ar.png,-,-,High,Medium,75,58,64,70,65,78,63,50,63,67,49,69,55,58,64,69,74,75,73,70,78,69,75,79,76,63,80,66,68,65,67,65,61,67,70,7,10,14,9,11,67,67,67,67,67,67,69,70,69,70,71,70,71,71,70,71,18,J. Buffarini,71,71,975000,33,1934,RB,Argentina,Defender,Rotation 70-77,Defender / Rotation 70-77
Pep Chavarría,Josep María Chavarría Pérez,71,78,3600000,LB,LWB,Spain,https://cdn.sofifa.net/players/258/371/23_60.png,24,174,72,1829,402,Rayo Vallecano,10000,8300000,SUB,2027,15,2022,-,Left,2,3,1,-,https://cdn.sofifa.net/flags/es.png,-,-,High,High,84,49,63,67,64,75,68,48,59,67,35,67,61,39,61,66,82,85,75,69,71,59,63,87,74,41,63,66,70,61,46,58,65,63,60,9,10,15,10,14,65,66,65,65,65,66,67,71,67,71,72,68,72,71,67,71,19,Pep Chavarría,71,78,3600000,24,1829,LWB,Spain,Defender,Rotation 70-77,Defender / Rotation 70-77
Vanderlei Cõembra,Vanderlei Tiago Cõembra Laforte,71,71,2000000,"RB,LB",RB,Brazil,https://cdn.sofifa.net/players/230/211/23_60.png,22,166,64,1722,382,Cuiabá,9000,3800000,SUB,2025,2,2022,-,Right,3,3,1,-,https://cdn.sofifa.net/flags/br.png,-,-,Medium,Medium,87,36,60,68,64,67,64,28,50,67,46,66,53,31,52,69,91,84,78,61,75,47,66,85,68,38,43,68,53,57,38,66,62,69,65,11,6,13,12,6,57,63,59,59,59,63,63,67,64,67,71,67,71,71,65,71,17,Vanderlei Cõembra,71,71,2000000,22,1722,RB,Brazil,Defender,Rotation 70-77,Defender / Rotation 70-77
R. Walter,Rémi Walter,71,72,1900000,"CDM,CM",CM,France,https://cdn.sofifa.net/players/213/313/23_60.png,27,175,73,1900,402,Sporting Kansas City,5000,2900000,CDM,2023,54,2021,-,Left,4,3,1,-,https://cdn.sofifa.net/flags/fr.png,-,-,High,High,63,61,71,73,66,68,66,57,50,75,50,72,64,50,71,75,59,66,74,69,73,67,72,71,66,65,66,70,61,75,60,72,65,69,65,14,7,12,8,16,66,68,68,68,68,68,72,71,72,71,71,72,71,70,68,70,20,R. Walter,71,72,1900000,27,1900,CM,France,Midfield,Rotation 70-77,Midfield / Rotation 70-77
A. Bobichon,Antonin Bobichon,71,72,2200000,"CM,CAM,LM",CAM,France,https://cdn.sofifa.net/players/225/855/23_60.png,26,178,75,1929,401,Angers SCO,15000,4600000,SUB,2023,21,2019,-,Right,2,3,1,-,https://cdn.sofifa.net/flags/fr.png,-,-,Medium,Medium,65,73,72,71,56,64,63,67,55,75,68,73,76,77,69,72,63,66,66,66,67,83,58,66,65,78,59,58,73,76,67,69,55,58,49,15,10,11,12,13,71,70,71,71,71,70,72,72,72,72,65,66,65,63,61,63,20,A. Bobichon,71,72,2200000,26,1929,CAM,France,Midfield,Rotation 70-77,Midfield / Rotation 70-77
L. Magallán,Lisandro Magallán,71,71,1600000,CB,CB,Argentina,https://cdn.sofifa.net/players/211/263/23_60.png,28,185,83,1595,345,Ajax,10000,2200000,SUB,2023,29,2019,-,Right,3,2,1,-,https://cdn.sofifa.net/flags/ar.png,-,-,Low,Medium,48,38,52,58,71,78,45,35,72,64,27,56,32,34,55,62,47,49,51,66,51,50,82,71,81,33,77,71,34,44,44,65,72,69,68,7,9,7,14,16,53,50,51,51,51,50,54,55,59,55,65,68,65,66,71,66,19,L. Magallán,71,71,1600000,28,1595,CB,Argentina,Defender,Rotation 70-77,Defender / Rotation 70-77
Thiago Martins,Thiago Martins Bueno,71,74,2100000,CB,CB,Brazil,https://cdn.sofifa.net/players/233/790/23_60.png,27,184,75,1682,376,New York City FC,5000,3300000,CB,2025,5,2022,-,Right,3,2,1,-,https://cdn.sofifa.net/flags/br.png,-,-,Medium,Medium,76,41,57,58,71,73,45,36,75,72,26,54,37,43,67,68,64,86,44,65,53,65,72,70,76,30,68,71,32,46,55,60,70,71,69,11,14,7,14,6,58,55,55,55,55,55,58,60,63,60,69,71,69,70,73,70,19,Thiago Martins,71,74,2100000,27,1682,CB,Brazil,Defender,Rotation 70-77,Defender / Rotation 70-77
Walter Silvieiro,Walter Elias Silvieiro Borges,71,71,1800000,ST,ST,Brazil,https://cdn.sofifa.net/players/230/298/23_60.png,30,179,70,1785,371,Atlético Clube Goianiense,10000,3400000,ST,2025,11,2022,-,Right,3,3,1,-,https://cdn.sofifa.net/flags/br.png,-,-,High,Low,72,76,61,64,36,62,60,77,70,65,74,63,68,61,51,67,73,71,64,63,61,76,75,66,59,72,59,51,75,61,76,66,15,38,28,9,13,7,9,8,71,67,69,69,69,67,68,68,64,68,56,53,56,54,50,54,17,Walter Silvieiro,71,71,1800000,30,1785,ST,Brazil,Forward,Rotation 70-77,Forward / Rotation 70-77
Balde,Alejandro Balde Martínez,71,82,3800000,LB,LM,Spain,https://cdn.sofifa.net/players/263/578/23_60.png,18,175,69,1730,390,FC Barcelona,17000,8600000,SUB,2024,28,2021,-,Left,3,2,1,-,https://cdn.sofifa.net/flags/es.png,-,-,High,Medium,84,47,67,74,64,54,70,48,59,75,32,74,56,28,58,73,83,84,81,68,74,53,33,67,53,39,47,64,63,69,41,64,62,67,66,5,8,7,10,13,64,69,67,67,67,69,71,72,69,72,72,67,72,71,64,71,17,Balde,71,82,3800000,18,1730,LM,Spain,Midfield,Rotation 70-77,Midfield / Rotation 70-77
J. Infante,Juan Infante,71,73,2100000,"LB,LWB",LB,Argentina,https://cdn.sofifa.net/players/261/016/23_60.png,26,177,76,1784,389,Platense,9000,3300000,SUB,2023,3,2014,-,Left,2,2,1,-,https://cdn.sofifa.net/flags/ar.png,-,-,Medium,High,74,51,60,67,69,68,55,47,54,74,34,65,37,43,55,68,75,73,66,68,72,65,73,72,65,50,68,72,65,55,44,65,68,73,68,11,14,11,14,10,63,64,64,64,64,64,66,67,67,67,71,70,71,71,70,71,20,J. Infante,71,73,2100000,26,1784,LB,Argentina,Defender,Rotation 70-77,Defender / Rotation 70-77
L. Agoumé,Lucien Agoumé,71,82,3900000,"CDM,CM",CM,France,https://cdn.sofifa.net/players/246/683/23_60.png,20,188,72,1816,394,ESTAC Troyes,22000,0,SUB,2023,8,2019,TRUE,Right,3,3,1,-,https://cdn.sofifa.net/flags/fr.png,-,-,Medium,Medium,64,54,68,72,67,69,58,51,59,76,43,73,57,42,69,75,69,60,66,69,60,59,55,74,69,58,64,70,66,71,51,74,67,69,59,7,12,11,12,15,65,67,67,67,67,67,71,71,73,71,70,72,70,69,68,69,20,L. Agoumé,71,82,3900000,20,1816,CM,France,Midfield,Rotation 70-77,Midfield / Rotation 70-77
Gabriel Silva,Gabriel Moisés Antunes da Silva,71,71,1400000,"LB,LWB",LB,Brazil,https://cdn.sofifa.net/players/197/688/23_60.png,31,179,75,1906,398,AS Saint-Étienne,6000,2500000,SUB,2023,11,2017,-,Left,2,3,1,-,https://cdn.sofifa.net/flags/br.png,-,-,High,Medium,65,57,69,70,68,69,73,52,58,73,56,69,72,56,70,69,66,65,76,69,73,70,75,73,65,55,70,67,69,60,54,66,66,72,70,15,6,10,5,7,66,67,66,66,66,67,68,70,70,70,71,71,71,71,70,71,17,Gabriel Silva,71,71,1400000,31,1906,LB,Brazil,Defender,Rotation 70-77,Defender / Rotation 70-77
M. Zimmermann,Matthias Zimmermann,71,71,1600000,RB,RB,Germany,https://cdn.sofifa.net/players/192/567/23_60.png,30,177,76,1838,393,Fortuna Düsseldorf,14000,2600000,RB,2024,25,2018,-,Right,2,2,1,-,https://cdn.sofifa.net/flags/de.png,-,-,Medium,High,69,52,67,66,68,71,71,46,54,71,55,62,55,41,65,67,73,65,74,69,77,62,69,73,68,60,74,72,41,65,44,67,71,67,70,8,13,11,12,13,60,63,60,60,60,63,65,66,67,66,71,71,71,71,70,71,20,M. Zimmermann,71,71,1600000,30,1838,RB,Germany,Defender,Rotation 70-77,Defender / Rotation 70-77
Claudemir,Claudemir Domingues de Souza,71,71,650000,"CDM,CM",CDM,Brazil,https://cdn.sofifa.net/players/186/935/23_60.png,34,185,72,1928,395,FC Vizela,4000,1400000,SUB,2023,6,2021,-,Right,3,3,1,-,https://cdn.sofifa.net/flags/br.png,-,-,Low,Medium,50,66,70,69,68,72,66,61,66,73,65,70,67,67,68,72,46,54,60,70,61,71,62,71,71,72,78,70,69,70,60,70,68,69,66,15,13,11,13,13,69,66,68,68,68,66,70,69,71,69,70,71,70,69,71,69,22,Claudemir,71,71,650000,34,1928,CDM,Brazil,Midfield,Rotation 70-77,Midfield / Rotation 70-77
S. Shashoua,Samuel Shashoua,71,80,4200000,"ST,CAM,RM",CAM,England,https://cdn.sofifa.net/players/236/599/23_60.png,23,170,65,1842,397,CD Tenerife,7000,7600000,RM,2023,10,2019,-,Right,3,3,1,-,https://cdn.sofifa.net/flags/gb-eng.png,-,-,High,Medium,89,71,64,76,39,58,60,75,50,69,58,73,72,68,51,76,87,90,91,71,89,70,59,64,61,69,44,38,73,65,57,67,45,32,30,11,14,9,14,7,73,74,73,73,73,74,74,74,66,74,60,55,60,57,49,57,20,S. Shashoua,71,80,4200000,23,1842,CAM,England,Midfield,Rotation 70-77,Midfield / Rotation 70-77
M. Tramoni,Mattéo Tramoni,71,79,4200000,"LM,LW",RM,France,https://cdn.sofifa.net/players/240/797/23_60.png,22,175,72,1836,392,Pisa,3000,7600000,SUB,2026,27,2022,-,Right,4,3,1,-,https://cdn.sofifa.net/flags/fr.png,-,-,High,Medium,80,63,68,71,48,62,64,68,54,72,53,70,65,57,70,67,81,80,90,65,82,58,66,67,61,56,56,40,67,68,66,65,44,53,50,11,11,9,10,5,68,70,68,68,68,70,71,72,68,72,63,61,63,61,56,61,17,M. Tramoni,71,79,4200000,22,1836,RM,France,Midfield,Rotation 70-77,Midfield / Rotation 70-77
M. Nadé,Mickaël Nadé,71,79,3900000,CB,CB,France,https://cdn.sofifa.net/players/238/749/23_60.png,23,188,80,1481,313,AS Saint-Étienne,5000,7800000,SUB,2024,3,2016,-,Right,2,2,1,-,https://cdn.sofifa.net/flags/fr.png,-,-,Low,Medium,35,30,44,52,70,82,34,28,68,55,31,44,35,28,41,58,33,36,43,69,68,39,71,71,91,23,74,71,38,42,39,64,70,72,68,5,13,8,7,8,49,43,45,45,45,43,48,48,54,48,61,66,61,63,73,63,17,M. Nadé,71,79,3900000,23,1481,CB,France,Defender,Rotation 70-77,Defender / Rotation 70-77
Miguelón,Miguel Juan Llambrich,71,74,2300000,RB,RB,Spain,https://cdn.sofifa.net/players/231/749/23_60.png,26,170,67,1841,395,Real Oviedo,11000,0,SUB,2023,2,2021,TRUE,Right,3,3,1,-,https://cdn.sofifa.net/flags/es.png,-,-,Medium,Medium,76,51,64,73,66,65,72,42,60,67,55,73,60,40,59,73,77,75,75,70,78,63,71,69,62,60,66,66,59,60,35,62,67,67,66,10,11,12,10,11,64,67,65,65,65,67,68,70,67,70,71,68,71,71,68,71,19,Miguelón,71,74,2300000,26,1841,RB,Spain,Defender,Rotation 70-77,Defender / Rotation 70-77
R. Giles,Ryan Giles,71,78,3600000,"LWB,LW",LWB,England,https://cdn.sofifa.net/players/243/608/23_60.png,22,183,72,1830,403,Middlesbrough,33000,0,LWB,2023,3,2018,TRUE,Left,2,3,1,-,https://cdn.sofifa.net/flags/gb-eng.png,-,-,High,Medium,89,56,67,69,58,64,77,54,37,66,41,68,73,67,59,67,87,90,83,62,75,62,57,83,59,62,55,56,50,64,49,58,58,66,62,14,6,5,8,8,61,68,64,64,64,68,67,71,66,71,71,65,71,69,61,69,17,R. Giles,71,78,3600000,22,1830,LWB,England,Defender,Rotation 70-77,Defender / Rotation 70-77
Dani Gómez,Daniel Gómez Alcón,71,76,2900000,ST,ST,Spain,https://cdn.sofifa.net/players/243/315/23_60.png,23,178,69,1761,381,RCD Espanyol de Barcelona,8000,0,SUB,2023,19,2020,TRUE,Right,3,3,1,-,https://cdn.sofifa.net/flags/es.png,-,-,Medium,Medium,78,71,62,70,37,63,53,71,62,71,62,70,56,49,57,71,76,80,70,68,64,78,64,70,70,68,38,31,75,64,66,72,38,32,35,7,10,13,8,14,73,70,71,71,71,70,72,71,66,71,57,54,57,55,49,55,18,Dani Gómez,71,76,2900000,23,1761,ST,Spain,Forward,Rotation 70-77,Forward / Rotation 70-77
S. Wharton,Scott Wharton,71,76,2600000,CB,CB,England,https://cdn.sofifa.net/players/231/540/23_60.png,24,182,78,1614,354,Blackburn Rovers,21000,5100000,RES,2024,16,2015,-,Left,3,2,1,-,https://cdn.sofifa.net/flags/gb-eng.png,-,-,Low,High,63,32,50,62,70,77,32,30,73,65,32,60,31,28,64,63,65,61,61,66,60,36,83,70,81,31,72,64,33,43,38,64,70,71,71,15,13,11,11,10,53,52,51,51,51,52,56,57,60,57,64,69,64,66,73,66,20,S. Wharton,71,76,2600000,24,1614,CB,England,Defender,Rotation 70-77,Defender / Rotation 70-77
A. Pelmard,Andy Pelmard,71,79,3900000,"CB,LB",CB,France,https://cdn.sofifa.net/players/247/412/23_60.png,22,180,68,1773,392,FC Basel 1893,10000,6600000,SUB,2025,21,2022,-,Right,4,2,1,-,https://cdn.sofifa.net/flags/fr.png,-,-,Medium,Medium,81,35,61,70,72,73,62,26,67,71,33,69,53,27,66,70,83,80,75,69,72,53,73,80,73,30,66,72,45,49,48,66,73,73,72,8,14,5,7,9,58,61,59,59,59,61,62,67,66,67,74,72,74,74,73,74,18,A. Pelmard,71,79,3900000,22,1773,CB,France,Defender,Rotation 70-77,Defender / Rotation 70-77
Maurício,Maurício de Carvalho António,71,71,1500000,CB,CB,Brazil,https://cdn.sofifa.net/players/232/310/23_60.png,30,183,78,1656,357,Al Batin,10000,2500000,CB,2023,4,2021,-,Right,3,2,1,-,https://cdn.sofifa.net/flags/br.png,-,-,Medium,High,58,43,53,51,71,81,35,38,75,64,30,51,45,55,68,50,65,52,35,66,53,63,88,76,86,43,72,75,23,44,43,63,68,71,68,10,9,14,6,15,54,48,49,49,49,48,52,53,59,53,64,69,64,66,71,66,18,Maurício,71,71,1500000,30,1656,CB,Brazil,Defender,Rotation 70-77,Defender / Rotation 70-77
G. Esparza,Gabriel Esparza,71,71,1800000,LM,LM,Argentina,https://cdn.sofifa.net/players/222/315/23_60.png,29,164,65,1790,384,Club The Strongest,950,3900000,LM,2022,34,2022,-,Left,3,3,1,-,https://cdn.sofifa.net/flags/ar.png,-,-,Medium,Medium,90,60,63,73,44,54,63,55,47,67,56,72,65,46,63,71,91,90,83,63,84,69,58,72,44,63,57,29,66,62,55,63,42,52,54,8,8,13,9,13,66,70,68,68,68,70,70,71,66,71,63,57,63,61,52,61,18,G. Esparza,71,71,1800000,29,1790,LM,Argentina,Midfield,Rotation 70-77,Midfield / Rotation 70-77
K. Möhwald,Kevin Möhwald,71,71,1900000,"CM,CAM",CM,Germany,https://cdn.sofifa.net/players/211/818/23_60.png,28,182,75,1927,390,1. FC Union Berlin,19000,3400000,RES,2024,30,2021,-,Right,2,3,1,-,https://cdn.sofifa.net/flags/de.png,-,-,Medium,Medium,43,70,74,72,63,68,78,61,54,74,74,72,79,67,72,74,54,34,66,72,66,84,83,69,68,80,61,59,69,70,46,72,69,70,44,15,13,12,10,8,69,68,68,68,68,68,71,70,71,70,67,70,67,64,66,64,20,K. Möhwald,71,71,1900000,28,1927,CM,Germany,Midfield,Rotation 70-77,Midfield / Rotation 70-77
F. Sambueza,Fabián Sambueza,71,71,1200000,"RM,CAM",RM,Argentina,https://cdn.sofifa.net/players/226/419/23_60.png,33,169,64,1757,364,Junior FC,3000,1700000,RM,2022,32,2021,-,Right,4,3,1,-,https://cdn.sofifa.net/flags/ar.png,-,-,Medium,Low,71,64,73,70,37,49,74,69,37,75,46,68,67,66,71,70,72,70,73,63,87,59,48,61,40,62,55,35,66,72,65,69,38,34,44,13,16,16,13,12,64,70,68,68,68,70,71,71,68,71,59,56,59,56,46,56,21,F. Sambueza,71,71,1200000,33,1757,RM,Argentina,Midfield,Rotation 70-77,Midfield / Rotation 70-77
N. Kühn,Nicolas Kühn,71,77,3000000,"RM,ST,CAM",LM,Germany,https://cdn.sofifa.net/players/239/977/23_60.png,22,176,69,1654,356,SK Rapid Wien,16000,5000000,RM,2026,7,2022,-,Left,3,3,1,-,https://cdn.sofifa.net/flags/de.png,-,-,Medium,Medium,88,62,61,75,24,46,63,65,51,66,64,77,63,43,50,72,85,90,86,65,79,61,54,65,38,56,40,20,65,62,55,66,20,22,19,5,14,14,13,12,67,71,69,69,69,71,70,72,62,72,53,46,53,49,38,49,19,N. Kühn,71,77,3000000,22,1654,LM,Germany,Midfield,Rotation 70-77,Midfield / Rotation 70-77
A. Trebel,Adrien Trebel,71,71,1500000,"CM,CDM",CM,France,https://cdn.sofifa.net/players/203/886/23_60.png,31,174,72,1958,404,RSC Anderlecht,14000,2300000,CM,2023,25,2017,-,Left,2,3,1,-,https://cdn.sofifa.net/flags/fr.png,-,-,High,High,61,67,72,71,68,65,70,64,50,74,67,71,69,71,72,73,63,60,69,67,70,73,69,64,62,72,75,70,68,72,53,75,67,72,70,8,11,14,16,12,68,69,69,69,69,69,71,71,71,71,71,71,71,70,69,70,20,A. Trebel,71,71,1500000,31,1958,CM,France,Midfield,Rotation 70-77,Midfield / Rotation 70-77
M. Coco,Marcus Coco,71,72,2200000,"RM,RW,RWB",RM,France,https://cdn.sofifa.net/players/226/414/23_60.png,26,184,78,1831,394,FC Nantes,16000,4600000,SUB,2023,11,2019,-,Right,3,3,2,-,https://cdn.sofifa.net/flags/fr.png,-,-,Medium,Medium,81,66,68,70,53,56,72,64,59,74,68,69,59,46,64,70,80,81,81,69,68,72,62,46,64,66,49,54,70,66,59,67,41,62,49,12,6,15,7,7,71,71,70,70,70,71,72,72,68,72,64,62,64,63,59,63,17,M. Coco,71,72,2200000,26,1831,RM,France,Midfield,Rotation 70-77,Midfield / Rotation 70-77
Gus Outomouro,Gustavo Rafael Outomouro Tófoli,71,71,2100000,"ST,LM",CF,Brazil,https://cdn.sofifa.net/players/230/513/23_60.png,26,175,73,1792,374,Internacional,18000,4000000,SUB,2025,26,2022,-,Right,3,3,1,-,https://cdn.sofifa.net/flags/br.png,-,-,Medium,Medium,71,72,68,73,28,62,62,74,67,73,73,70,71,60,62,74,72,70,79,73,76,75,71,68,63,69,50,23,68,73,56,71,24,25,20,8,9,16,11,7,71,71,71,71,71,71,71,71,68,71,54,52,54,51,45,51,18,Gus Outomouro,71,71,2100000,26,1792,CF,Brazil,Forward,Rotation 70-77,Forward / Rotation 70-77
J. Faussurier,Julien Faussurier,71,71,575000,"RB,RM",CM,France,https://cdn.sofifa.net/players/183/921/23_60.png,35,173,70,1898,391,FC Sochaux-Montbéliard,4000,1000000,RB,2023,28,2022,-,Right,3,2,1,-,https://cdn.sofifa.net/flags/fr.png,-,-,High,Medium,50,59,73,70,71,68,75,59,60,75,50,69,65,49,73,73,55,45,60,69,73,56,82,71,62,58,75,70,73,74,62,71,72,74,69,6,14,10,13,7,65,67,67,67,67,67,71,71,71,71,71,71,71,71,71,71,18,J. Faussurier,71,71,575000,35,1898,CM,France,Midfield,Rotation 70-77,Midfield / Rotation 70-77
L. Merolla,Lucas Merolla,71,74,2100000,CB,CB,Argentina,https://cdn.sofifa.net/players/232/521/23_60.png,27,193,85,1429,320,Club Atlético Huracán,9000,3300000,CB,2023,6,2018,-,Left,2,2,1,-,https://cdn.sofifa.net/flags/ar.png,-,-,Medium,Medium,47,26,49,47,73,78,29,23,72,60,21,41,26,24,69,56,45,49,34,70,37,36,50,70,90,24,65,72,17,45,26,56,74,74,72,14,9,8,15,12,46,42,43,43,43,42,48,49,57,49,63,70,63,65,73,65,21,L. Merolla,71,74,2100000,27,1429,CB,Argentina,Defender,Rotation 70-77,Defender / Rotation 70-77
Alberto Soro,Alberto Soro Álvarez,71,80,4200000,"RM,ST,LM",CAM,Spain,https://cdn.sofifa.net/players/243/016/23_60.png,23,173,63,1780,383,Granada CF,7000,7600000,SUB,2025,7,2020,-,Left,3,3,1,-,https://cdn.sofifa.net/flags/es.png,-,-,Medium,Medium,77,63,69,71,44,59,64,64,49,72,55,70,59,57,73,72,78,76,80,65,71,65,46,63,59,61,56,32,66,71,53,62,44,47,56,12,11,9,11,13,67,70,69,69,69,70,72,72,69,72,61,60,61,60,53,60,19,Alberto Soro,71,80,4200000,23,1780,CAM,Spain,Midfield,Rotation 70-77,Midfield / Rotation 70-77
Jairo,Jairo Izquierdo González,71,71,1700000,"LWB,LB,LM",LWB,Spain,https://cdn.sofifa.net/players/224/584/23_60.png,28,165,64,1901,411,FC Cartagena,6000,2700000,SUB,2024,20,2022,-,Left,3,3,1,-,https://cdn.sofifa.net/flags/es.png,-,-,High,High,89,66,66,71,63,56,72,66,55,69,60,69,64,50,64,71,90,88,81,64,92,68,49,71,54,64,45,65,68,62,60,60,64,62,63,8,10,7,13,13,69,71,69,69,69,71,71,71,69,71,71,66,71,70,63,70,19,Jairo,71,71,1700000,28,1901,LWB,Spain,Defender,Rotation 70-77,Defender / Rotation 70-77
Róber,Roberto Suárez Pier,71,74,2100000,"CB,CDM",CB,Spain,https://cdn.sofifa.net/players/213/063/23_60.png,27,182,74,1745,370,Levante Unión Deportiva,8000,3500000,CB,2023,4,2019,-,Right,3,2,1,-,https://cdn.sofifa.net/flags/es.png,-,-,Medium,Medium,56,48,62,61,72,71,52,49,68,73,47,56,42,42,70,68,58,54,53,66,61,55,71,67,75,39,68,74,47,58,50,65,72,73,73,13,13,15,16,7,60,57,58,58,58,57,62,62,67,62,69,73,69,69,73,69,20,Róber,71,74,2100000,27,1745,CB,Spain,Defender,Rotation 70-77,Defender / Rotation 70-77
Pedrildo Rocha,Pedro Márcio Rocha Rosa,71,71,1800000,"LW,LM",LW,Brazil,https://cdn.sofifa.net/players/230/470/23_60.png,30,174,74,1863,395,Sport Club Corinthians Paulista,19000,3400000,LM,2025,10,2022,-,Left,3,3,1,-,https://cdn.sofifa.net/flags/br.png,-,-,High,High,77,71,66,75,43,63,64,67,43,64,75,77,78,75,61,75,76,78,76,67,72,78,54,71,71,73,34,29,65,68,69,75,48,43,59,6,10,16,8,13,70,71,70,70,70,71,71,71,67,71,62,57,62,60,52,60,18,Pedrildo Rocha,71,71,1800000,30,1863,LW,Brazil,Forward,Rotation 70-77,Forward / Rotation 70-77
F. Hübner,Florian Hübner,71,71,1300000,CB,CB,Germany,https://cdn.sofifa.net/players/203/590/23_60.png,31,193,83,1513,320,1. FC Nürnberg,8000,2100000,SUB,2023,19,2021,-,Right,3,2,1,-,https://cdn.sofifa.net/flags/de.png,-,-,Medium,Medium,41,43,46,44,75,71,45,40,76,55,25,32,31,21,50,50,49,34,52,72,48,62,46,61,78,35,73,75,44,37,44,69,73,76,73,8,12,13,10,13,54,45,47,47,47,45,48,48,54,48,62,66,62,65,71,65,20,F. Hübner,71,71,1300000,31,1513,CB,Germany,Defender,Rotation 70-77,Defender / Rotation 70-77
K. Dowell,Kieran Dowell,71,76,2800000,"CAM,RM",CAM,England,https://cdn.sofifa.net/players/226/401/23_60.png,24,185,70,1767,366,Norwich City,23000,5500000,SUB,2023,10,2020,-,Left,3,3,1,-,https://cdn.sofifa.net/flags/gb-eng.png,-,-,Medium,Low,64,68,71,72,40,51,64,68,53,74,58,73,76,75,68,74,61,66,69,66,69,68,57,60,48,73,45,33,69,74,64,70,45,37,30,8,13,7,14,8,68,70,70,70,70,70,73,71,69,71,57,57,57,54,48,54,19,K. Dowell,71,76,2800000,24,1767,CAM,England,Midfield,Rotation 70-77,Midfield / Rotation 70-77
H. Mendes,Houboulang Mendes,71,74,2400000,"RB,CB",CB,France,https://cdn.sofifa.net/players/234/856/23_60.png,24,184,73,1738,385,Unión Deportiva Almería,13000,5500000,SUB,2026,24,2022,-,Right,3,2,1,-,https://cdn.sofifa.net/flags/fr.png,-,-,High,Medium,75,42,61,64,70,73,67,39,73,67,43,63,48,39,64,71,72,77,59,58,58,52,75,65,79,39,66,69,48,50,42,53,67,73,70,11,10,5,9,10,60,60,58,58,58,60,61,65,63,65,70,69,70,71,72,71,17,H. Mendes,71,74,2400000,24,1738,CB,France,Defender,Rotation 70-77,Defender / Rotation 70-77
Antonaldo Vaz,Antonaldo Luiz Vaz Stein,71,71,2000000,LB,LB,Brazil,https://cdn.sofifa.net/players/230/248/23_60.png,22,174,71,1677,372,Palmeiras,17000,3600000,SUB,2025,11,2022,-,Left,3,2,1,-,https://cdn.sofifa.net/flags/br.png,-,-,Medium,Medium,71,38,62,65,68,68,68,35,53,71,20,66,42,18,58,64,72,70,71,66,70,43,61,83,65,36,58,69,61,58,41,50,68,72,67,6,12,8,12,13,57,62,59,59,59,62,63,67,66,67,71,69,71,71,68,71,19,Antonaldo Vaz,71,71,2000000,22,1677,LB,Brazil,Defender,Rotation 70-77,Defender / Rotation 70-77
Bernardo,Bernardo Fernandes,71,72,2000000,"LB,CB",LB,Brazil,https://cdn.sofifa.net/players/232/805/23_60.png,27,186,76,1892,397,FC Red Bull Salzburg,16000,3200000,SUB,2024,95,2021,-,Left,3,3,1,-,https://cdn.sofifa.net/flags/br.png,-,-,Medium,Medium,71,53,62,68,70,73,63,38,65,66,53,67,58,60,56,68,68,74,68,70,69,72,81,74,73,68,70,68,62,58,43,69,71,72,71,15,12,13,14,12,64,64,63,63,63,64,65,66,66,66,71,70,71,71,72,71,21,Bernardo,71,72,2000000,27,1892,LB,Brazil,Defender,Rotation 70-77,Defender / Rotation 70-77
Antonio Blanco,Antonio Blanco Conde,71,82,4200000,"CM,CDM",CM,Spain,https://cdn.sofifa.net/players/261/987/23_60.png,21,176,68,1740,364,Cádiz CF,51000,0,SUB,2023,36,2020,TRUE,Right,3,3,1,-,https://cdn.sofifa.net/flags/es.png,-,-,High,Medium,54,57,67,66,62,58,46,56,49,75,37,65,56,65,73,70,57,51,61,68,56,52,61,68,53,64,58,69,67,75,60,73,60,70,46,11,7,13,12,9,62,63,65,65,65,63,70,67,73,67,64,69,64,63,63,63,18,Antonio Blanco,71,82,4200000,21,1740,CM,Spain,Midfield,Rotation 70-77,Midfield / Rotation 70-77
M. Bauer,Maximilian Bauer,71,78,3500000,CB,CB,Germany,https://cdn.sofifa.net/players/245/347/23_60.png,22,189,84,1505,323,FC Augsburg,13000,7000000,CB,2027,23,2022,-,Right,3,2,1,-,https://cdn.sofifa.net/flags/de.png,-,-,Medium,Medium,54,26,48,49,73,73,31,22,69,64,31,41,32,24,57,54,53,55,50,71,58,39,77,64,79,21,69,71,22,38,37,53,73,75,70,12,15,12,14,5,47,43,44,44,44,43,48,49,55,49,63,68,63,66,73,66,20,M. Bauer,71,78,3500000,22,1505,CB,Germany,Defender,Rotation 70-77,Defender / Rotation 70-77
A. Hoffmann,André Hoffmann,71,72,1700000,CB,CB,Germany,https://cdn.sofifa.net/players/199/779/23_60.png,29,190,84,1598,345,Fortuna Düsseldorf,15000,2800000,CB,2023,3,2017,-,Right,2,2,1,-,https://cdn.sofifa.net/flags/de.png,-,-,Medium,Medium,52,38,56,56,71,72,49,29,73,65,23,51,27,31,64,61,49,54,53,70,56,61,65,52,81,34,74,70,52,55,42,63,68,73,70,6,14,8,9,9,56,52,54,54,54,52,57,57,62,57,64,69,64,66,72,66,18,A. Hoffmann,71,72,1700000,29,1598,CB,Germany,Defender,Rotation 70-77,Defender / Rotation 70-77
F. Troyansky,Franco Troyansky,71,76,2800000,"ST,LM",ST,Argentina,https://cdn.sofifa.net/players/233/057/23_60.png,25,178,77,1874,394,Club Atlético Lanús,10000,0,LM,2023,20,2018,TRUE,Left,4,3,1,-,https://cdn.sofifa.net/flags/ar.png,-,-,Medium,Medium,75,70,69,72,35,73,68,70,72,71,64,71,66,61,67,72,76,75,76,69,71,75,84,75,72,67,70,33,71,69,63,74,37,23,33,10,9,15,13,6,73,71,71,71,71,71,73,73,68,73,58,57,58,56,52,56,18,F. Troyansky,71,76,2800000,25,1874,ST,Argentina,Forward,Rotation 70-77,Forward / Rotation 70-77
A. Rami,Adil Rami,71,71,325000,CB,CB,France,https://cdn.sofifa.net/players/183/280/23_60.png,36,190,90,1584,340,ESTAC Troyes,8000,650000,SUB,2023,23,2021,-,Right,3,2,3,-,https://cdn.sofifa.net/flags/fr.png,-,-,Medium,Medium,37,48,53,56,71,75,36,45,71,63,39,51,43,55,66,60,33,41,48,70,53,70,67,52,86,41,76,71,24,44,48,73,72,70,68,5,3,5,5,3,56,48,50,50,50,48,54,52,60,52,62,70,62,63,71,63,14,A. Rami,71,71,325000,36,1584,CB,France,Defender,Rotation 70-77,Defender / Rotation 70-77
K. Behrens,Kevin Behrens,71,71,1600000,ST,ST,Germany,https://cdn.sofifa.net/players/244/706/23_60.png,31,185,85,1713,368,1. FC Union Berlin,20000,2900000,SUB,2023,17,2021,-,Right,3,2,1,-,https://cdn.sofifa.net/flags/de.png,-,-,High,Medium,72,71,51,65,29,80,44,73,79,58,61,64,53,37,44,64,67,76,64,71,67,77,91,79,82,61,74,24,73,54,67,64,27,20,19,12,7,6,11,7,71,64,67,67,67,64,65,65,59,65,50,49,50,48,49,48,18,K. Behrens,71,71,1600000,31,1713,ST,Germany,Forward,Rotation 70-77,Forward / Rotation 70-77
L. Jara,Leonardo Jara,71,71,1400000,"RB,RWB,RM",RB,Argentina,https://cdn.sofifa.net/players/215/331/23_60.png,31,183,80,1812,391,Vélez Sarsfield,9000,2100000,SUB,2022,29,2021,-,Right,3,3,1,-,https://cdn.sofifa.net/flags/ar.png,-,-,Medium,Medium,70,51,64,68,66,72,68,41,63,67,51,67,59,40,63,71,67,73,67,67,58,64,70,80,71,59,66,66,62,61,38,65,62,70,71,8,14,13,9,6,63,64,63,63,63,64,66,68,68,68,71,70,71,71,69,71,18,L. Jara,71,71,1400000,31,1812,RB,Argentina,Defender,Rotation 70-77,Defender / Rotation 70-77
C. Auzqui,Carlos Auzqui,71,71,1600000,"CAM,RM",RW,Argentina,https://cdn.sofifa.net/players/215/332/23_60.png,31,180,72,1982,421,Ferencvárosi TC,750,3500000,SUB,2024,28,2022,-,Right,3,3,1,-,https://cdn.sofifa.net/flags/ar.png,-,-,High,Medium,81,69,71,71,52,77,72,68,72,73,69,71,63,57,70,68,80,82,81,68,69,75,82,83,72,68,81,57,72,71,61,67,47,49,47,8,7,10,14,15,71,71,71,71,71,71,71,71,71,71,67,66,67,66,63,66,19,C. Auzqui,71,71,1600000,31,1982,RW,Argentina,Forward,Rotation 70-77,Forward / Rotation 70-77
F. Bartels,Fin Bartels,71,71,800000,"CF,RW,CAM",CAM,Germany,https://cdn.sofifa.net/players/183/332/23_60.png,35,176,69,1799,375,Holstein Kiel,11000,1200000,SUB,2023,31,2020,-,Right,3,4,1,-,https://cdn.sofifa.net/flags/de.png,-,-,Medium,Low,71,69,70,75,41,49,69,71,43,71,66,75,75,54,68,74,76,67,83,68,80,69,64,48,47,66,50,49,70,74,60,76,44,33,34,9,8,14,12,8,69,71,71,71,71,71,71,71,69,71,59,58,59,56,49,56,18,F. Bartels,71,71,800000,35,1799,CAM,Germany,Midfield,Rotation 70-77,Midfield / Rotation 70-77
Kaio Jorge,Kaio Jorge Pinto Ramos,71,82,4099999,ST,ST,Brazil,https://cdn.sofifa.net/players/260/644/23_60.png,20,182,71,1731,372,Juventus,41000,7800000,RES,2026,21,2021,-,Right,3,3,1,-,https://cdn.sofifa.net/flags/br.png,-,-,High,Medium,77,70,59,76,25,65,54,74,68,68,74,77,68,50,54,79,76,78,75,63,68,74,78,68,68,60,48,27,66,54,64,66,22,14,18,14,5,9,8,8,73,70,71,71,71,70,71,71,63,71,52,49,52,49,43,49,17,Kaio Jorge,71,82,4099999,20,1731,ST,Brazil,Forward,Rotation 70-77,Forward / Rotation 70-77
F. Kunze,Fabian Kunze,71,76,2600000,"CDM,CM",CB,Germany,https://cdn.sofifa.net/players/251/429/23_60.png,24,191,76,1625,357,Hannover 96,14000,4400000,CM,2025,6,2022,-,Right,3,2,1,-,https://cdn.sofifa.net/flags/de.png,-,-,Medium,High,53,40,57,58,74,75,47,37,72,67,32,54,34,32,60,63,64,44,55,72,39,53,54,79,75,35,73,72,43,59,39,68,75,75,72,8,10,10,8,13,56,54,55,55,55,54,59,59,64,59,68,72,68,70,74,70,19,F. Kunze,71,76,2600000,24,1625,CB,Germany,Defender,Rotation 70-77,Defender / Rotation 70-77
S. Breitkreuz,Steve Breitkreuz,71,71,1500000,"CB,RB",CB,Germany,https://cdn.sofifa.net/players/234/278/23_60.png,30,189,87,1668,365,SSV Jahn Regensburg,9000,2300000,CB,2023,23,2021,-,Right,3,2,1,-,https://cdn.sofifa.net/flags/de.png,-,-,Medium,High,62,56,46,53,72,76,40,56,73,56,32,50,33,35,46,52,65,59,53,63,52,75,80,64,83,46,74,63,48,42,60,70,73,75,72,13,9,7,10,9,61,52,55,55,55,52,54,55,55,55,63,65,63,65,71,65,18,S. Breitkreuz,71,71,1500000,30,1668,CB,Germany,Defender,Rotation 70-77,Defender / Rotation 70-77
Lucas Áfrico,Lucas Henrique da Silva,71,72,1900000,CB,CB,Brazil,https://cdn.sofifa.net/players/244/006/23_60.png,27,185,79,1628,347,Estoril Praia,6000,4099999,CB,2023,4,2021,-,Left,3,2,1,-,https://cdn.sofifa.net/flags/br.png,-,-,Medium,Medium,52,41,56,52,70,76,59,35,67,63,35,51,56,58,58,58,48,55,36,68,38,62,71,60,80,34,87,68,34,38,42,58,72,70,68,6,10,13,13,15,54,50,50,50,50,50,52,55,57,55,65,68,65,66,72,66,19,Lucas Áfrico,71,72,1900000,27,1628,CB,Brazil,Defender,Rotation 70-77,Defender / Rotation 70-77
N. Reniero,Nicolás Reniero,71,71,2000000,ST,ST,Argentina,https://cdn.sofifa.net/players/237/283/23_60.png,27,183,77,1773,379,Argentinos Juniors,13000,0,ST,2022,32,2019,TRUE,Right,4,3,1,-,https://cdn.sofifa.net/flags/ar.png,-,-,High,High,77,69,63,69,32,69,58,70,70,64,63,69,55,51,65,70,77,77,74,67,65,76,85,71,78,64,41,23,70,69,62,66,45,17,19,13,13,7,10,15,71,69,70,70,70,69,71,70,65,70,53,52,53,51,47,51,20,N. Reniero,71,71,2000000,27,1773,ST,Argentina,Forward,Rotation 70-77,Forward / Rotation 70-77
S. Hezze,Santiago Hezze,71,82,3900000,"CDM,CM",CDM,Argentina,https://cdn.sofifa.net/players/255/971/23_60.png,20,182,77,1807,392,Club Atlético Huracán,6000,6600000,CDM,2022,5,2020,-,Right,3,3,1,-,https://cdn.sofifa.net/flags/ar.png,-,-,Medium,High,66,54,64,67,67,74,53,50,54,73,35,66,48,40,69,68,70,63,66,69,65,64,67,80,74,56,70,70,64,67,46,62,69,69,66,8,13,14,14,7,64,64,65,65,65,64,68,68,71,68,70,72,70,69,70,69,19,S. Hezze,71,82,3900000,20,1807,CDM,Argentina,Midfield,Rotation 70-77,Midfield / Rotation 70-77
Gabriel Sara,Gabriel Davi Gomes Sara,71,79,4200000,"CAM,CM",ST,Brazil,https://cdn.sofifa.net/players/270/571/23_60.png,23,177,78,1902,408,Norwich City,23000,8800000,SUB,2026,17,2022,-,Left,3,3,1,-,https://cdn.sofifa.net/flags/br.png,-,-,High,Medium,77,71,69,72,47,72,64,67,68,71,62,73,70,68,70,75,73,81,67,63,76,84,71,63,77,72,70,40,72,71,50,65,44,51,36,14,14,10,6,9,74,71,72,72,72,71,73,73,70,73,61,62,61,59,58,59,18,Gabriel Sara,71,79,4200000,23,1902,ST,Brazil,Forward,Rotation 70-77,Forward / Rotation 70-77
Jorge Miramón,Jorge Miramón,71,71,975000,"RB,RWB",RB,Spain,https://cdn.sofifa.net/players/229/359/23_60.png,33,175,74,1921,405,CD Leganés,8000,1600000,RB,2023,21,2022,-,Right,3,3,1,-,https://cdn.sofifa.net/flags/es.png,-,-,High,Medium,71,58,72,68,65,71,75,58,59,73,54,63,68,59,71,73,70,71,70,66,73,61,62,74,71,53,69,65,65,73,63,66,63,69,67,11,10,15,14,13,66,68,66,66,66,68,70,71,71,71,71,71,71,71,69,71,20,Jorge Miramón,71,71,975000,33,1921,RB,Spain,Defender,Rotation 70-77,Defender / Rotation 70-77
M. Martínez,Mauricio Martínez,71,71,1600000,"CDM,CB",CDM,Argentina,https://cdn.sofifa.net/players/226/798/23_60.png,29,183,80,1837,393,Racing Club,12000,2400000,SUB,2022,16,2018,-,Right,3,3,1,-,https://cdn.sofifa.net/flags/ar.png,-,-,Medium,High,62,58,63,63,69,78,53,49,69,71,37,64,41,68,70,67,58,66,57,66,47,75,71,73,80,69,80,70,56,59,58,56,67,71,67,11,15,10,10,12,65,61,63,63,63,61,65,65,69,65,68,71,68,69,71,69,20,M. Martínez,71,71,1600000,29,1837,CDM,Argentina,Midfield,Rotation 70-77,Midfield / Rotation 70-77
Gonzalo Verdú,Gonzalo Caicedo Verdú,71,71,900000,CB,CB,Spain,https://cdn.sofifa.net/players/243/945/23_60.png,33,185,80,1725,365,Elche CF,12000,2000000,SUB,2023,5,2017,-,Right,3,2,1,-,https://cdn.sofifa.net/flags/es.png,-,-,High,Medium,51,53,58,56,71,76,38,49,69,70,42,51,48,64,60,58,46,55,63,69,54,63,76,64,84,54,72,71,39,57,63,59,74,69,65,5,6,9,7,11,59,53,55,55,55,53,59,56,63,56,64,70,64,65,71,65,16,Gonzalo Verdú,71,71,900000,33,1725,CB,Spain,Defender,Rotation 70-77,Defender / Rotation 70-77
M. Pisano,Matías Pisano,71,71,1800000,"RW,CAM,RM",RW,Argentina,https://cdn.sofifa.net/players/219/879/23_60.png,30,166,61,1798,377,Club Atlético Aldosivi,9000,2600000,RM,2022,10,2022,-,Left,3,4,1,-,https://cdn.sofifa.net/flags/ar.png,-,-,Medium,Low,79,67,69,74,42,46,67,67,43,70,48,75,70,66,67,70,78,79,79,70,88,70,64,66,33,68,48,36,65,69,68,66,38,50,41,7,10,7,13,8,67,71,70,70,70,71,71,71,68,71,61,57,61,58,49,58,18,M. Pisano,71,71,1800000,30,1798,RW,Argentina,Forward,Rotation 70-77,Forward / Rotation 70-77
C. Townsend,Conor Townsend,71,71,1600000,"LWB,LB,CB",LWB,England,https://cdn.sofifa.net/players/203/751/23_60.png,29,183,73,1796,383,West Bromwich Albion,21000,3000000,LB,2025,3,2018,-,Left,3,3,1,-,https://cdn.sofifa.net/flags/gb-eng.png,-,-,Medium,Medium,69,46,64,67,68,69,70,43,57,66,41,66,68,61,57,67,66,71,69,68,73,47,70,81,69,46,56,67,60,61,52,61,68,71,67,8,10,8,4,8,60,63,61,61,61,63,64,67,66,67,71,69,71,71,68,71,16,C. Townsend,71,71,1600000,29,1796,LWB,England,Defender,Rotation 70-77,Defender / Rotation 70-77
C. Ortiz,Cristian Ortiz,71,71,1800000,"CAM,CM",CAM,Argentina,https://cdn.sofifa.net/players/223/206/23_60.png,29,169,70,1737,374,Defensa y Justicia,11000,2700000,CM,2024,10,2021,-,Right,3,3,1,-,https://cdn.sofifa.net/flags/ar.png,-,-,Medium,Medium,76,68,66,71,41,52,49,72,43,73,42,68,68,70,63,74,76,76,70,69,77,65,43,60,51,70,49,53,74,70,58,71,44,32,33,8,9,13,8,7,69,70,71,71,71,70,71,71,69,71,59,59,59,56,49,56,17,C. Ortiz,71,71,1800000,29,1737,CAM,Argentina,Midfield,Rotation 70-77,Midfield / Rotation 70-77
Sergio Camello,Sergio Camello Pérez,71,82,4200000,"ST,CAM",ST,Spain,https://cdn.sofifa.net/players/248/805/23_60.png,21,177,69,1656,347,Rayo Vallecano,23000,0,SUB,2023,34,2019,TRUE,Right,4,3,1,-,https://cdn.sofifa.net/flags/es.png,-,-,Medium,Medium,69,73,58,72,27,48,44,77,65,66,64,71,66,48,46,76,68,69,63,73,72,71,66,55,45,69,42,23,74,65,59,68,32,18,13,13,8,13,11,11,73,69,72,72,72,69,71,68,63,68,49,47,49,46,41,46,20,Sergio Camello,71,82,4200000,21,1656,ST,Spain,Forward,Rotation 70-77,Forward / Rotation 70-77
C. Jean,Corentin Jean,71,72,2200000,"ST,RW",CAM,France,https://cdn.sofifa.net/players/211/239/23_60.png,26,170,70,1783,370,Inter Miami CF,6000,3400000,SUB,2024,14,2022,-,Right,3,2,1,-,https://cdn.sofifa.net/flags/fr.png,-,-,Medium,Medium,70,71,69,74,31,55,71,71,63,71,69,71,68,59,64,74,74,67,85,74,85,72,31,60,56,72,52,32,75,69,64,72,33,22,21,12,7,14,10,15,72,72,72,72,72,72,72,72,68,72,56,53,56,52,45,52,20,C. Jean,71,72,2200000,26,1783,CAM,France,Midfield,Rotation 70-77,Midfield / Rotation 70-77
N. Benezet,Nicolas Benezet,71,71,1600000,"LM,CAM",LM,France,https://cdn.sofifa.net/players/202/035/23_60.png,31,170,60,1783,371,Nîmes Olympique,5000,2800000,SUB,2023,10,2022,-,Right,4,3,1,-,https://cdn.sofifa.net/flags/fr.png,-,-,High,Medium,76,68,68,72,34,53,68,66,60,70,63,70,68,49,66,72,77,75,82,70,86,78,61,58,59,66,32,28,68,72,64,62,35,30,32,7,12,12,13,14,71,71,70,70,70,71,71,71,67,71,56,53,56,54,46,54,20,N. Benezet,71,71,1600000,31,1783,LM,France,Midfield,Rotation 70-77,Midfield / Rotation 70-77
K. Bartley,Kyle Bartley,71,71,1300000,CB,CB,England,https://cdn.sofifa.net/players/186/158/23_60.png,31,194,94,1491,332,West Bromwich Albion,20000,2500000,SUB,2023,5,2018,-,Right,3,2,1,-,https://cdn.sofifa.net/flags/gb-eng.png,-,-,Medium,High,53,29,49,49,71,81,39,26,71,64,23,44,33,34,53,57,52,53,34,67,38,43,59,70,89,20,80,71,35,38,40,66,73,71,67,6,10,14,10,7,50,46,47,47,47,46,49,52,56,52,64,68,64,66,71,66,17,K. Bartley,71,71,1300000,31,1491,CB,England,Defender,Rotation 70-77,Defender / Rotation 70-77
Dinei Peixo,Luis Claudinei Peixoto Álvares,71,71,2000000,"RW,RM",RW,Brazil,https://cdn.sofifa.net/players/230/451/23_60.png,26,167,66,1978,414,Sport Club Corinthians Paulista,19000,3800000,SUB,2025,15,2022,-,Right,4,2,1,-,https://cdn.sofifa.net/flags/br.png,-,-,Medium,Medium,73,66,69,73,58,75,74,66,67,68,59,74,68,66,65,72,74,73,75,70,73,70,68,78,68,62,88,51,70,69,65,65,62,56,59,6,16,16,15,15,71,71,70,70,70,71,71,71,70,71,69,67,69,67,66,67,21,Dinei Peixo,71,71,2000000,26,1978,RW,Brazil,Forward,Rotation 70-77,Forward / Rotation 70-77
S. Twine,Scott Twine,71,78,3800000,LW,CAM,England,https://cdn.sofifa.net/players/237/619/23_60.png,22,174,69,1884,398,Burnley,25000,8000000,SUB,2026,11,2022,-,Right,4,3,1,-,https://cdn.sofifa.net/flags/gb-eng.png,-,-,High,High,83,69,69,72,58,47,65,67,52,69,65,70,72,73,67,69,84,83,92,66,84,72,36,82,34,75,39,58,67,71,58,70,55,62,56,7,11,5,12,6,68,71,70,70,70,71,73,73,71,73,69,64,69,67,57,67,17,S. Twine,71,78,3800000,22,1884,CAM,England,Midfield,Rotation 70-77,Midfield / Rotation 70-77
A. Carroll,Andy Carroll,71,71,1200000,ST,ST,England,https://cdn.sofifa.net/players/182/836/23_60.png,33,193,79,1775,358,Reading,15000,2300000,SUB,2023,2,2022,-,Left,3,2,2,-,https://cdn.sofifa.net/flags/gb-eng.png,-,-,Medium,High,33,74,62,62,48,79,60,72,89,63,80,62,63,46,63,72,29,37,39,67,30,85,84,44,93,69,86,45,69,66,73,72,36,47,50,14,14,12,10,6,71,61,65,65,65,61,66,62,65,62,54,60,54,54,63,54,19,A. Carroll,71,71,1200000,33,1775,ST,England,Forward,Rotation 70-77,Forward / Rotation 70-77
B. Whiteman,Ben Whiteman,71,74,2400000,"CM,CDM",CM,England,https://cdn.sofifa.net/players/225/071/23_60.png,26,185,68,1928,408,Preston North End,22000,4700000,CDM,2024,4,2021,-,Right,3,3,1,-,https://cdn.sofifa.net/flags/gb-eng.png,-,-,Medium,Medium,68,64,69,70,65,72,63,61,55,73,58,66,62,67,72,72,68,68,74,71,76,70,68,81,71,68,66,68,65,70,64,74,64,68,64,8,7,8,6,6,68,68,68,68,68,68,71,71,73,71,71,72,71,70,68,70,16,B. Whiteman,71,74,2400000,26,1928,CM,England,Midfield,Rotation 70-77,Midfield / Rotation 70-77
E. Meza,Eric Meza,71,76,2600000,"RB,RWB",RM,Argentina,https://cdn.sofifa.net/players/258/090/23_60.png,23,175,72,1907,412,Club Atlético Colón,7000,4099999,RB,2023,21,2020,-,Right,3,3,1,-,https://cdn.sofifa.net/flags/ar.png,-,-,High,High,81,62,65,72,64,68,67,57,54,67,39,73,69,46,64,69,82,81,82,69,71,73,63,75,67,67,64,65,73,66,45,71,60,70,69,14,11,8,15,12,69,70,69,69,69,70,71,72,70,72,72,69,72,71,67,71,21,E. Meza,71,76,2600000,23,1907,RM,Argentina,Midfield,Rotation 70-77,Midfield / Rotation 70-77
Jon Morcillo,Jon Morcillo Conesa,71,77,3000000,"LM,LW",ST,Spain,https://cdn.sofifa.net/players/258/602/23_60.png,23,183,72,1838,387,Athletic Club de Bilbao,14000,6900000,SUB,2023,2,2016,-,Left,4,4,1,-,https://cdn.sofifa.net/flags/es.png,-,-,Medium,Medium,74,73,70,73,37,60,78,74,63,74,62,74,70,69,61,72,75,73,79,60,70,75,70,63,65,75,43,30,63,62,75,69,28,42,34,12,10,14,11,12,72,72,70,70,70,72,72,72,66,72,59,54,59,56,49,56,19,Jon Morcillo,71,77,3000000,23,1838,ST,Spain,Forward,Rotation 70-77,Forward / Rotation 70-77
E. Crivelli,Enzo Crivelli,71,72,2200000,"ST,LW",ST,France,https://cdn.sofifa.net/players/221/740/23_60.png,27,184,84,1788,380,Servette FC,13000,3400000,SUB,2025,27,2022,-,Right,3,2,1,-,https://cdn.sofifa.net/flags/fr.png,-,-,High,High,62,69,62,66,36,85,53,68,78,70,69,67,59,49,59,66,52,71,63,74,46,78,81,76,89,64,87,25,73,63,62,68,34,34,23,6,12,13,15,9,72,66,68,68,68,66,69,68,65,68,54,56,54,52,55,52,20,E. Crivelli,71,72,2200000,27,1788,ST,France,Forward,Rotation 70-77,Forward / Rotation 70-77
Rômulo Calsede,Rômulo Roberto Calsede Caiado,71,71,2200000,ST,ST,Brazil,https://cdn.sofifa.net/players/234/028/23_60.png,22,181,78,1774,372,São Paulo,21000,4200000,SUB,2025,19,2022,-,Left,3,3,1,-,https://cdn.sofifa.net/flags/br.png,-,-,Medium,Medium,72,72,60,67,32,69,50,74,69,66,69,66,60,55,61,69,71,73,69,68,62,72,79,76,73,66,47,30,73,61,75,70,28,26,24,12,12,12,14,12,71,67,69,69,69,67,69,69,65,69,53,52,53,51,47,51,21,Rômulo Calsede,71,71,2200000,22,1774,ST,Brazil,Forward,Rotation 70-77,Forward / Rotation 70-77
Fran Gámez,Francisco Gámez López,71,71,1600000,RB,RB,Spain,https://cdn.sofifa.net/players/243/756/23_60.png,30,174,71,1801,400,Real Zaragoza,7000,2600000,RB,2023,18,2021,-,Right,3,3,1,-,https://cdn.sofifa.net/flags/es.png,-,-,High,Medium,83,52,61,65,66,73,67,50,59,61,37,65,65,33,58,64,81,84,71,66,68,63,59,86,71,47,66,67,67,63,41,60,66,68,64,6,11,10,10,7,64,65,64,64,64,65,65,69,66,69,71,68,71,71,68,71,17,Fran Gámez,71,71,1600000,30,1801,RB,Spain,Defender,Rotation 70-77,Defender / Rotation 70-77
Diego Farias,Diego Farias da Silva,71,71,1500000,"LW,CF,ST",LW,Brazil,https://cdn.sofifa.net/players/189/485/23_60.png,32,172,66,1791,378,Benevento,4000,2400000,LW,2023,10,2022,-,Right,3,4,2,-,https://cdn.sofifa.net/flags/br.png,-,-,High,Low,83,67,66,75,38,49,64,65,64,68,69,75,64,65,59,73,82,84,85,67,86,69,70,60,45,66,40,25,67,70,69,70,55,27,20,6,7,6,5,14,70,71,71,71,71,71,71,71,65,71,56,52,56,53,47,53,16,Diego Farias,71,71,1500000,32,1791,LW,Brazil,Forward,Rotation 70-77,Forward / Rotation 70-77
Alex Muñoz,Alejandro José Muñoz Miguel,71,71,1800000,"LB,CB",LB,Spain,https://cdn.sofifa.net/players/211/857/23_60.png,27,187,80,1932,421,Levante Unión Deportiva,8000,2900000,CB,2024,16,2022,-,Left,3,2,1,-,https://cdn.sofifa.net/flags/es.png,-,-,High,Medium,81,68,62,64,66,80,66,62,64,68,45,65,59,52,68,61,72,89,72,64,61,83,85,89,82,75,62,69,60,48,55,69,65,66,62,15,14,14,9,11,69,66,65,65,65,66,66,68,67,68,71,69,71,71,70,71,20,Alex Muñoz,71,71,1800000,27,1932,LB,Spain,Defender,Rotation 70-77,Defender / Rotation 70-77
J. Bauman,Jonathan Bauman,71,71,1600000,ST,ST,Argentina,https://cdn.sofifa.net/players/262/801/23_60.png,31,180,79,1687,356,Independiente del Valle,850,3500000,SUB,2022,32,2021,-,Right,2,2,1,-,https://cdn.sofifa.net/flags/ar.png,-,-,Medium,Low,71,72,54,66,31,62,42,74,75,65,73,63,49,50,45,68,69,73,70,70,68,70,73,70,65,70,43,25,75,54,69,65,26,27,22,6,10,7,14,7,71,66,68,68,68,66,68,66,61,66,51,49,51,49,46,49,18,J. Bauman,71,71,1600000,31,1687,ST,Argentina,Forward,Rotation 70-77,Forward / Rotation 70-77
K. Lewis-Potter,Keane Lewis-Potter,71,80,4200000,"LW,LM,ST",RM,England,https://cdn.sofifa.net/players/243/606/23_60.png,21,170,67,1802,378,Brentford,23000,8800000,SUB,2028,23,2022,-,Right,4,3,1,-,https://cdn.sofifa.net/flags/gb-eng.png,-,-,High,Medium,81,67,64,72,36,58,68,68,64,64,57,72,64,61,54,70,84,79,84,67,82,68,75,77,54,67,42,34,68,66,58,64,36,30,32,9,12,9,14,13,70,71,69,69,69,71,71,72,65,72,59,53,59,56,48,56,20,K. Lewis-Potter,71,80,4200000,21,1802,RM,England,Midfield,Rotation 70-77,Midfield / Rotation 70-77
F. Agu,Felix Agu,71,80,4000000,"RWB,LWB",RWB,Germany,https://cdn.sofifa.net/players/243/350/23_60.png,22,179,69,1827,388,SV Werder Bremen,12000,8000000,SUB,2025,27,2020,-,Right,3,3,1,-,https://cdn.sofifa.net/flags/de.png,-,-,High,Medium,84,47,61,75,62,59,65,46,67,68,52,75,61,31,44,71,89,79,89,70,85,41,81,78,45,51,65,65,64,65,40,62,62,58,62,11,15,10,12,10,63,69,66,66,66,69,69,71,66,71,71,65,71,70,65,70,20,F. Agu,71,80,4000000,22,1827,RWB,Germany,Defender,Rotation 70-77,Defender / Rotation 70-77
Timor,David Timor Copoví,71,71,1200000,"CDM,CM,CB",CDM,Spain,https://cdn.sofifa.net/players/199/829/23_60.png,32,185,80,1901,381,SD Huesca,7000,1900000,CM,2024,4,2022,-,Left,3,3,1,-,https://cdn.sofifa.net/flags/es.png,-,-,Medium,High,35,66,71,66,67,76,61,55,59,73,53,68,78,81,72,71,36,34,45,65,57,82,85,72,76,78,78,66,59,72,69,71,67,70,68,8,8,6,16,13,65,62,64,64,64,62,68,65,71,65,67,71,67,66,71,66,19,Timor,71,71,1200000,32,1901,CDM,Spain,Midfield,Rotation 70-77,Midfield / Rotation 70-77
I. Schor,Ignacio Schor,71,81,4200000,"RM,RW,LM",RM,Argentina,https://cdn.sofifa.net/players/261/011/23_60.png,21,182,74,1767,387,Platense,7000,7100000,RW,2023,26,2020,-,Right,3,4,1,-,https://cdn.sofifa.net/flags/ar.png,-,-,High,High,73,62,68,70,51,63,65,61,53,75,50,70,45,49,67,70,72,74,76,65,67,65,57,74,60,63,57,42,70,70,50,70,55,50,55,7,7,8,9,9,67,69,68,68,68,69,72,72,69,72,65,63,65,63,57,63,16,I. Schor,71,81,4200000,21,1767,RM,Argentina,Midfield,Rotation 70-77,Midfield / Rotation 70-77
Thiago Alminxa,Thiago Claudnei Almeida Reis,71,71,1800000,"ST,RW",RW,Brazil,https://cdn.sofifa.net/players/230/291/23_60.png,30,182,71,1740,372,RB Bragantino,12000,3400000,RW,2025,16,2022,-,Right,4,3,1,-,https://cdn.sofifa.net/flags/br.png,-,-,High,Low,82,67,62,72,25,64,72,72,61,62,64,75,68,71,55,74,81,83,63,72,68,62,74,55,71,61,53,34,76,53,55,64,19,17,13,16,14,12,7,7,71,71,71,71,71,71,70,71,62,71,53,49,53,50,44,50,20,Thiago Alminxa,71,71,1800000,30,1740,RW,Brazil,Forward,Rotation 70-77,Forward / Rotation 70-77
G. Alanís,Gabriel Alanís,71,71,1900000,"LM,LWB",LM,Argentina,https://cdn.sofifa.net/players/224/403/23_60.png,28,186,72,1866,403,Defensa y Justicia,8000,0,RM,2022,17,2019,TRUE,Left,2,4,1,-,https://cdn.sofifa.net/flags/ar.png,-,-,High,High,77,63,66,69,57,71,71,63,60,67,41,70,59,62,65,70,73,80,67,72,59,70,68,82,74,62,51,53,67,63,64,70,61,54,58,15,8,9,12,16,69,69,68,68,68,69,70,71,69,71,69,65,69,67,63,67,21,G. Alanís,71,71,1900000,28,1866,LM,Argentina,Midfield,Rotation 70-77,Midfield / Rotation 70-77
D. Bain,Denys Bain,71,72,1800000,CB,CB,France,https://cdn.sofifa.net/players/208/019/23_60.png,28,181,74,1499,327,AJ Auxerre,12000,3700000,RES,2023,32,2022,-,Right,4,2,1,-,https://cdn.sofifa.net/flags/fr.png,-,-,Low,Medium,55,26,48,52,71,75,24,23,74,65,27,48,40,27,62,60,55,55,38,68,51,39,79,65,81,19,69,68,21,37,40,60,71,74,69,15,10,6,12,7,48,44,46,46,46,44,50,50,57,50,62,68,62,65,72,65,19,D. Bain,71,72,1800000,28,1499,CB,France,Defender,Rotation 70-77,Defender / Rotation 70-77
C. Alcaraz,Carlos Alcaraz,71,84,4400000,"CAM,CM,LM",CAM,Argentina,https://cdn.sofifa.net/players/256/402/23_60.png,19,176,70,1911,406,Racing Club,7000,9400000,SUB,2026,22,2020,-,Right,3,4,1,-,https://cdn.sofifa.net/flags/ar.png,-,-,High,Low,84,67,66,77,46,66,59,67,65,70,55,80,70,72,64,74,87,82,84,64,82,72,70,70,59,67,76,43,68,64,66,65,45,45,43,12,9,14,6,7,72,72,72,72,72,72,73,73,68,73,62,61,62,61,57,61,17,C. Alcaraz,71,84,4400000,19,1911,CAM,Argentina,Midfield,Rotation 70-77,Midfield / Rotation 70-77
D. Selke,Davie Selke,71,72,2200000,ST,ST,Germany,https://cdn.sofifa.net/players/212/626/23_60.png,27,195,84,1762,375,Hertha BSC,20000,4099999,SUB,2023,7,2017,-,Right,3,3,1,-,https://cdn.sofifa.net/flags/de.png,-,-,High,Medium,72,71,53,67,37,75,40,71,77,63,74,69,65,40,44,65,69,75,65,71,61,75,71,66,77,65,84,29,73,57,69,64,33,39,20,12,11,7,11,14,72,65,68,68,68,65,67,66,61,66,52,53,52,51,53,51,20,D. Selke,71,72,2200000,27,1762,ST,Germany,Forward,Rotation 70-77,Forward / Rotation 70-77
T. Mauricio,Tony Mauricio,71,71,1900000,RM,RM,France,https://cdn.sofifa.net/players/225/169/23_60.png,28,169,67,1782,376,FC Sochaux-Montbéliard,6000,3300000,RM,2024,7,2021,-,Left,3,4,1,-,https://cdn.sofifa.net/flags/fr.png,-,-,High,Medium,80,67,65,74,31,59,65,69,43,67,61,72,64,62,61,73,84,77,87,65,92,69,54,73,59,63,42,24,68,67,68,59,30,32,35,12,8,13,12,11,69,71,70,70,70,71,71,71,66,71,57,52,57,54,44,54,19,T. Mauricio,71,71,1900000,28,1782,RM,France,Midfield,Rotation 70-77,Midfield / Rotation 70-77
M. Weigandt,Marcelo Weigandt,71,79,4000000,RB,RB,Argentina,https://cdn.sofifa.net/players/246/263/23_60.png,22,175,72,1719,380,Boca Juniors,9000,6400000,SUB,2022,57,2018,-,Right,2,3,1,-,https://cdn.sofifa.net/flags/ar.png,-,-,High,Medium,77,39,53,69,67,75,62,40,58,65,33,69,38,32,50,68,77,77,73,67,76,37,65,77,73,35,79,66,65,34,40,69,65,73,69,8,9,14,10,15,60,62,59,59,59,62,61,66,61,66,71,68,71,71,70,71,19,M. Weigandt,71,79,4000000,22,1719,RB,Argentina,Defender,Rotation 70-77,Defender / Rotation 70-77
P. Magnín,Pablo Magnín,71,71,1500000,"ST,CAM",ST,Argentina,https://cdn.sofifa.net/players/215/026/23_60.png,32,178,75,1663,352,Club Atlético Tigre,9000,2300000,SUB,2022,7,2020,-,Right,4,3,1,-,https://cdn.sofifa.net/flags/ar.png,-,-,Medium,Medium,65,75,55,69,24,64,49,75,69,61,72,72,52,45,45,70,66,64,59,67,71,82,64,54,70,67,60,18,72,60,75,58,23,14,23,6,8,10,10,10,71,66,69,69,69,66,68,66,60,66,47,46,47,45,43,45,17,P. Magnín,71,71,1500000,32,1663,ST,Argentina,Forward,Rotation 70-77,Forward / Rotation 70-77
L. Beltrán,Lucas Beltrán,71,79,4200000,"ST,RW",CAM,Argentina,https://cdn.sofifa.net/players/246/258/23_60.png,21,175,76,1814,385,River Plate,9000,6700000,ST,2023,18,2018,-,Right,3,3,1,-,https://cdn.sofifa.net/flags/ar.png,-,-,High,High,72,68,64,73,40,68,49,71,68,70,55,72,64,48,68,72,77,67,79,70,80,70,72,63,71,61,64,31,76,70,58,75,34,44,38,6,14,10,14,8,73,70,71,71,71,70,73,71,69,71,56,58,56,55,54,55,19,L. Beltrán,71,79,4200000,21,1814,CAM,Argentina,Midfield,Rotation 70-77,Midfield / Rotation 70-77
B. Sheaf,Ben Sheaf,71,77,2700000,"CDM,CM",CDM,England,https://cdn.sofifa.net/players/225/779/23_60.png,24,185,64,1817,372,Coventry City,12000,5700000,CDM,2024,14,2021,-,Right,3,2,1,-,https://cdn.sofifa.net/flags/gb-eng.png,-,-,Medium,High,50,46,69,65,69,73,61,37,63,75,52,63,64,62,74,67,47,52,65,63,62,57,69,75,73,51,73,71,54,65,54,67,69,69,66,15,10,15,13,11,58,59,59,59,59,59,64,64,69,64,68,72,68,68,71,68,20,B. Sheaf,71,77,2700000,24,1817,CDM,England,Midfield,Rotation 70-77,Midfield / Rotation 70-77
Alexandre Frandeira,Alex Martin Frandeira Álvares,71,71,1900000,"CB,CDM",CB,Brazil,https://cdn.sofifa.net/players/230/390/23_60.png,22,192,85,1593,348,Atlético Clube Goianiense,7000,3600000,SUB,2025,21,2022,-,Right,1,2,1,-,https://cdn.sofifa.net/flags/br.png,-,-,Low,Medium,49,44,53,51,70,81,51,36,65,62,35,45,46,41,64,57,47,51,46,67,38,62,60,64,90,47,84,68,36,34,43,73,72,71,67,8,7,9,10,10,54,49,49,49,49,49,51,53,57,53,64,68,64,65,71,65,17,Alexandre Frandeira,71,71,1900000,22,1593,CB,Brazil,Defender,Rotation 70-77,Defender / Rotation 70-77
Nathan,Nathan Raphael Pelae Cardoso,71,74,2100000,CB,CB,Brazil,https://cdn.sofifa.net/players/225/529/23_60.png,27,189,78,1731,372,San Jose Earthquakes,5000,3300000,CB,2023,13,2021,-,Right,2,2,1,-,https://cdn.sofifa.net/flags/br.png,-,-,High,High,73,44,52,58,69,76,43,39,69,63,39,55,41,39,64,56,75,71,70,66,65,58,89,68,76,42,83,70,47,39,47,61,66,71,71,10,11,11,9,8,58,55,54,54,54,55,57,58,59,58,66,68,66,68,73,68,18,Nathan,71,74,2100000,27,1731,CB,Brazil,Defender,Rotation 70-77,Defender / Rotation 70-77
L. Holtby,Lewis Holtby,71,71,1500000,"CM,CDM",CM,Germany,https://cdn.sofifa.net/players/188/154/23_60.png,31,176,72,1973,401,Holstein Kiel,13000,2300000,SUB,2024,10,2021,-,Left,4,3,2,-,https://cdn.sofifa.net/flags/de.png,-,-,High,Medium,64,66,73,74,59,65,70,64,52,74,67,72,78,74,74,76,66,62,78,68,79,70,86,62,61,65,73,62,68,74,66,74,55,61,64,12,12,8,11,9,68,70,70,70,70,70,71,71,71,71,68,69,68,66,65,66,19,L. Holtby,71,71,1500000,31,1973,CM,Germany,Midfield,Rotation 70-77,Midfield / Rotation 70-77
L. Blondel,Lucas Blondel,71,74,2300000,RB,RWB,Argentina,https://cdn.sofifa.net/players/238/331/23_60.png,25,178,75,1843,405,Club Atlético Tigre,7000,3600000,RB,2023,17,2021,-,Right,3,3,1,-,https://cdn.sofifa.net/flags/ar.png,-,-,Medium,High,78,61,60,70,67,69,60,55,50,70,43,70,50,48,55,70,75,80,69,65,71,76,55,83,65,60,65,68,65,50,73,73,67,70,68,6,8,9,15,9,66,66,66,66,66,66,67,69,67,69,72,69,72,71,68,71,18,L. Blondel,71,74,2300000,25,1843,RWB,Argentina,Defender,Rotation 70-77,Defender / Rotation 70-77
R. Schallenberg,Ron Schallenberg,71,76,2600000,"CDM,CM",CDM,Germany,https://cdn.sofifa.net/players/239/099/23_60.png,23,185,76,1740,377,SC Paderborn 07,11000,4400000,CDM,2024,8,2017,-,Right,2,2,1,-,https://cdn.sofifa.net/flags/de.png,-,-,Medium,High,60,50,63,65,68,71,46,48,58,73,56,64,42,39,68,69,65,55,61,68,61,53,62,90,67,49,57,67,62,68,35,57,72,71,60,8,7,10,14,15,62,61,63,63,63,61,67,66,71,66,69,72,69,68,68,68,19,R. Schallenberg,71,76,2600000,23,1740,CDM,Germany,Midfield,Rotation 70-77,Midfield / Rotation 70-77
J. Dina Ebimbe,Junior Dina Ebimbe,71,78,3800000,"RM,CM",CDM,France,https://cdn.sofifa.net/players/248/573/23_60.png,21,184,80,1919,421,Eintracht Frankfurt,29000,0,SUB,2023,26,2019,TRUE,Right,3,3,1,-,https://cdn.sofifa.net/flags/fr.png,-,-,Medium,Medium,79,60,67,73,67,75,58,57,59,76,51,73,59,49,69,75,79,79,76,67,72,71,75,80,74,56,69,74,62,64,57,70,65,69,56,6,11,14,12,5,69,69,69,69,69,69,71,72,72,72,72,73,72,71,70,71,17,J. Dina Ebimbe,71,78,3800000,21,1919,CDM,France,Midfield,Rotation 70-77,Midfield / Rotation 70-77
Martin Cordeia,Martin Victor Cordeia Damasco,70,70,1700000,"CAM,CM",CAM,Brazil,https://cdn.sofifa.net/players/236/164/23_60.png,26,181,76,1778,361,Internacional,15000,3200000,SUB,2025,15,2022,-,Right,3,3,1,-,https://cdn.sofifa.net/flags/br.png,-,-,Medium,Medium,48,70,74,70,36,63,74,64,30,74,70,67,78,72,75,75,49,47,68,71,63,79,54,71,70,76,40,45,66,75,75,78,34,35,30,12,10,13,7,9,66,68,68,68,68,68,70,70,70,70,58,59,58,54,47,54,18,Martin Cordeia,70,70,1700000,26,1778,CAM,Brazil,Midfield,Rotation 70-77,Midfield / Rotation 70-77
J. Velázquez,Julián Velázquez,70,70,1100000,CB,CB,Argentina,https://cdn.sofifa.net/players/210/814/23_60.png,31,184,84,1583,339,Rosario Central,9000,1700000,SUB,2022,7,2022,-,Right,2,2,1,-,https://cdn.sofifa.net/flags/ar.png,-,-,Low,High,56,40,46,51,72,74,42,39,70,55,35,48,35,34,50,51,54,58,53,61,51,53,71,63,77,31,80,72,36,38,47,62,72,72,73,15,14,7,15,11,53,47,48,48,48,47,49,51,53,51,63,65,63,65,70,65,21,J. Velázquez,70,70,1100000,31,1583,CB,Argentina,Defender,Rotation 70-77,Defender / Rotation 70-77
Daniel Penha,Daniel dos Santos Penha,70,77,3200000,"CAM,CM,LW",CAM,Brazil,https://cdn.sofifa.net/players/264/324/23_60.png,23,170,68,1746,370,Daegu FC,5000,4600000,CM,2022,70,2022,-,Left,3,4,1,-,https://cdn.sofifa.net/flags/br.png,-,-,High,Medium,70,66,71,72,33,58,70,65,38,71,61,74,70,74,72,75,71,70,71,56,75,68,50,63,57,66,54,28,62,72,68,56,30,36,34,6,8,7,12,12,65,69,68,68,68,69,72,71,68,71,56,55,56,52,45,52,16,Daniel Penha,70,77,3200000,23,1746,CAM,Brazil,Midfield,Rotation 70-77,Midfield / Rotation 70-77
Saberto Botelho,Saberto Josué Botelho Rios,70,70,1700000,CDM,CB,Brazil,https://cdn.sofifa.net/players/230/531/23_60.png,22,182,77,1781,378,Club Athletico Paranaense,7000,3200000,SUB,2025,3,2022,-,Right,3,2,1,-,https://cdn.sofifa.net/flags/br.png,-,-,Medium,Medium,65,51,54,58,72,78,39,42,69,68,49,52,37,32,66,62,64,66,63,67,65,70,78,82,72,53,88,66,51,46,46,67,73,75,71,13,12,14,16,14,61,55,57,57,57,55,59,60,64,60,67,70,67,69,70,69,22,Saberto Botelho,70,70,1700000,22,1781,CB,Brazil,Defender,Rotation 70-77,Defender / Rotation 70-77
Kirian,Kirian Rodríguez,70,73,2100000,"CM,CDM,CAM",CAM,Spain,https://cdn.sofifa.net/players/251/011/23_60.png,26,180,73,1837,389,Unión Deportiva Las Palmas,6000,3500000,SUB,2023,25,2015,-,Right,3,3,1,-,https://cdn.sofifa.net/flags/es.png,-,-,Medium,Medium,63,61,69,72,54,70,54,53,57,74,45,72,65,52,72,75,72,55,72,65,71,71,72,75,70,73,63,56,65,77,54,70,54,52,51,7,8,10,12,13,66,67,68,68,68,67,73,70,72,70,64,67,64,62,61,62,18,Kirian,70,73,2100000,26,1837,CAM,Spain,Midfield,Rotation 70-77,Midfield / Rotation 70-77
J. Ngakia,Jeremy Ngakia,70,81,3400000,"RB,RWB",RB,England,https://cdn.sofifa.net/players/247/623/23_60.png,21,178,73,1613,351,Watford,15000,7100000,SUB,2024,2,2020,-,Right,2,2,1,-,https://cdn.sofifa.net/flags/gb-eng.png,-,-,High,Medium,73,28,53,66,68,63,60,26,58,66,29,68,44,25,53,66,74,73,63,68,73,24,68,68,60,28,63,67,47,32,37,54,67,74,69,13,14,9,13,14,52,58,54,54,54,58,57,62,59,62,70,67,70,70,69,70,21,J. Ngakia,70,81,3400000,21,1613,RB,England,Defender,Rotation 70-77,Defender / Rotation 70-77
Luan Sendeiro,Luan Vágner Sendeiro Zanon,70,70,1300000,CDM,CDM,Brazil,https://cdn.sofifa.net/players/236/145/23_60.png,30,181,78,1838,391,Internacional,13000,2500000,SUB,2025,17,2022,-,Right,3,2,1,-,https://cdn.sofifa.net/flags/br.png,-,-,Medium,Medium,67,56,71,61,68,68,65,52,74,72,40,55,53,75,78,69,66,68,61,68,62,72,48,66,73,59,62,67,52,72,43,55,71,63,67,11,11,12,12,19,65,63,63,63,63,63,67,67,70,67,69,70,69,69,70,69,21,Luan Sendeiro,70,70,1300000,30,1838,CDM,Brazil,Midfield,Rotation 70-77,Midfield / Rotation 70-77
Pablo Valcarce,Pablo Valcarce Vidal,70,70,1600000,"RM,LM,ST",RM,Spain,https://cdn.sofifa.net/players/211/057/23_60.png,29,173,70,1893,402,Burgos CF,5000,2500000,RM,2023,8,2021,-,Right,3,3,1,-,https://cdn.sofifa.net/flags/es.png,-,-,High,Medium,77,68,66,71,51,69,69,68,52,67,50,69,70,56,63,70,77,77,84,65,80,72,80,76,69,72,58,55,66,64,57,69,44,56,49,13,11,13,12,9,69,70,68,68,68,70,70,70,68,70,65,63,65,64,59,64,19,Pablo Valcarce,70,70,1600000,29,1893,RM,Spain,Midfield,Rotation 70-77,Midfield / Rotation 70-77
J. Cuffaut,Joffrey Cuffaut,70,70,525000,"CB,RB",CB,France,https://cdn.sofifa.net/players/199/537/23_60.png,34,180,74,1918,399,Valenciennes FC,4000,919000,CB,2023,14,2018,-,Right,3,3,1,-,https://cdn.sofifa.net/flags/fr.png,-,-,High,Medium,67,58,63,62,70,79,68,52,70,67,30,55,51,76,61,62,69,66,76,70,73,69,90,90,76,64,71,67,62,52,71,69,68,72,71,9,7,10,16,7,65,62,61,61,61,62,63,65,66,65,70,70,70,70,70,70,18,J. Cuffaut,70,70,525000,34,1918,CB,France,Defender,Rotation 70-77,Defender / Rotation 70-77
L. Klünter,Lukas Klünter,70,72,1700000,"CB,RWB",CB,Germany,https://cdn.sofifa.net/players/229/487/23_60.png,26,184,76,1734,392,DSC Arminia Bielefeld,10000,2800000,RB,2023,2,2022,-,Right,3,3,1,-,https://cdn.sofifa.net/flags/de.png,-,-,Medium,Medium,84,43,59,67,71,68,64,47,70,66,25,66,39,29,63,68,83,85,71,67,65,52,65,74,68,25,62,70,48,52,49,63,70,72,72,10,5,12,14,6,61,63,60,60,60,63,63,67,64,67,72,70,72,72,72,72,17,L. Klünter,70,72,1700000,26,1734,CB,Germany,Defender,Rotation 70-77,Defender / Rotation 70-77
F. Fattori,Federico Fattori,70,70,1400000,"CDM,CM",CDM,Argentina,https://cdn.sofifa.net/players/226/671/23_60.png,29,175,70,1834,391,Club Atlético Huracán,8000,2100000,CDM,2022,24,2022,-,Right,3,3,1,-,https://cdn.sofifa.net/flags/ar.png,-,-,Medium,Medium,69,54,67,68,64,69,60,50,41,74,48,67,55,42,71,69,68,69,72,68,74,58,62,82,64,59,65,70,65,66,57,51,64,67,62,11,14,15,12,13,62,65,65,65,65,65,69,69,70,69,70,70,70,69,66,69,21,F. Fattori,70,70,1400000,29,1834,CDM,Argentina,Midfield,Rotation 70-77,Midfield / Rotation 70-77
A. Vigo,Alex Vigo,70,76,2400000,"RB,RWB",RM,Argentina,https://cdn.sofifa.net/players/247/150/23_60.png,23,175,74,1907,413,Club Atlético Independiente,8000,0,RB,2022,28,2021,TRUE,Right,3,3,1,-,https://cdn.sofifa.net/flags/ar.png,-,-,High,Low,84,56,64,75,62,72,68,53,55,64,46,78,65,46,63,70,89,80,87,63,75,62,71,81,65,54,76,63,75,67,48,69,60,65,66,5,6,14,14,13,67,70,69,69,69,70,71,73,69,73,71,68,71,70,66,70,18,A. Vigo,70,76,2400000,23,1907,RM,Argentina,Midfield,Rotation 70-77,Midfield / Rotation 70-77
Agus Medina,Agustín Medina Delgado,70,71,1600000,"CDM,CAM",CDM,Spain,https://cdn.sofifa.net/players/223/853/23_60.png,27,176,72,1881,402,SD Ponferradina,6000,2700000,CDM,2023,8,2021,-,Right,2,2,1,-,https://cdn.sofifa.net/flags/es.png,-,-,Medium,Medium,69,62,67,65,67,72,58,60,56,69,29,61,58,69,70,66,70,68,68,70,80,73,73,90,70,68,54,64,59,70,43,73,69,72,67,14,8,12,7,16,66,65,65,65,65,65,68,68,71,68,71,71,71,70,68,70,20,Agus Medina,70,71,1600000,27,1881,CDM,Spain,Midfield,Rotation 70-77,Midfield / Rotation 70-77
J. Paradela,José Paradela,70,75,2400000,"LM,CM,CDM",CAM,Argentina,https://cdn.sofifa.net/players/245/354/23_60.png,23,179,71,1858,396,River Plate,8000,3500000,RES,2025,26,2021,-,Left,3,3,1,-,https://cdn.sofifa.net/flags/ar.png,-,-,Medium,Low,70,65,70,73,58,60,70,62,50,73,49,74,69,60,69,71,74,67,78,65,67,74,51,68,57,71,58,60,60,70,59,75,53,62,60,15,5,15,12,10,67,69,68,68,68,69,72,71,71,71,68,66,68,66,61,66,19,J. Paradela,70,75,2400000,23,1858,CAM,Argentina,Midfield,Rotation 70-77,Midfield / Rotation 70-77
Marlinito Dias,Marlon Rômulo Dias Cavalcanti,70,70,1500000,"CDM,CB",CDM,Brazil,https://cdn.sofifa.net/players/230/249/23_60.png,26,189,84,1662,358,Fortaleza,7000,2900000,CB,2025,74,2022,-,Right,3,2,1,-,https://cdn.sofifa.net/flags/br.png,-,-,Medium,Medium,56,44,64,57,66,71,49,36,77,76,43,45,31,54,70,75,53,58,45,78,40,58,45,53,86,44,62,68,69,64,45,73,70,62,51,11,16,9,11,8,63,58,61,61,61,58,65,63,69,63,64,70,64,65,70,65,21,Marlinito Dias,70,70,1500000,26,1662,CDM,Brazil,Midfield,Rotation 70-77,Midfield / Rotation 70-77
C. Archer,Cameron Archer,70,79,3500000,"ST,RW",ST,England,https://cdn.sofifa.net/players/258/930/23_60.png,20,181,72,1668,359,Aston Villa,30000,7400000,RES,2027,35,2020,-,Right,4,2,1,-,https://cdn.sofifa.net/flags/gb-eng.png,-,-,High,Low,77,69,53,71,25,64,44,72,63,61,62,69,56,47,46,71,78,77,76,68,81,71,69,61,70,64,53,22,70,55,58,68,22,18,21,5,6,12,6,14,72,67,68,68,68,67,68,67,60,67,49,47,49,47,43,47,17,C. Archer,70,79,3500000,20,1668,ST,England,Forward,Rotation 70-77,Forward / Rotation 70-77
Nascimentardo,Jonas Welson Orsi de Meneses,70,70,1900000,"CAM,CF",RM,Brazil,https://cdn.sofifa.net/players/230/522/23_60.png,22,170,66,1770,373,Ceará Sporting Club,7000,3600000,SUB,2025,13,2022,-,Right,2,3,1,-,https://cdn.sofifa.net/flags/br.png,-,-,Medium,Low,83,57,72,74,39,48,76,64,49,72,65,73,74,75,62,75,87,79,74,65,89,49,44,57,47,43,39,42,64,72,74,66,30,44,37,13,7,8,7,14,65,70,68,68,68,70,70,70,67,70,61,56,61,58,48,58,18,Nascimentardo,70,70,1900000,22,1770,RM,Brazil,Midfield,Rotation 70-77,Midfield / Rotation 70-77
Heltinho Melo,Heltinho Melo Chaves,70,70,1700000,"CAM,RB",RM,Brazil,https://cdn.sofifa.net/players/230/266/23_60.png,26,174,68,1837,380,Club Athletico Paranaense,9000,3200000,SUB,2025,24,2022,-,Right,3,3,1,-,https://cdn.sofifa.net/flags/br.png,-,-,High,Low,78,54,71,74,48,55,76,58,50,68,68,75,73,74,64,71,80,77,76,65,80,46,74,67,51,41,46,58,74,76,71,72,30,58,49,10,8,7,9,7,65,70,68,68,68,70,70,70,69,70,65,61,65,63,55,63,17,Heltinho Melo,70,70,1700000,26,1837,RM,Brazil,Midfield,Rotation 70-77,Midfield / Rotation 70-77
M. Quiroga,Mauro Quiroga,70,70,1300000,ST,ST,Argentina,https://cdn.sofifa.net/players/200/826/23_60.png,32,190,82,1718,362,CS Emelec,600,2800000,SUB,2022,18,2022,-,Left,2,3,1,-,https://cdn.sofifa.net/flags/ar.png,-,-,High,Low,67,68,51,66,29,81,30,68,79,62,66,63,52,65,58,71,69,65,63,69,54,70,81,71,90,66,70,26,72,45,75,72,32,15,17,10,15,13,9,7,70,62,66,66,66,62,65,64,60,64,48,51,48,46,49,46,19,M. Quiroga,70,70,1300000,32,1718,ST,Argentina,Forward,Rotation 70-77,Forward / Rotation 70-77
T. Harwood-Bellis,Taylor Harwood-Bellis,70,82,3600000,CB,CB,England,https://cdn.sofifa.net/players/252/793/23_60.png,20,188,73,1655,358,Burnley,33000,0,CB,2023,5,2019,TRUE,Right,3,2,1,-,https://cdn.sofifa.net/flags/gb-eng.png,-,-,High,Medium,66,36,57,59,70,70,41,29,72,71,33,54,44,34,70,64,63,68,58,65,61,59,77,70,71,28,64,70,36,49,43,62,71,70,69,9,5,10,13,14,55,53,53,53,53,53,57,58,63,58,67,70,67,68,72,68,18,T. Harwood-Bellis,70,82,3600000,20,1655,CB,England,Defender,Rotation 70-77,Defender / Rotation 70-77
J. Dátolo,Jesús Dátolo,70,70,525000,"CAM,CM",CAM,Argentina,https://cdn.sofifa.net/players/142/966/23_60.png,38,179,77,1796,366,Club Atlético Banfield,7000,761000,CAM,2022,10,2017,-,Left,3,4,1,-,https://cdn.sofifa.net/flags/ar.png,-,-,High,Low,52,71,73,68,47,55,63,70,47,74,67,68,80,76,71,71,52,52,63,70,61,76,44,54,61,72,44,55,67,78,72,73,49,43,40,10,8,11,14,13,68,67,69,69,69,67,70,69,70,69,59,62,59,57,54,57,20,J. Dátolo,70,70,525000,38,1796,CAM,Argentina,Midfield,Rotation 70-77,Midfield / Rotation 70-77
M. Udol,Matthieu Udol,70,73,1900000,"LWB,LB,CB",CB,France,https://cdn.sofifa.net/players/229/236/23_60.png,26,178,68,1786,385,FC Metz,5000,3600000,LB,2024,3,2015,-,Left,3,2,1,-,https://cdn.sofifa.net/flags/fr.png,-,-,High,Medium,71,42,62,69,69,72,66,42,71,68,35,68,47,50,61,70,71,71,72,65,76,44,70,69,71,36,78,66,54,53,45,65,67,71,71,13,12,12,8,13,60,62,60,60,60,62,63,66,65,66,70,70,70,71,72,71,19,M. Udol,70,73,1900000,26,1786,CB,France,Defender,Rotation 70-77,Defender / Rotation 70-77
Lourival Rodeiro,Lourival Adnan Rodeiro Reis,70,70,1500000,CM,CM,Brazil,https://cdn.sofifa.net/players/236/147/23_60.png,30,181,73,1791,381,São Paulo,19000,2900000,CM,2025,7,2022,-,Right,3,2,1,-,https://cdn.sofifa.net/flags/br.png,-,-,Medium,Medium,69,58,62,69,64,59,32,59,55,78,35,67,46,35,73,71,71,68,74,68,70,52,84,64,54,71,58,61,68,66,40,62,69,65,62,15,15,15,15,15,65,65,67,67,67,65,70,67,70,67,65,69,65,65,66,65,23,Lourival Rodeiro,70,70,1500000,30,1791,CM,Brazil,Midfield,Rotation 70-77,Midfield / Rotation 70-77
Garrido,Jon Ander Garrido Moracia,70,70,1100000,CDM,CDM,Spain,https://cdn.sofifa.net/players/233/075/23_60.png,32,185,80,1613,347,Cádiz CF,14000,2300000,RES,2023,25,2016,-,Right,3,2,1,-,https://cdn.sofifa.net/flags/es.png,-,-,Medium,High,33,48,56,52,70,88,41,42,59,64,34,50,41,49,62,60,32,34,34,62,41,68,47,88,92,45,87,71,50,57,38,63,70,72,68,15,8,11,8,13,56,49,53,53,53,49,56,55,63,55,64,70,64,64,70,64,19,Garrido,70,70,1100000,32,1613,CDM,Spain,Midfield,Rotation 70-77,Midfield / Rotation 70-77
C. Villalba,Carlos Villalba,70,76,2300000,"CDM,CM",CDM,Argentina,https://cdn.sofifa.net/players/247/400/23_60.png,23,175,71,1783,386,Platense,7000,0,CM,2023,5,2018,TRUE,Right,3,2,1,-,https://cdn.sofifa.net/flags/ar.png,-,-,Medium,High,66,51,60,68,70,71,45,42,67,71,46,69,45,47,65,68,65,67,65,70,74,64,54,77,73,55,65,71,60,60,50,65,70,72,64,8,9,12,7,6,63,62,63,63,63,62,66,66,69,66,69,71,69,69,71,69,17,C. Villalba,70,76,2300000,23,1783,CDM,Argentina,Midfield,Rotation 70-77,Midfield / Rotation 70-77
L. Carole,Lionel Carole,70,70,1200000,"LB,LWB",LB,France,https://cdn.sofifa.net/players/201/041/23_60.png,31,182,78,1803,388,Yukatel Kayserispor,10000,2400000,LB,2023,21,2021,-,Left,2,2,1,-,https://cdn.sofifa.net/flags/fr.png,-,-,Medium,High,73,42,63,67,69,74,65,33,63,66,35,68,55,34,64,67,72,73,71,60,64,53,81,72,77,44,68,68,67,63,49,59,70,71,70,9,14,12,12,13,60,63,61,61,61,63,65,67,66,67,70,70,70,70,70,70,19,L. Carole,70,70,1200000,31,1803,LB,France,Defender,Rotation 70-77,Defender / Rotation 70-77
D. Congré,Daniel Congré,70,70,275000,CB,CB,France,https://cdn.sofifa.net/players/163/665/23_60.png,37,186,82,1580,332,Dijon FCO,3000,481000,CB,2023,3,2021,-,Right,3,2,2,-,https://cdn.sofifa.net/flags/fr.png,-,-,Medium,High,34,31,59,62,71,75,62,25,70,67,26,61,39,23,65,65,33,35,57,66,62,47,76,65,80,26,73,71,51,53,24,66,73,70,67,11,10,9,11,7,53,53,52,52,52,53,57,58,63,58,66,70,66,66,70,66,18,D. Congré,70,70,275000,37,1580,CB,France,Defender,Rotation 70-77,Defender / Rotation 70-77
Jailson Oliva,Jailson Pietro Oliva Chiamulera,70,70,1400000,RB,RB,Brazil,https://cdn.sofifa.net/players/236/113/23_60.png,30,171,65,1741,370,Clube Atlético Mineiro,17000,2500000,SUB,2025,3,2022,-,Right,3,3,1,-,https://cdn.sofifa.net/flags/br.png,-,-,Medium,Medium,81,38,58,69,67,57,64,33,50,62,36,68,53,43,56,64,84,78,85,66,87,54,74,77,44,34,62,72,41,50,42,62,65,70,66,12,13,9,11,16,54,60,57,57,57,60,60,64,62,64,70,66,70,70,65,70,21,Jailson Oliva,70,70,1400000,30,1741,RB,Brazil,Defender,Rotation 70-77,Defender / Rotation 70-77
Sergio Gónzalez,Sergio Gónzalez Martínez,70,76,2200000,"CB,CDM",CB,Spain,https://cdn.sofifa.net/players/246/097/23_60.png,25,184,70,1688,369,CD Tenerife,6000,4000000,SUB,2024,5,2021,-,Right,3,2,1,-,https://cdn.sofifa.net/flags/es.png,-,-,Medium,Medium,64,43,58,59,69,76,42,40,70,72,36,51,28,36,61,68,57,70,57,67,60,56,75,85,74,34,68,66,47,62,47,63,66,73,70,10,12,14,8,6,58,56,57,57,57,56,61,61,66,61,68,71,68,69,72,69,18,Sergio Gónzalez,70,76,2200000,25,1688,CB,Spain,Defender,Rotation 70-77,Defender / Rotation 70-77
L. Palacios,Lautaro Palacios,70,71,1900000,ST,ST,Argentina,https://cdn.sofifa.net/players/259/409/23_60.png,27,179,82,1580,340,Al Adalah,13000,3300000,ST,2024,9,2021,-,Right,3,2,1,-,https://cdn.sofifa.net/flags/ar.png,-,-,High,Medium,58,70,49,66,23,74,26,73,71,63,54,67,29,61,38,70,55,61,53,68,56,72,75,70,82,63,60,16,73,56,69,65,20,17,19,11,9,6,7,10,71,62,67,67,67,62,66,62,59,62,45,46,45,43,44,43,18,L. Palacios,70,71,1900000,27,1580,ST,Argentina,Forward,Rotation 70-77,Forward / Rotation 70-77
A. Soto,Alexis Soto,70,70,1400000,"LB,CB",LB,Argentina,https://cdn.sofifa.net/players/231/507/23_60.png,28,177,73,1815,392,Defensa y Justicia,10000,0,LB,2022,13,2017,TRUE,Left,2,3,1,-,https://cdn.sofifa.net/flags/ar.png,-,-,Medium,Medium,78,46,62,71,63,72,68,43,52,66,39,72,79,57,46,70,76,80,77,64,77,56,75,81,68,42,72,63,49,57,47,58,63,67,65,12,5,6,7,14,60,64,61,61,61,64,64,67,63,67,70,67,70,70,67,70,17,A. Soto,70,70,1400000,28,1815,LB,Argentina,Defender,Rotation 70-77,Defender / Rotation 70-77
T. Deeney,Troy Deeney,70,70,775000,ST,ST,England,https://cdn.sofifa.net/players/183/125/23_60.png,34,183,90,1806,359,Birmingham City,20000,1500000,ST,2023,8,2021,-,Right,3,2,2,-,https://cdn.sofifa.net/flags/gb-eng.png,-,-,High,Medium,46,71,64,65,37,76,56,66,79,65,74,62,68,53,61,69,44,48,57,77,65,80,83,43,89,67,83,31,73,74,82,76,38,30,25,10,11,16,12,15,70,64,67,67,67,64,68,65,65,65,50,55,50,48,55,48,21,T. Deeney,70,70,775000,34,1806,ST,England,Forward,Rotation 70-77,Forward / Rotation 70-77
S. García,Santiago García,70,70,750000,"CB,LB",CB,Argentina,https://cdn.sofifa.net/players/200/278/23_60.png,33,191,88,1765,377,Unión La Calera,3000,1000000,CB,2022,2,2020,-,Left,3,2,1,-,https://cdn.sofifa.net/flags/ar.png,-,-,Medium,Medium,63,50,61,60,70,73,67,47,72,63,40,57,64,46,59,65,65,62,56,71,34,59,68,64,77,48,75,69,58,55,59,70,69,71,66,16,12,16,6,9,62,60,60,60,60,60,61,63,63,63,68,69,68,69,70,69,20,S. García,70,70,750000,33,1765,CB,Argentina,Defender,Rotation 70-77,Defender / Rotation 70-77
Jean Mota,Jean Mota Oliveira de Sousa,70,70,1600000,"CM,CDM",CAM,Brazil,https://cdn.sofifa.net/players/209/238/23_60.png,28,172,75,1875,397,Inter Miami CF,5000,2300000,CDM,2024,7,2022,-,Left,3,3,1,-,https://cdn.sofifa.net/flags/br.png,-,-,Medium,Medium,72,64,72,72,58,59,67,62,51,78,55,71,72,61,70,77,69,74,68,64,74,65,56,70,58,66,50,61,65,70,71,63,56,60,59,15,9,10,7,14,67,70,69,69,69,70,70,70,70,70,69,68,69,67,62,67,19,Jean Mota,70,70,1600000,28,1875,CAM,Brazil,Midfield,Rotation 70-77,Midfield / Rotation 70-77
Paulolettinho,Paulo Bernard Alves Coelho,70,70,1700000,"CAM,RM,RW",RM,Brazil,https://cdn.sofifa.net/players/230/486/23_60.png,26,181,80,1724,375,Fortaleza,8000,3200000,SUB,2025,21,2022,-,Right,3,3,1,-,https://cdn.sofifa.net/flags/br.png,-,-,High,Medium,79,59,70,72,32,63,74,61,44,72,62,75,63,64,66,71,79,79,71,66,60,61,70,62,75,55,31,45,66,71,45,72,26,26,27,12,12,11,12,10,67,70,69,69,69,70,70,70,67,70,58,55,58,54,46,54,19,Paulolettinho,70,70,1700000,26,1724,RM,Brazil,Midfield,Rotation 70-77,Midfield / Rotation 70-77
C. Corvalán,Claudio Corvalán,70,70,825000,"LB,CB,LWB",LB,Argentina,https://cdn.sofifa.net/players/211/272/23_60.png,33,179,78,1824,385,Unión de Santa Fe,7000,1200000,CB,2022,3,2018,-,Left,3,2,1,-,https://cdn.sofifa.net/flags/ar.png,-,-,Medium,Medium,65,49,62,63,68,78,64,35,58,68,49,62,52,42,63,64,62,68,64,72,73,73,72,72,79,52,82,75,57,56,53,54,63,70,71,7,12,9,14,11,61,60,60,60,60,60,63,64,66,64,70,70,70,70,70,70,20,C. Corvalán,70,70,825000,33,1824,LB,Argentina,Defender,Rotation 70-77,Defender / Rotation 70-77
Sávio,Sávio Moreira de Oliveira,70,86,4000000,RW,CAM,Brazil,https://cdn.sofifa.net/players/270/409/23_60.png,18,176,71,1641,344,PSV,5000,0,SUB,2023,33,2022,TRUE,Left,3,4,1,-,https://cdn.sofifa.net/flags/br.png,-,-,Medium,Medium,67,63,70,72,30,42,73,66,45,74,58,76,64,55,60,75,68,67,66,53,75,57,55,40,40,61,45,25,65,74,62,50,26,30,36,9,12,8,9,12,64,70,68,68,68,70,72,70,65,70,53,50,53,50,42,50,17,Sávio,70,86,4000000,18,1641,CAM,Brazil,Midfield,Rotation 70-77,Midfield / Rotation 70-77
J. Carranza,Julián Carranza,70,77,3300000,ST,ST,Argentina,https://cdn.sofifa.net/players/240/969/23_60.png,22,175,75,1774,379,Philadelphia Union,5000,5600000,ST,2023,9,2022,-,Right,4,3,1,-,https://cdn.sofifa.net/flags/ar.png,-,-,High,High,69,69,60,69,41,71,56,71,63,70,56,69,48,44,55,72,67,71,68,71,64,70,65,75,67,66,75,42,76,58,72,61,42,37,30,10,9,12,10,13,72,68,70,70,70,68,70,70,66,70,59,58,59,56,54,56,19,J. Carranza,70,77,3300000,22,1774,ST,Argentina,Forward,Rotation 70-77,Forward / Rotation 70-77
J. Bay,Jonathan Bay,70,70,1400000,"LB,LWB",LB,Argentina,https://cdn.sofifa.net/players/251/212/23_60.png,29,177,76,1771,388,Club Atlético Central Córdoba,8000,2000000,LB,2022,12,2018,-,Left,3,3,1,-,https://cdn.sofifa.net/flags/ar.png,-,-,High,Medium,74,53,58,65,65,73,68,46,57,62,37,66,44,38,49,63,75,73,67,69,69,68,58,82,70,54,74,64,66,54,47,64,62,69,67,11,5,12,14,11,63,63,63,63,63,63,63,67,64,67,70,66,70,70,68,70,19,J. Bay,70,70,1400000,29,1771,LB,Argentina,Defender,Rotation 70-77,Defender / Rotation 70-77
Valery,Valery Fernández Estrada,70,78,3600000,"RM,LWB,LM",RM,Spain,https://cdn.sofifa.net/players/246/351/23_60.png,22,182,75,1853,408,Girona FC,12000,8600000,SUB,2023,11,2018,-,Right,3,3,1,-,https://cdn.sofifa.net/flags/es.png,-,-,High,Medium,87,61,63,70,62,65,65,63,45,64,55,70,62,50,58,67,87,87,79,67,75,65,55,73,65,55,55,65,65,64,55,67,63,65,63,7,12,13,9,10,67,69,67,67,67,69,69,71,67,71,70,66,70,69,64,69,18,Valery,70,78,3600000,22,1853,RM,Spain,Midfield,Rotation 70-77,Midfield / Rotation 70-77
A. Mühling,Alexander Mühling,70,70,1600000,CM,CM,Germany,https://cdn.sofifa.net/players/209/485/23_60.png,29,186,84,1906,406,Holstein Kiel,12000,2500000,CM,2023,8,2016,-,Right,4,3,1,-,https://cdn.sofifa.net/flags/de.png,-,-,Medium,Medium,65,70,71,72,57,71,67,69,46,74,54,72,65,63,70,73,63,66,71,66,69,72,52,84,72,70,58,58,64,72,85,70,59,58,57,9,12,15,14,7,68,69,69,69,69,69,70,70,70,70,68,68,68,66,62,66,19,A. Mühling,70,70,1600000,29,1906,CM,Germany,Midfield,Rotation 70-77,Midfield / Rotation 70-77
A. Ruiz,Alan Ruiz,70,70,1600000,"ST,CAM",CAM,Argentina,https://cdn.sofifa.net/players/213/582/23_60.png,28,183,78,1825,374,FC Arouca,6000,3300000,CAM,2022,10,2022,-,Left,2,4,2,-,https://cdn.sofifa.net/flags/ar.png,-,-,Medium,Low,54,72,74,74,34,66,74,70,61,76,69,75,75,75,73,77,53,55,70,62,69,78,51,63,72,74,59,30,71,72,69,76,29,33,31,7,7,16,13,16,70,70,70,70,70,70,70,70,70,70,56,57,56,52,49,52,19,A. Ruiz,70,70,1600000,28,1825,CAM,Argentina,Midfield,Rotation 70-77,Midfield / Rotation 70-77
J. Benet,Jessy Benet,70,71,1800000,"CM,CAM,LW",CM,France,https://cdn.sofifa.net/players/224/590/23_60.png,27,186,75,1922,400,Amiens SC,5000,3300000,CM,2024,21,2021,-,Left,3,3,1,-,https://cdn.sofifa.net/flags/fr.png,-,-,High,Medium,60,64,71,69,59,77,70,59,60,72,54,65,68,70,70,75,54,64,71,68,69,72,66,88,78,67,63,58,66,71,70,64,58,62,53,9,12,11,14,15,68,67,67,67,67,67,70,70,71,70,68,69,68,66,65,66,21,J. Benet,70,71,1800000,27,1922,CM,France,Midfield,Rotation 70-77,Midfield / Rotation 70-77
Rubén Sánchez,Rubén Sánchez Sáez,70,83,3800000,"RB,RM",RB,Spain,https://cdn.sofifa.net/players/262/479/23_60.png,21,185,73,1851,403,RCD Espanyol de Barcelona,7000,10400000,SUB,2025,27,2021,-,Right,3,3,1,-,https://cdn.sofifa.net/flags/es.png,-,-,High,High,85,56,62,68,61,71,64,55,61,65,48,65,57,43,62,67,86,85,83,68,68,65,65,85,66,55,65,63,60,60,45,64,59,62,61,14,13,15,8,13,66,66,65,65,65,66,67,70,67,70,70,67,70,70,65,70,20,Rubén Sánchez,70,83,3800000,21,1851,RB,Spain,Defender,Rotation 70-77,Defender / Rotation 70-77
Vinicius Trieiro,Vinicius Lúcio Trieiro Lobato,70,70,1400000,RB,RB,Brazil,https://cdn.sofifa.net/players/236/111/23_60.png,30,177,73,1791,380,América Futebol Clube,9000,2700000,SUB,2025,8,2022,-,Right,3,3,1,-,https://cdn.sofifa.net/flags/br.png,-,-,Medium,Medium,71,44,63,68,66,68,66,36,57,67,35,66,57,49,63,68,70,71,68,72,72,56,60,75,64,48,71,68,59,60,46,73,66,66,69,12,12,15,13,14,60,63,61,61,61,63,65,67,67,67,70,69,70,70,68,70,21,Vinicius Trieiro,70,70,1400000,30,1791,RB,Brazil,Defender,Rotation 70-77,Defender / Rotation 70-77
Fran Sol,Francisco Sol Ortiz,70,70,1600000,ST,ST,Spain,https://cdn.sofifa.net/players/210/441/23_60.png,30,181,77,1757,364,Málaga CF,650,0,ST,2023,9,2019,TRUE,Right,3,3,1,-,https://cdn.sofifa.net/flags/es.png,-,-,Medium,Low,68,71,55,66,33,71,37,69,73,63,69,63,61,62,49,69,67,68,70,71,65,76,90,71,78,70,51,28,73,62,72,69,37,25,19,10,6,9,13,11,70,65,68,68,68,65,68,65,62,65,50,51,50,49,49,49,19,Fran Sol,70,70,1600000,30,1757,ST,Spain,Forward,Rotation 70-77,Forward / Rotation 70-77
M. Pack,Marlon Pack,70,70,1100000,"CDM,CM,CB",CDM,England,https://cdn.sofifa.net/players/196/916/23_60.png,31,188,76,1881,388,Portsmouth,7000,1900000,CM,2024,7,2022,-,Right,3,3,1,-,https://cdn.sofifa.net/flags/gb-eng.png,-,-,Medium,High,50,60,69,66,67,76,67,52,72,71,54,65,64,67,71,70,48,51,63,68,59,73,68,79,76,64,74,65,59,67,64,71,67,66,64,10,8,11,15,9,65,63,63,63,63,63,67,67,70,67,68,70,68,68,70,68,19,M. Pack,70,70,1100000,31,1881,CDM,England,Midfield,Rotation 70-77,Midfield / Rotation 70-77
Y. Rahmani,Yanis Rahmani,70,70,1700000,LM,LW,France,https://cdn.sofifa.net/players/229/428/23_60.png,27,179,73,1726,373,SD Eibar,6000,2700000,SUB,2025,11,2021,-,Left,3,3,1,-,https://cdn.sofifa.net/flags/fr.png,-,-,High,Low,80,69,63,75,31,55,64,69,50,65,50,75,63,62,61,73,82,79,85,72,73,75,34,57,59,68,50,24,67,59,61,65,27,31,36,15,8,9,9,14,70,70,70,70,70,70,70,70,64,70,56,51,56,53,45,53,20,Y. Rahmani,70,70,1700000,27,1726,LW,France,Forward,Rotation 70-77,Forward / Rotation 70-77
Pedrão,Pedro Henrique de Oliveira Correia,70,76,2200000,CB,CB,Brazil,https://cdn.sofifa.net/players/258/356/23_60.png,25,194,87,1472,320,Portimonense SC,5000,5100000,CB,2027,44,2021,-,Right,2,2,1,-,https://cdn.sofifa.net/flags/br.png,-,-,Medium,High,54,30,44,46,70,76,29,22,66,62,33,41,26,31,52,51,53,55,41,68,43,52,66,66,81,22,79,72,28,30,40,55,73,70,65,15,10,11,8,11,48,42,44,44,44,42,46,48,53,48,61,66,61,64,72,64,19,Pedrão,70,76,2200000,25,1472,CB,Brazil,Defender,Rotation 70-77,Defender / Rotation 70-77
L. Maina,Linton Maina,70,78,3500000,"LM,RM,ST",RM,Germany,https://cdn.sofifa.net/players/242/997/23_60.png,23,173,70,1636,357,1. FC Köln,13000,7000000,RM,2022,37,2022,-,Right,4,3,1,-,https://cdn.sofifa.net/flags/de.png,-,-,Medium,Medium,91,58,61,73,25,49,64,65,44,63,55,72,63,43,57,70,89,92,85,65,88,57,55,67,44,49,38,19,57,62,47,63,26,23,22,14,12,14,7,8,65,69,66,66,66,69,68,71,61,71,54,47,54,50,38,50,18,L. Maina,70,78,3500000,23,1636,RM,Germany,Midfield,Rotation 70-77,Midfield / Rotation 70-77
Guruzeta,Gorka Guruzeta Rodríguez,70,72,2000000,ST,ST,Spain,https://cdn.sofifa.net/players/231/184/23_60.png,25,188,77,1703,363,Athletic Club de Bilbao,14000,4400000,RES,2024,12,2022,-,Right,4,3,1,-,https://cdn.sofifa.net/flags/es.png,-,-,Medium,Medium,68,69,63,70,26,67,55,73,72,70,59,72,58,44,62,71,71,66,72,64,65,67,71,63,75,64,49,20,68,66,71,54,26,17,20,12,14,11,10,5,72,68,69,69,69,68,71,69,64,69,50,50,50,47,44,47,18,Guruzeta,70,72,2000000,25,1703,ST,Spain,Forward,Rotation 70-77,Forward / Rotation 70-77
N. Breitenbruch,Néstor Breitenbruch,70,73,1800000,"CB,RB",CB,Argentina,https://cdn.sofifa.net/players/224/049/23_60.png,26,178,76,1779,387,Godoy Cruz,6000,2800000,SUB,2023,25,2021,-,Right,3,2,1,-,https://cdn.sofifa.net/flags/ar.png,-,-,High,High,77,40,60,65,68,77,67,35,70,66,35,64,49,33,55,66,74,80,70,66,71,52,81,82,76,37,70,68,59,55,43,59,66,71,66,15,12,7,10,8,60,62,60,60,60,62,62,66,64,66,71,69,71,72,72,72,19,N. Breitenbruch,70,73,1800000,26,1779,CB,Argentina,Defender,Rotation 70-77,Defender / Rotation 70-77
E. Kalinski,Enzo Kalinski,70,70,450000,"CDM,CM",CDM,Argentina,https://cdn.sofifa.net/players/215/089/23_60.png,35,184,82,1840,385,Club Atlético Central Córdoba,5000,653000,SUB,2023,50,2022,-,Right,4,3,1,-,https://cdn.sofifa.net/flags/ar.png,-,-,Medium,Medium,59,50,67,67,68,74,58,43,69,70,48,68,68,65,68,70,66,54,60,65,59,57,83,67,78,55,70,69,68,69,41,66,66,68,68,7,6,14,15,8,63,63,64,64,64,63,67,67,69,67,68,70,68,68,70,68,17,E. Kalinski,70,70,450000,35,1840,CDM,Argentina,Midfield,Rotation 70-77,Midfield / Rotation 70-77
Ríos Reina,José Antonio Ríos Reina,70,70,1100000,LB,LB,Spain,https://cdn.sofifa.net/players/189/482/23_60.png,32,180,78,1954,413,SD Eibar,6000,1800000,LB,2024,16,2022,-,Left,3,2,1,-,https://cdn.sofifa.net/flags/es.png,-,-,Medium,Medium,77,60,69,67,62,78,73,50,54,66,38,69,80,73,65,67,76,77,70,63,61,76,88,84,78,66,69,66,66,69,68,62,63,60,68,13,10,8,14,6,66,67,66,66,66,67,68,70,69,70,70,69,70,70,68,70,18,Ríos Reina,70,70,1100000,32,1954,LB,Spain,Defender,Rotation 70-77,Defender / Rotation 70-77
Ansel Barni,Anselmo Túlio Marques Barni,70,70,1700000,"CDM,CM,RM",CDM,Brazil,https://cdn.sofifa.net/players/230/443/23_60.png,22,184,82,1797,386,Fortaleza,6000,3200000,CM,2025,19,2022,-,Right,3,2,1,-,https://cdn.sofifa.net/flags/br.png,-,-,Medium,Medium,63,54,65,62,70,72,55,51,69,71,46,64,44,42,72,61,64,62,53,73,57,55,68,72,79,53,55,72,58,71,75,67,72,66,71,11,9,7,7,12,63,62,62,62,62,62,66,66,69,66,69,70,69,70,70,70,19,Ansel Barni,70,70,1700000,22,1797,CDM,Brazil,Midfield,Rotation 70-77,Midfield / Rotation 70-77
A. Bernede,Antoine Bernede,70,76,2300000,"CDM,CM",CAM,France,https://cdn.sofifa.net/players/234/795/23_60.png,23,177,74,1833,390,FC Red Bull Salzburg,12000,3900000,SUB,2023,10,2019,-,Right,4,3,1,-,https://cdn.sofifa.net/flags/fr.png,-,-,Medium,Medium,66,59,65,72,66,62,51,55,47,70,52,72,59,58,69,73,63,68,74,70,73,66,33,70,60,62,66,66,67,70,59,68,67,71,66,9,15,11,6,15,65,66,67,67,67,66,71,69,71,69,69,71,69,68,66,68,20,A. Bernede,70,76,2300000,23,1833,CAM,France,Midfield,Rotation 70-77,Midfield / Rotation 70-77
M. Chouiar,Mounir Chouiar,70,73,2200000,"LM,CAM",CAM,France,https://cdn.sofifa.net/players/235/563/23_60.png,23,177,75,1787,382,İstanbul Başakşehir FK,17000,4600000,LM,2025,11,2022,-,Right,3,4,1,-,https://cdn.sofifa.net/flags/fr.png,-,-,High,Medium,74,65,69,74,35,65,66,65,59,71,63,76,70,72,67,70,75,74,81,60,76,69,60,73,68,65,48,24,60,71,61,69,30,39,38,6,5,11,6,8,68,69,68,68,68,69,71,71,67,71,57,55,57,55,48,55,14,M. Chouiar,70,73,2200000,23,1787,CAM,France,Midfield,Rotation 70-77,Midfield / Rotation 70-77
P. Ziereis,Philipp Ziereis,70,70,1300000,CB,CB,Germany,https://cdn.sofifa.net/players/209/196/23_60.png,29,189,82,1571,351,LASK Linz,14000,2000000,CB,2025,5,2022,-,Right,3,2,1,-,https://cdn.sofifa.net/flags/de.png,-,-,Medium,High,74,24,57,57,70,69,57,18,72,66,24,54,36,28,60,56,71,76,57,68,58,40,75,54,75,19,73,66,26,50,33,68,68,74,69,11,10,9,10,8,49,51,49,49,49,51,54,57,58,57,67,67,67,68,70,68,18,P. Ziereis,70,70,1300000,29,1571,CB,Germany,Defender,Rotation 70-77,Defender / Rotation 70-77
Edardynho Neto,Eduardo Estevão Neto Heck,70,70,1800000,ST,ST,Brazil,https://cdn.sofifa.net/players/230/444/23_60.png,26,173,70,1619,354,Cuiabá,11000,3400000,ST,2025,17,2022,-,Right,4,3,1,-,https://cdn.sofifa.net/flags/br.png,-,-,Medium,Medium,79,73,50,72,23,57,47,73,67,58,59,78,60,37,44,70,81,77,72,64,65,78,60,57,66,74,32,20,64,42,67,50,19,16,21,9,8,9,11,14,70,67,68,68,68,67,66,66,57,66,48,43,48,46,40,46,18,Edardynho Neto,70,70,1800000,26,1619,ST,Brazil,Forward,Rotation 70-77,Forward / Rotation 70-77
T. Kane,Todd Kane,70,70,1400000,"RWB,RB",RWB,England,https://cdn.sofifa.net/players/204/847/23_60.png,28,180,70,1819,385,Coventry City,12000,2700000,SUB,2023,20,2021,-,Right,2,3,1,-,https://cdn.sofifa.net/flags/gb-eng.png,-,-,High,Medium,74,51,64,65,64,67,71,44,54,64,35,64,68,57,60,65,76,73,71,65,69,64,63,74,63,54,68,64,64,63,50,64,64,66,68,9,13,16,14,6,62,64,62,62,62,64,65,67,65,67,70,67,70,69,66,69,19,T. Kane,70,70,1400000,28,1819,RWB,England,Defender,Rotation 70-77,Defender / Rotation 70-77
G. Castellani,Gonzalo Castellani,70,70,750000,"CAM,CM,CDM",CAM,Argentina,https://cdn.sofifa.net/players/198/426/23_60.png,34,183,75,1908,404,Unión La Calera,3000,1000000,CAM,2022,10,2020,-,Right,3,4,1,-,https://cdn.sofifa.net/flags/ar.png,-,-,Medium,Medium,64,65,73,71,56,75,67,59,68,76,57,72,75,72,73,73,64,64,65,65,55,78,58,66,80,65,80,62,64,75,72,74,59,51,36,12,13,7,14,11,70,68,69,69,69,68,70,70,70,70,64,68,64,62,64,62,20,G. Castellani,70,70,750000,34,1908,CAM,Argentina,Midfield,Rotation 70-77,Midfield / Rotation 70-77
Coke,Jorge Andújar Moreno,70,70,500000,"RB,CB",CB,Spain,https://cdn.sofifa.net/players/172/316/23_60.png,35,177,74,1905,388,UD Ibiza,3000,775000,SUB,2023,23,2022,-,Right,4,3,2,-,https://cdn.sofifa.net/flags/es.png,-,-,High,Medium,53,66,67,67,72,63,75,66,83,72,56,65,70,46,63,73,56,51,64,65,61,74,80,53,61,60,75,73,69,60,71,66,74,68,67,10,9,13,6,16,70,66,67,67,67,66,68,68,68,68,69,70,69,70,70,70,18,Coke,70,70,500000,35,1905,CB,Spain,Defender,Rotation 70-77,Defender / Rotation 70-77
Andrés Martín,Andrés Martín García,70,79,3600000,"ST,RM,CAM",ST,Spain,https://cdn.sofifa.net/players/246/044/23_60.png,22,170,66,1752,376,Rayo Vallecano,11000,8300000,SUB,2024,12,2019,-,Left,5,3,1,-,https://cdn.sofifa.net/flags/es.png,-,-,Medium,Medium,79,70,65,70,27,65,65,72,63,72,68,69,55,49,66,70,79,79,76,68,81,69,63,69,68,68,52,23,70,58,61,62,21,25,22,13,10,8,12,8,72,70,70,70,70,70,71,72,65,72,54,51,54,51,44,51,19,Andrés Martín,70,79,3600000,22,1752,ST,Spain,Forward,Rotation 70-77,Forward / Rotation 70-77
Vadillo,Álvaro Vadillo Cifuentes,70,70,1700000,"LM,RM,ST",LM,Spain,https://cdn.sofifa.net/players/204/830/23_60.png,27,180,69,1772,376,SD Eibar,10000,0,SUB,2023,21,2021,TRUE,Right,3,4,1,-,https://cdn.sofifa.net/flags/es.png,-,-,Medium,Low,83,67,66,72,34,54,69,66,53,65,50,72,67,71,60,70,84,83,83,66,72,73,70,61,49,66,55,39,66,66,67,66,35,26,25,6,7,13,10,7,69,70,69,69,69,70,70,70,64,70,57,53,57,54,46,54,16,Vadillo,70,70,1700000,27,1772,LM,Spain,Midfield,Rotation 70-77,Midfield / Rotation 70-77
Rafael Martins,Clecildo Rafael Martins Ladislau,70,70,1000000,ST,ST,Brazil,https://cdn.sofifa.net/players/200/984/23_60.png,33,177,73,1755,364,Casa Pia,4000,2100000,ST,2024,11,2022,-,Right,4,3,1,-,https://cdn.sofifa.net/flags/br.png,-,-,Medium,Medium,71,73,58,68,27,67,59,70,66,63,73,66,62,63,45,70,70,71,69,68,74,85,73,52,71,68,74,20,70,58,71,68,22,27,15,10,14,15,10,11,70,67,68,68,68,67,67,66,60,66,49,48,49,47,46,47,20,Rafael Martins,70,70,1000000,33,1755,ST,Brazil,Forward,Rotation 70-77,Forward / Rotation 70-77
R. Bauer,Robert Bauer,70,71,1600000,"CB,RB,CDM",CB,Germany,https://cdn.sofifa.net/players/223/765/23_60.png,27,183,78,1815,391,Sint-Truidense VV,8000,2400000,SUB,2023,20,2021,-,Right,2,2,1,-,https://cdn.sofifa.net/flags/de.png,-,-,Medium,Medium,71,51,61,64,69,75,65,40,66,63,50,62,48,47,65,66,69,72,63,69,65,68,67,71,75,59,81,69,50,58,44,70,68,70,67,11,7,14,11,15,62,61,60,60,60,61,63,65,65,65,70,70,70,70,71,70,20,R. Bauer,70,71,1600000,27,1815,CB,Germany,Defender,Rotation 70-77,Defender / Rotation 70-77
F. Platte,Felix Platte,70,73,2100000,ST,ST,Germany,https://cdn.sofifa.net/players/227/604/23_60.png,26,190,86,1659,361,SC Paderborn 07,13000,3500000,ST,2025,36,2021,-,Right,3,3,1,-,https://cdn.sofifa.net/flags/de.png,-,-,Medium,Medium,78,67,54,63,25,74,38,70,70,63,68,62,61,38,50,67,66,87,56,67,58,71,69,61,86,60,63,22,71,57,55,63,18,21,17,11,13,14,14,15,72,64,67,67,67,64,66,65,60,65,47,48,47,46,46,46,21,F. Platte,70,73,2100000,26,1659,ST,Germany,Forward,Rotation 70-77,Forward / Rotation 70-77
M. Vera,Matías Vera,70,72,1800000,"CDM,CM",CDM,Argentina,https://cdn.sofifa.net/players/228/375/23_60.png,26,173,69,1788,373,Houston Dynamo,5000,2700000,SUB,2023,22,2019,-,Right,3,2,1,-,https://cdn.sofifa.net/flags/ar.png,-,-,Low,High,67,45,65,63,66,67,55,33,56,72,45,55,48,62,73,66,66,68,73,70,79,62,59,81,59,55,70,66,51,64,48,69,66,72,62,8,13,10,14,7,58,59,59,59,59,59,64,64,68,64,69,71,69,69,68,69,19,M. Vera,70,72,1800000,26,1788,CDM,Argentina,Midfield,Rotation 70-77,Midfield / Rotation 70-77
M. Godden,Matt Godden,70,70,1600000,ST,ST,England,https://cdn.sofifa.net/players/187/157/23_60.png,30,180,74,1743,352,Coventry City,14000,3000000,ST,2024,24,2019,-,Right,3,2,1,-,https://cdn.sofifa.net/flags/gb-eng.png,-,-,High,Medium,58,72,55,67,32,68,42,74,72,62,71,63,58,59,47,69,61,56,67,73,77,72,82,70,68,65,61,37,76,58,74,70,24,26,21,9,10,15,15,9,70,64,67,67,67,64,67,65,62,65,50,51,50,48,48,48,20,M. Godden,70,70,1600000,30,1743,ST,England,Forward,Rotation 70-77,Forward / Rotation 70-77
F. Feuillassier,Francisco Feuillassier,70,75,2400000,"LM,RM",LM,Argentina,https://cdn.sofifa.net/players/241/467/23_60.png,24,172,68,1659,364,FC Cartagena,6000,0,LM,2023,14,2021,TRUE,Right,4,3,1,-,https://cdn.sofifa.net/flags/ar.png,-,-,Medium,Medium,75,65,65,71,29,59,69,65,49,68,55,72,48,46,60,68,76,75,75,63,81,67,45,63,63,68,45,22,74,67,50,62,35,23,20,7,13,9,13,5,68,70,69,69,69,70,71,71,64,71,53,50,53,50,42,50,17,F. Feuillassier,70,75,2400000,24,1659,LM,Argentina,Midfield,Rotation 70-77,Midfield / Rotation 70-77
A. Bouzat,Agustín Bouzat,70,70,1600000,"RW,LW",LM,Argentina,https://cdn.sofifa.net/players/232/255/23_60.png,28,169,72,1888,401,Colo-Colo,5000,2200000,LW,2024,10,2017,-,Left,3,3,1,-,https://cdn.sofifa.net/flags/ar.png,-,-,High,High,86,60,66,73,54,62,67,62,56,70,55,73,59,45,66,72,84,88,85,66,77,64,82,86,39,56,83,61,63,66,53,65,49,53,51,9,15,13,7,13,67,70,69,69,69,70,70,70,70,70,69,66,69,67,60,67,19,A. Bouzat,70,70,1600000,28,1888,LM,Argentina,Midfield,Rotation 70-77,Midfield / Rotation 70-77
M. Romero,Maximiliano Romero,70,78,3600000,ST,ST,Argentina,https://cdn.sofifa.net/players/227/903/23_60.png,23,179,72,1706,361,Racing Club,9000,0,SUB,2023,15,2018,TRUE,Right,5,3,1,-,https://cdn.sofifa.net/flags/ar.png,-,-,Medium,Medium,75,71,50,64,31,70,45,72,69,55,75,63,41,46,43,67,74,75,67,67,60,79,81,70,72,65,63,29,70,53,59,59,25,27,25,15,10,16,14,14,72,64,66,66,66,64,65,64,58,64,51,49,51,49,48,49,21,M. Romero,70,78,3600000,23,1706,ST,Argentina,Forward,Rotation 70-77,Forward / Rotation 70-77
Gálvez,Alejandro Gálvez Jimena,70,70,750000,CB,CB,Spain,https://cdn.sofifa.net/players/199/487/23_60.png,33,188,79,1679,341,UD Ibiza,5000,1200000,CB,2023,6,2021,-,Right,3,2,2,-,https://cdn.sofifa.net/flags/es.png,-,-,Medium,Medium,32,44,60,57,69,79,39,29,69,70,41,54,59,75,73,64,31,32,44,61,53,68,60,74,82,56,82,72,47,50,44,65,65,72,67,8,12,11,6,9,55,49,52,52,52,49,57,55,65,55,63,70,63,63,70,63,17,Gálvez,70,70,750000,33,1679,CB,Spain,Defender,Rotation 70-77,Defender / Rotation 70-77
K. Schade,Kevin Schade,70,83,3800000,RM,RW,Germany,https://cdn.sofifa.net/players/260/926/23_60.png,20,183,74,1674,367,Sport-Club Freiburg,11000,8800000,SUB,2026,20,2021,-,Right,3,3,1,-,https://cdn.sofifa.net/flags/de.png,-,-,High,Medium,94,63,57,72,25,56,66,67,67,63,60,72,44,35,38,70,93,94,84,65,78,63,89,56,58,54,41,23,68,61,57,60,17,21,19,13,11,8,9,10,70,71,69,69,69,71,69,71,59,71,53,45,53,50,42,50,19,K. Schade,70,83,3800000,20,1674,RW,Germany,Forward,Rotation 70-77,Forward / Rotation 70-77
N. Byrne,Nathan Byrne,70,70,1400000,RB,RB,England,https://cdn.sofifa.net/players/202/814/23_60.png,30,172,70,1811,398,Charlotte FC,5000,2000000,SUB,2024,14,2022,-,Right,3,3,1,-,https://cdn.sofifa.net/flags/gb-eng.png,-,-,High,Medium,83,50,63,71,64,67,70,48,56,66,45,71,64,34,62,70,84,82,74,63,80,54,68,80,62,50,64,60,62,58,42,60,64,68,66,8,8,7,10,11,63,67,64,64,64,67,67,70,67,70,70,67,70,70,66,70,17,N. Byrne,70,70,1400000,30,1811,RB,England,Defender,Rotation 70-77,Defender / Rotation 70-77
T. Molina,Tomás Molina,70,71,1900000,ST,ST,Argentina,https://cdn.sofifa.net/players/232/765/23_60.png,27,183,78,1670,364,LDU Quito,700,4200000,ST,2022,7,2022,-,Right,3,3,1,-,https://cdn.sofifa.net/flags/ar.png,-,-,High,Medium,81,69,56,67,24,67,39,71,66,65,66,66,40,60,55,67,81,81,71,66,67,65,70,71,80,68,28,17,71,61,70,60,25,16,15,12,14,11,7,8,71,66,68,68,68,66,69,67,62,67,48,47,48,46,41,46,18,T. Molina,70,71,1900000,27,1670,ST,Argentina,Forward,Rotation 70-77,Forward / Rotation 70-77
J. Fernández,Julián Fernández,70,72,1700000,"CDM,CM",CDM,Argentina,https://cdn.sofifa.net/players/219/452/23_60.png,27,174,78,1800,391,Newell's Old Boys,8000,2700000,CDM,2024,20,2019,-,Right,3,2,1,-,https://cdn.sofifa.net/flags/ar.png,-,-,Medium,High,67,54,61,66,68,75,51,52,64,71,36,64,41,43,62,69,65,68,67,65,63,60,72,84,71,56,73,67,60,62,52,68,71,68,65,10,15,12,9,12,64,63,63,63,63,63,66,66,68,66,69,71,69,69,70,69,19,J. Fernández,70,72,1700000,27,1800,CDM,Argentina,Midfield,Rotation 70-77,Midfield / Rotation 70-77
D. Blum,Danny Blum,70,70,1300000,"RW,LW",RW,Germany,https://cdn.sofifa.net/players/208/700/23_60.png,31,183,83,1787,379,APOEL Nicosia FC,800,2900000,LW,2024,17,2022,-,Left,3,3,1,-,https://cdn.sofifa.net/flags/de.png,-,-,Medium,Low,74,71,65,73,32,64,68,69,50,66,61,74,76,75,61,73,80,69,77,69,73,76,56,54,73,73,55,28,70,56,67,67,31,34,23,13,10,11,6,10,70,70,70,70,70,70,70,70,64,70,55,53,55,51,47,51,18,D. Blum,70,70,1300000,31,1787,RW,Germany,Forward,Rotation 70-77,Forward / Rotation 70-77
Juanjo Nieto,Juan José Nieto Zarzoso,70,71,1700000,RB,RB,Spain,https://cdn.sofifa.net/players/237/376/23_60.png,27,175,71,1892,407,Unión Deportiva Almería,13000,3900000,RES,2023,27,2021,-,Right,3,3,1,-,https://cdn.sofifa.net/flags/es.png,-,-,High,Low,79,62,64,70,63,69,63,59,55,66,57,70,58,52,65,67,79,79,77,67,77,70,58,83,65,66,64,68,68,66,49,64,59,64,66,9,14,10,8,14,68,68,68,68,68,68,70,71,69,71,71,68,71,70,66,70,19,Juanjo Nieto,70,71,1700000,27,1892,RB,Spain,Defender,Rotation 70-77,Defender / Rotation 70-77
A. Trouillet,Alexis Trouillet,70,81,3600000,CM,CM,France,https://cdn.sofifa.net/players/242/753/23_60.png,21,175,65,1821,384,Panathinaikos FC,500,8600000,SUB,2025,19,2022,-,Left,3,3,1,-,https://cdn.sofifa.net/flags/fr.png,-,-,Medium,Medium,63,55,69,74,60,63,62,52,60,74,48,73,64,51,73,74,66,61,76,71,78,62,59,68,61,53,61,59,61,72,54,69,59,63,60,14,10,6,7,9,65,67,67,67,67,67,71,70,72,70,67,69,67,66,64,66,19,A. Trouillet,70,81,3600000,21,1821,CM,France,Midfield,Rotation 70-77,Midfield / Rotation 70-77
Gustavo Assunção,Gustavo Enrique Assunção da Silva,70,77,3000000,"CDM,CM",CDM,Brazil,https://cdn.sofifa.net/players/248/386/23_60.png,22,178,68,1856,393,Futebol Clube de Famalicão,5000,6900000,SUB,2025,12,2019,-,Right,3,3,1,-,https://cdn.sofifa.net/flags/br.png,-,-,Medium,Medium,66,58,64,73,67,65,50,54,54,70,56,72,58,63,69,73,68,65,76,70,75,70,72,76,58,60,68,68,56,64,42,75,68,70,68,6,7,10,7,13,65,65,66,66,66,65,69,68,70,68,70,71,70,69,68,69,17,Gustavo Assunção,70,77,3000000,22,1856,CDM,Brazil,Midfield,Rotation 70-77,Midfield / Rotation 70-77
A. Bernabei,Alexandro Bernabei,70,80,3400000,LB,LM,Argentina,https://cdn.sofifa.net/players/247/106/23_60.png,21,169,65,1967,423,Celtic,18000,6800000,SUB,2027,25,2022,-,Left,3,3,1,-,https://cdn.sofifa.net/flags/ar.png,-,-,High,High,90,65,67,74,58,69,73,62,39,67,54,75,76,71,63,70,86,93,88,64,81,71,73,84,59,70,72,59,66,60,60,63,55,64,64,13,9,10,11,5,68,72,69,69,69,72,71,74,69,74,72,67,72,70,63,70,18,A. Bernabei,70,80,3400000,21,1967,LM,Argentina,Midfield,Rotation 70-77,Midfield / Rotation 70-77
A. Beka Beka,Alexis Beka Beka,70,80,3400000,"CDM,CM",CDM,France,https://cdn.sofifa.net/players/254/273/23_60.png,21,178,75,1838,404,OGC Nice,14000,7100000,SUB,2027,21,2022,-,Right,3,2,1,-,https://cdn.sofifa.net/flags/fr.png,-,-,Medium,High,76,57,63,71,67,70,59,50,52,70,36,72,53,44,71,70,78,74,71,69,78,68,48,76,69,68,70,68,65,56,44,67,69,70,66,11,10,14,10,9,66,67,66,66,66,67,69,70,70,70,71,71,71,70,69,70,19,A. Beka Beka,70,80,3400000,21,1838,CDM,France,Midfield,Rotation 70-77,Midfield / Rotation 70-77
J. Lepenant,Johann Lepenant,70,83,3600000,"CDM,CM",CDM,France,https://cdn.sofifa.net/players/258/619/23_60.png,19,176,71,1787,382,Olympique Lyonnais,14000,9100000,SUB,2027,24,2022,-,Right,3,3,1,-,https://cdn.sofifa.net/flags/fr.png,-,-,Medium,Medium,72,43,65,69,65,68,55,37,53,75,43,65,59,43,71,71,73,72,79,65,77,53,69,78,62,41,69,69,55,62,46,66,66,66,67,6,13,14,6,7,59,62,61,61,61,62,66,67,69,67,70,71,70,70,68,70,17,J. Lepenant,70,83,3600000,19,1787,CDM,France,Midfield,Rotation 70-77,Midfield / Rotation 70-77
Tiago Pombeira,Tiago Nathan Pombeira Gesser,70,70,1900000,CAM,CAM,Brazil,https://cdn.sofifa.net/players/230/459/23_60.png,22,173,65,1729,358,Clube Atlético Mineiro,16000,3400000,SUB,2025,28,2022,-,Left,3,3,1,-,https://cdn.sofifa.net/flags/br.png,-,-,Medium,Medium,74,64,68,73,32,47,62,61,39,70,60,74,73,71,63,70,75,73,81,69,83,68,53,59,45,66,37,36,66,71,69,63,27,33,29,11,9,8,8,10,66,69,69,69,69,69,70,70,67,70,56,53,56,52,43,52,18,Tiago Pombeira,70,70,1900000,22,1729,CAM,Brazil,Midfield,Rotation 70-77,Midfield / Rotation 70-77
Claytinho Branco,Daniel Clayton Branco Julião,70,70,1600000,RB,RB,Brazil,https://cdn.sofifa.net/players/230/203/23_60.png,26,184,72,1797,373,Santos,13000,3000000,SUB,2025,44,2022,-,Right,3,2,1,-,https://cdn.sofifa.net/flags/br.png,-,-,Medium,High,64,52,63,58,72,64,73,46,63,67,52,52,57,45,63,62,66,62,63,68,61,63,56,56,64,54,77,72,55,52,56,61,73,76,69,18,13,15,11,17,60,59,58,58,58,59,61,62,63,62,69,70,69,70,70,70,23,Claytinho Branco,70,70,1600000,26,1797,RB,Brazil,Defender,Rotation 70-77,Defender / Rotation 70-77
Javi Martínez,Javier Martínez Calvo,70,80,3600000,"CM,RM",CAM,Spain,https://cdn.sofifa.net/players/255/268/23_60.png,22,180,74,1787,386,Albacete BP,13000,0,SUB,2023,15,2017,TRUE,Right,4,4,1,-,https://cdn.sofifa.net/flags/es.png,-,-,Medium,Medium,66,63,63,70,57,67,42,65,58,76,51,71,40,49,65,73,65,67,64,69,65,59,69,75,64,65,66,65,70,67,59,64,52,61,46,13,10,11,5,10,68,67,69,69,69,67,72,69,72,69,64,68,64,63,63,63,18,Javi Martínez,70,80,3600000,22,1787,CAM,Spain,Midfield,Rotation 70-77,Midfield / Rotation 70-77
Brandon Thomas,Brandon Thomas Llamas,70,71,1900000,"ST,LM,RM",ST,Spain,https://cdn.sofifa.net/players/212/261/23_60.png,27,175,71,1848,383,PAOK,850,4300000,ST,2023,71,2022,-,Right,3,4,1,-,https://cdn.sofifa.net/flags/es.png,-,-,High,Low,76,73,61,73,32,68,60,73,57,59,68,72,64,59,57,69,77,76,87,71,89,75,79,83,64,70,55,42,76,67,69,68,23,26,27,8,9,7,14,16,71,70,71,71,71,70,71,71,66,71,57,53,57,54,47,54,20,Brandon Thomas,70,71,1900000,27,1848,ST,Spain,Forward,Rotation 70-77,Forward / Rotation 70-77
Y. Cabral,Yonathan Cabral,70,70,1300000,CB,CB,Argentina,https://cdn.sofifa.net/players/221/990/23_60.png,30,188,84,1413,301,Club Atlético Lanús,7000,0,SUB,2022,2,2019,TRUE,Right,2,2,1,-,https://cdn.sofifa.net/flags/ar.png,-,-,Medium,Medium,41,29,46,44,71,70,33,23,82,55,31,44,31,28,57,44,32,48,32,67,36,40,57,33,87,28,76,69,33,44,41,55,71,71,67,10,7,12,15,9,48,41,43,43,43,41,46,45,52,45,56,63,56,59,70,59,19,Y. Cabral,70,70,1300000,30,1413,CB,Argentina,Defender,Rotation 70-77,Defender / Rotation 70-77
A. Pritchard,Alex Pritchard,70,70,1600000,CAM,CAM,England,https://cdn.sofifa.net/players/205/351/23_60.png,29,168,62,1836,371,Sunderland,11000,3000000,CAM,2023,21,2021,-,Right,3,3,1,-,https://cdn.sofifa.net/flags/gb-eng.png,-,-,High,Medium,69,67,71,73,46,45,70,65,42,70,63,70,75,72,67,73,69,69,86,66,89,72,48,56,30,67,67,44,68,74,64,69,44,48,50,13,13,14,10,8,66,70,69,69,69,70,70,70,69,70,62,60,62,59,51,59,19,A. Pritchard,70,70,1600000,29,1836,CAM,England,Midfield,Rotation 70-77,Midfield / Rotation 70-77
T. Dolan,Tyrhys Dolan,70,81,3500000,"RW,ST",RM,England,https://cdn.sofifa.net/players/257/063/23_60.png,20,164,63,1730,371,Blackburn Rovers,19000,7400000,SUB,2024,10,2020,-,Right,3,4,1,-,https://cdn.sofifa.net/flags/gb-eng.png,-,-,High,Medium,82,60,63,74,42,50,67,62,47,65,55,74,63,42,58,70,85,79,92,63,90,60,70,68,38,57,54,45,65,65,45,62,40,42,38,5,9,6,6,5,65,70,67,67,67,70,70,71,65,71,61,56,61,58,50,58,14,T. Dolan,70,81,3500000,20,1730,RM,England,Midfield,Rotation 70-77,Midfield / Rotation 70-77
G. Hachen,Gabriel Hachen,70,70,1300000,"CM,CDM,ST",CAM,Argentina,https://cdn.sofifa.net/players/215/081/23_60.png,31,168,65,1921,402,Club Atlético Independiente,9000,2000000,SUB,2023,19,2022,-,Left,3,3,1,-,https://cdn.sofifa.net/flags/ar.png,-,-,Medium,Medium,80,66,64,75,65,52,55,65,63,69,63,74,63,52,65,73,81,80,82,72,81,67,72,76,35,65,57,66,73,67,65,76,65,67,62,7,7,11,10,11,70,70,70,70,70,70,70,70,70,70,70,68,70,70,65,70,18,G. Hachen,70,70,1300000,31,1921,CAM,Argentina,Midfield,Rotation 70-77,Midfield / Rotation 70-77
Álex Collado,Álex Collado Gutiérrez,70,79,3500000,"CM,RM,CAM",CAM,Spain,https://cdn.sofifa.net/players/242/999/23_60.png,23,177,66,1859,387,Elche CF,49000,0,RM,2023,15,2018,TRUE,Left,3,3,1,-,https://cdn.sofifa.net/flags/es.png,-,-,Medium,Medium,60,68,73,72,58,56,70,69,51,75,53,74,75,75,69,73,63,58,69,69,68,69,52,55,61,72,48,63,65,74,63,67,59,56,57,10,9,12,12,11,68,70,70,70,70,70,73,71,72,71,66,66,66,64,61,64,19,Álex Collado,70,79,3500000,23,1859,CAM,Spain,Midfield,Rotation 70-77,Midfield / Rotation 70-77
J. Galván,Jonathan Galván,70,70,1300000,"CB,CDM",CB,Argentina,https://cdn.sofifa.net/players/226/616/23_60.png,30,183,84,1832,392,Racing Club,7000,0,SUB,2023,8,2019,TRUE,Right,3,2,1,-,https://cdn.sofifa.net/flags/ar.png,-,-,High,High,62,55,65,62,66,82,60,52,73,72,45,57,48,44,74,65,58,65,64,72,68,76,87,83,82,46,78,67,49,58,49,59,63,67,64,7,8,7,13,11,64,60,61,61,61,60,63,65,68,65,69,70,69,69,70,69,18,J. Galván,70,70,1300000,30,1832,CB,Argentina,Defender,Rotation 70-77,Defender / Rotation 70-77
J. Tymon,Josh Tymon,70,77,3000000,"LWB,LB",LWB,England,https://cdn.sofifa.net/players/232/759/23_60.png,23,180,75,1829,392,Stoke City,13000,6300000,SUB,2025,14,2017,-,Left,3,2,1,-,https://cdn.sofifa.net/flags/gb-eng.png,-,-,Medium,Medium,75,52,67,66,62,70,74,48,56,65,37,66,72,57,65,65,75,75,67,64,70,66,68,80,66,54,70,64,55,66,40,60,63,64,59,13,13,9,12,11,62,64,62,62,62,64,65,68,67,68,70,67,70,69,66,69,20,J. Tymon,70,77,3000000,23,1829,LWB,England,Defender,Rotation 70-77,Defender / Rotation 70-77
Leôncio Lobeiro,Leôncio Roger Lobeiro Cunha,70,70,1900000,"RW,RM",RW,Brazil,https://cdn.sofifa.net/players/230/454/23_60.png,22,179,73,1730,380,Flamengo,18000,3400000,SUB,2025,13,2022,-,Right,3,2,1,-,https://cdn.sofifa.net/flags/br.png,-,-,Medium,Medium,83,64,64,74,31,64,66,64,36,69,56,76,73,65,39,72,85,81,78,66,82,73,69,68,65,61,56,22,57,69,49,65,37,29,27,8,6,7,9,10,67,70,69,69,69,70,70,70,62,70,56,51,56,52,45,52,17,Leôncio Lobeiro,70,70,1900000,22,1730,RW,Brazil,Forward,Rotation 70-77,Forward / Rotation 70-77
P. Roberts,Patrick Roberts,70,73,2100000,"RW,RM,CAM",CAM,England,https://cdn.sofifa.net/players/221/982/23_60.png,25,170,66,1645,350,Sunderland,11000,4000000,SUB,2024,10,2022,-,Left,3,4,1,-,https://cdn.sofifa.net/flags/gb-eng.png,-,-,Medium,Low,79,63,66,75,27,40,64,64,43,68,52,74,66,49,64,72,81,77,91,59,88,64,43,55,33,64,38,21,63,70,62,74,37,18,19,12,7,8,7,12,65,70,68,68,68,70,71,70,64,70,52,48,52,48,37,48,17,P. Roberts,70,73,2100000,25,1645,CAM,England,Midfield,Rotation 70-77,Midfield / Rotation 70-77
Daniel Ayala,Daniel Sánchez Ayala,70,70,1100000,CB,CB,Spain,https://cdn.sofifa.net/players/194/334/23_60.png,31,190,84,1591,345,Blackburn Rovers,21000,2100000,CB,2023,4,2020,-,Right,3,2,1,-,https://cdn.sofifa.net/flags/es.png,-,-,Medium,Medium,51,41,50,61,71,71,33,43,73,58,29,61,41,32,50,64,49,52,53,64,50,47,71,58,75,32,78,71,49,59,37,64,70,71,67,15,8,15,6,10,57,53,55,55,55,53,58,56,60,56,62,67,62,64,70,64,18,Daniel Ayala,70,70,1100000,31,1591,CB,Spain,Defender,Rotation 70-77,Defender / Rotation 70-77
F. Hanin,Florent Hanin,70,70,1100000,"LB,LM,LWB",LB,France,https://cdn.sofifa.net/players/194/846/23_60.png,32,177,73,1826,395,Paris FC,6000,2000000,LB,2023,29,2020,-,Left,3,3,1,-,https://cdn.sofifa.net/flags/fr.png,-,-,High,High,79,44,66,68,65,73,67,38,58,68,33,66,69,54,64,66,81,78,80,67,75,59,74,81,70,45,68,64,60,67,25,70,64,67,66,6,11,12,11,12,61,64,62,62,62,64,66,69,67,69,70,69,70,70,68,70,18,F. Hanin,70,70,1100000,32,1826,LB,France,Defender,Rotation 70-77,Defender / Rotation 70-77
F. Ogier,Florent Ogier,70,70,750000,CB,CB,France,https://cdn.sofifa.net/players/200/968/23_60.png,33,183,73,1491,306,Clermont Foot 63,10000,1500000,CB,2024,21,2018,-,Right,3,2,1,-,https://cdn.sofifa.net/flags/fr.png,-,-,Medium,High,32,34,40,52,72,76,23,27,69,56,23,40,33,34,50,61,29,35,57,67,62,57,89,80,73,30,73,75,30,23,37,68,73,71,70,14,8,8,8,6,48,41,43,43,43,41,45,45,53,45,61,67,61,63,70,63,17,F. Ogier,70,70,750000,33,1491,CB,France,Defender,Rotation 70-77,Defender / Rotation 70-77
Iván Martos,Iván Martos Campillo,70,75,2200000,"LB,CB",LB,Spain,https://cdn.sofifa.net/players/246/279/23_60.png,25,182,68,1673,368,Unión Deportiva Almería,12000,5000000,SUB,2024,30,2016,-,Left,3,2,1,-,https://cdn.sofifa.net/flags/es.png,-,-,Medium,Medium,73,39,55,65,68,68,64,32,65,64,22,64,39,44,43,68,72,73,64,68,61,50,66,59,73,45,65,69,52,47,45,60,66,71,69,9,10,15,5,14,58,60,58,58,58,60,60,63,60,63,69,66,69,70,70,70,18,Iván Martos,70,75,2200000,25,1673,LB,Spain,Defender,Rotation 70-77,Defender / Rotation 70-77
J. Méndez,Juan Ignacio Méndez,70,74,2000000,"CDM,CM",CM,Argentina,https://cdn.sofifa.net/players/241/927/23_60.png,25,177,69,1933,408,San Lorenzo de Almagro,7000,3200000,CM,2022,5,2022,-,Right,3,3,1,-,https://cdn.sofifa.net/flags/ar.png,-,-,High,High,69,62,67,71,68,71,59,55,66,73,65,70,65,54,64,69,67,70,75,69,75,73,71,72,70,65,71,68,67,69,52,77,67,70,71,12,11,8,8,12,68,67,68,68,68,67,70,69,71,69,71,71,71,71,71,71,19,J. Méndez,70,74,2000000,25,1933,CM,Argentina,Midfield,Rotation 70-77,Midfield / Rotation 70-77
R. Hack,Robin Hack,70,75,2400000,"LM,CAM,CF",LM,Germany,https://cdn.sofifa.net/players/239/367/23_60.png,23,176,68,1691,364,DSC Arminia Bielefeld,9000,4000000,RM,2025,21,2021,-,Right,4,4,1,-,https://cdn.sofifa.net/flags/de.png,-,-,High,Low,79,64,63,74,33,51,63,67,49,68,67,72,56,49,54,72,82,77,87,68,86,70,39,76,45,53,38,29,66,66,54,65,33,31,29,8,9,9,10,9,68,70,69,69,69,70,71,71,65,71,57,52,57,54,43,54,17,R. Hack,70,75,2400000,23,1691,LM,Germany,Midfield,Rotation 70-77,Midfield / Rotation 70-77
J. Soraire,Jesús Soraire,70,70,975000,CM,CM,Argentina,https://cdn.sofifa.net/players/251/139/23_60.png,33,174,73,1973,420,Club Atlético Central Córdoba,8000,1400000,CM,2022,8,2021,-,Right,4,3,1,-,https://cdn.sofifa.net/flags/ar.png,-,-,High,High,73,60,71,74,61,81,67,55,51,74,51,72,80,63,70,75,74,72,80,69,82,74,67,82,81,61,81,63,59,71,61,79,59,67,59,12,9,10,13,9,67,69,68,68,68,69,70,70,70,70,70,70,70,69,68,69,19,J. Soraire,70,70,975000,33,1973,CM,Argentina,Midfield,Rotation 70-77,Midfield / Rotation 70-77
Erison,Erison Danilo de Souza,70,77,3200000,ST,ST,Brazil,https://cdn.sofifa.net/players/271/619/23_60.png,23,180,83,1637,350,Estoril Praia,5000,7400000,SUB,2025,79,2022,-,Left,3,3,1,-,https://cdn.sofifa.net/flags/br.png,-,-,High,Low,62,70,53,67,24,74,59,72,66,62,65,67,40,47,45,68,64,61,62,70,59,74,70,72,80,62,61,18,75,43,65,69,19,19,20,5,7,14,14,12,72,65,66,66,66,65,65,66,58,66,50,47,50,46,44,46,18,Erison,70,77,3200000,23,1637,ST,Brazil,Forward,Rotation 70-77,Forward / Rotation 70-77
D. Pérez,Damián Pérez,70,70,825000,LB,LB,Argentina,https://cdn.sofifa.net/players/215/049/23_60.png,33,168,65,1865,389,Arsenal de Sarandí,6000,1200000,LB,2022,15,2022,-,Left,3,3,1,-,https://cdn.sofifa.net/flags/ar.png,-,-,Medium,Medium,76,52,60,67,64,70,65,44,58,66,46,65,54,47,62,64,78,74,83,69,84,69,87,81,58,53,80,63,57,47,48,58,65,65,68,14,16,11,10,14,62,63,61,61,61,63,63,66,64,66,70,68,70,70,68,70,21,D. Pérez,70,70,825000,33,1865,LB,Argentina,Defender,Rotation 70-77,Defender / Rotation 70-77
J. Williams,Joe Williams,70,74,2000000,"CDM,CM,CAM",CDM,England,https://cdn.sofifa.net/players/224/265/23_60.png,25,185,80,1818,384,Bristol City,16000,4000000,CM,2024,8,2020,-,Right,2,3,1,-,https://cdn.sofifa.net/flags/gb-eng.png,-,-,Medium,High,60,56,67,67,68,66,60,53,54,72,62,69,58,54,73,67,65,56,63,65,67,63,49,64,62,58,84,66,47,65,59,63,68,72,71,14,9,10,10,9,61,62,62,62,62,62,66,66,69,66,68,71,68,68,69,68,18,J. Williams,70,74,2000000,25,1818,CDM,England,Midfield,Rotation 70-77,Midfield / Rotation 70-77
Lucas Possignolo,Lucas Possignolo,70,72,1600000,CB,CB,Brazil,https://cdn.sofifa.net/players/238/862/23_60.png,28,188,80,1568,329,Zhejiang Professional FC,6000,2600000,CB,2025,36,2022,-,Right,2,2,1,-,https://cdn.sofifa.net/flags/br.png,-,-,Medium,Medium,50,37,46,50,70,76,29,34,71,64,45,44,37,36,51,52,52,48,57,67,56,53,90,68,79,29,73,72,20,31,50,58,68,70,69,12,14,8,14,5,50,44,45,45,45,44,48,48,53,48,62,66,62,64,72,64,19,Lucas Possignolo,70,72,1600000,28,1568,CB,Brazil,Defender,Rotation 70-77,Defender / Rotation 70-77
M. Zaldivia,Matías Zaldivia,70,70,1100000,CB,CB,Argentina,https://cdn.sofifa.net/players/215/053/23_60.png,31,181,79,1622,337,Colo-Colo,4000,1500000,SUB,2022,4,2016,-,Right,3,2,1,-,https://cdn.sofifa.net/flags/ar.png,-,-,Medium,Medium,40,39,60,56,69,73,64,32,71,65,41,56,44,35,63,57,48,34,48,67,51,47,74,51,80,39,83,67,57,53,41,68,70,68,68,8,14,6,8,12,55,53,53,53,53,53,57,57,61,57,63,68,63,64,70,64,18,M. Zaldivia,70,70,1100000,31,1622,CB,Argentina,Defender,Rotation 70-77,Defender / Rotation 70-77
G. Diangana,Grady Diangana,70,76,2500000,"LM,ST,RM",CAM,England,https://cdn.sofifa.net/players/231/436/23_60.png,24,180,73,1639,363,West Bromwich Albion,16000,5300000,LM,2025,11,2020,-,Left,3,4,1,-,https://cdn.sofifa.net/flags/gb-eng.png,-,-,High,Medium,83,60,63,73,27,57,67,62,37,66,48,74,53,49,53,72,87,79,78,67,79,55,52,66,56,63,48,27,64,67,50,60,26,26,23,9,13,11,5,7,65,70,68,68,68,70,71,71,64,71,55,50,55,51,41,51,17,G. Diangana,70,76,2500000,24,1639,CAM,England,Midfield,Rotation 70-77,Midfield / Rotation 70-77
C. Brannagan,Cameron Brannagan,70,72,2000000,CM,CM,England,https://cdn.sofifa.net/players/220/940/23_60.png,26,180,71,1885,399,Oxford United,8000,3700000,CDM,2025,8,2018,-,Right,3,3,1,-,https://cdn.sofifa.net/flags/gb-eng.png,-,-,Medium,Medium,64,66,69,68,61,71,67,63,53,71,52,66,70,63,70,70,63,65,73,67,74,74,33,90,63,66,75,63,64,70,69,68,60,65,59,12,7,8,8,12,67,67,67,67,67,67,70,70,72,70,70,70,70,68,64,68,18,C. Brannagan,70,72,2000000,26,1885,CM,England,Midfield,Rotation 70-77,Midfield / Rotation 70-77
M. Bird,Max Bird,70,78,3400000,"CDM,CM",CDM,England,https://cdn.sofifa.net/players/241/419/23_60.png,21,183,68,1792,387,Derby County,3000,6600000,CDM,2024,8,2017,-,Left,3,2,1,-,https://cdn.sofifa.net/flags/gb-eng.png,-,-,Medium,Medium,68,55,68,68,66,62,62,54,48,73,51,66,62,48,72,71,69,67,66,68,68,60,58,77,59,58,53,68,48,68,47,72,67,69,67,12,10,7,7,12,61,64,63,63,63,64,68,68,70,68,71,71,71,70,66,70,18,M. Bird,70,78,3400000,21,1792,CDM,England,Midfield,Rotation 70-77,Midfield / Rotation 70-77
F. Gattoni,Federico Gattoni,70,76,2300000,CB,CB,Argentina,https://cdn.sofifa.net/players/241/930/23_60.png,23,183,79,1732,375,San Lorenzo de Almagro,7000,3900000,CB,2023,6,2017,-,Right,4,2,1,-,https://cdn.sofifa.net/flags/ar.png,-,-,Medium,High,68,48,58,57,70,74,50,51,71,69,49,50,42,45,61,64,65,70,57,67,69,55,73,80,72,38,70,71,38,52,47,63,66,72,69,14,5,11,8,11,59,56,56,56,56,56,59,61,63,61,69,70,69,70,72,70,18,F. Gattoni,70,76,2300000,23,1732,CB,Argentina,Defender,Rotation 70-77,Defender / Rotation 70-77
Natinho Mestres,Renato Peter Mestres Silveira,70,70,1500000,RM,RM,Brazil,https://cdn.sofifa.net/players/230/410/23_60.png,30,170,70,1655,364,São Paulo,19000,2900000,SUB,2025,26,2022,-,Right,3,2,1,-,https://cdn.sofifa.net/flags/br.png,-,-,Medium,Medium,77,64,65,72,34,52,69,68,36,71,40,73,58,50,60,73,78,77,78,69,64,64,43,72,49,66,37,32,55,58,52,51,36,31,36,15,6,11,14,14,65,70,67,67,67,70,70,70,65,70,59,54,59,55,44,55,20,Natinho Mestres,70,70,1500000,30,1655,RM,Brazil,Midfield,Rotation 70-77,Midfield / Rotation 70-77
Anderson Jesus,Anderson de Jesus Santos,70,71,1600000,CB,CB,Brazil,https://cdn.sofifa.net/players/266/250/23_60.png,27,189,77,1473,319,FC Vizela,4000,3500000,CB,2024,5,2022,-,Right,2,2,1,-,https://cdn.sofifa.net/flags/br.png,-,-,Medium,Medium,58,30,40,43,71,77,29,26,68,46,31,34,27,34,45,45,54,61,42,66,57,44,73,67,82,24,76,69,29,42,40,69,71,74,73,6,10,9,11,8,47,40,42,42,42,40,44,45,49,45,60,63,60,64,71,64,17,Anderson Jesus,70,71,1600000,27,1473,CB,Brazil,Defender,Rotation 70-77,Defender / Rotation 70-77
Lourival Dinisco,Lourival Adnan Diniz Prazeres,70,70,1600000,CB,CB,Brazil,https://cdn.sofifa.net/players/230/415/23_60.png,22,188,85,1655,359,Fortaleza,6000,3000000,SUB,2025,27,2022,-,Right,3,2,1,-,https://cdn.sofifa.net/flags/br.png,-,-,Medium,Medium,61,52,53,49,71,73,44,52,76,61,31,41,45,43,71,52,64,58,63,62,43,62,77,55,86,54,63,67,23,41,61,60,72,73,67,13,10,7,8,10,56,49,49,49,49,49,52,52,57,52,62,67,62,65,70,65,18,Lourival Dinisco,70,70,1600000,22,1655,CB,Brazil,Defender,Rotation 70-77,Defender / Rotation 70-77
S. McCallum,Sam McCallum,70,80,3400000,"LB,LWB",LB,England,https://cdn.sofifa.net/players/246/155/23_60.png,21,183,73,1855,399,Norwich City,15000,7100000,RES,2024,15,2020,-,Left,4,3,1,-,https://cdn.sofifa.net/flags/gb-eng.png,-,-,Medium,High,80,56,63,67,65,68,67,52,62,65,51,69,65,63,62,67,80,80,65,65,59,61,75,70,67,62,67,66,59,57,45,60,63,68,64,9,12,15,12,11,65,66,64,64,64,66,66,68,66,68,70,67,70,70,68,70,19,S. McCallum,70,80,3400000,21,1855,LB,England,Defender,Rotation 70-77,Defender / Rotation 70-77
M. Mehlem,Marvin Mehlem,70,74,2300000,"CAM,LM",CAM,Germany,https://cdn.sofifa.net/players/227/978/23_60.png,24,174,67,1802,385,SV Darmstadt 98,10000,3900000,CAM,2025,6,2017,-,Right,3,3,1,-,https://cdn.sofifa.net/flags/de.png,-,-,Medium,Medium,76,59,66,75,49,60,61,61,34,70,42,75,64,52,62,73,77,76,86,64,90,60,64,81,49,58,59,47,67,70,52,64,47,57,49,16,10,8,8,13,64,70,68,68,68,70,72,72,69,72,65,62,65,62,55,62,19,M. Mehlem,70,74,2300000,24,1802,CAM,Germany,Midfield,Rotation 70-77,Midfield / Rotation 70-77
N. Ferreyra,Nicolás Ferreyra,70,70,1300000,CB,CB,Argentina,https://cdn.sofifa.net/players/219/529/23_60.png,29,194,90,1506,310,Barracas Central,6000,1900000,CB,2023,22,2021,-,Right,2,2,1,-,https://cdn.sofifa.net/flags/ar.png,-,-,Low,Medium,35,31,41,49,71,83,33,25,75,52,29,35,34,31,45,56,35,35,63,70,60,50,57,78,94,21,69,72,45,30,43,68,73,69,67,12,16,6,10,16,50,42,44,44,44,42,45,46,52,46,61,66,61,63,70,63,21,N. Ferreyra,70,70,1300000,29,1506,CB,Argentina,Defender,Rotation 70-77,Defender / Rotation 70-77
Jaume Grau,Jaume Grau Ciscar,70,77,2900000,"CDM,CM",CDM,Spain,https://cdn.sofifa.net/players/246/918/23_60.png,25,182,67,1809,392,Real Zaragoza,6000,5200000,CDM,2025,5,2022,-,Left,3,2,1,-,https://cdn.sofifa.net/flags/es.png,-,-,Medium,Medium,64,58,67,66,68,69,68,54,58,71,49,64,54,42,69,70,62,66,60,67,61,65,59,73,70,62,66,71,60,66,49,71,69,68,65,8,12,10,8,13,64,65,64,64,64,65,67,68,70,68,70,71,70,70,69,70,18,Jaume Grau,70,77,2900000,25,1809,CDM,Spain,Midfield,Rotation 70-77,Midfield / Rotation 70-77
Igor Silva,Igor Silva de Almeida,70,73,1900000,"RB,RWB",RB,Brazil,https://cdn.sofifa.net/players/242/054/23_60.png,25,173,66,1859,396,FC Lorient,9000,3900000,SUB,2026,2,2021,-,Right,2,3,1,-,https://cdn.sofifa.net/flags/br.png,-,-,High,Medium,77,54,63,72,66,64,68,44,58,64,53,72,64,52,64,72,76,78,80,62,80,69,64,74,59,60,63,65,67,58,44,56,68,67,63,11,12,14,6,8,64,67,65,65,65,67,67,69,67,69,70,68,70,70,66,70,17,Igor Silva,70,73,1900000,25,1859,RB,Brazil,Defender,Rotation 70-77,Defender / Rotation 70-77
E. Guessand,Evann Guessand,70,79,3600000,"ST,LW",ST,France,https://cdn.sofifa.net/players/258/444/23_60.png,21,185,79,1644,361,FC Nantes,17000,0,SUB,2023,7,2018,TRUE,Right,3,3,1,-,https://cdn.sofifa.net/flags/fr.png,-,-,Medium,Medium,74,70,55,68,26,68,48,72,72,62,66,69,56,49,47,70,73,74,66,66,58,71,64,62,76,66,56,15,71,56,61,69,24,21,18,7,10,7,6,5,72,66,68,68,68,66,68,67,60,67,48,46,48,46,44,46,15,E. Guessand,70,79,3600000,21,1644,ST,France,Forward,Rotation 70-77,Forward / Rotation 70-77
Luquinha,Lucas Queiroz Canteiro,70,81,3600000,"CAM,CM",RM,Brazil,https://cdn.sofifa.net/players/251/990/23_60.png,21,167,65,1732,363,Portimonense SC,4000,8300000,CM,2024,20,2019,-,Right,3,3,1,-,https://cdn.sofifa.net/flags/br.png,-,-,Medium,Low,76,59,73,75,34,46,77,55,30,73,60,72,64,65,68,74,79,73,91,66,90,67,56,63,39,56,42,24,64,75,60,71,39,37,32,6,8,15,6,6,63,71,68,68,68,71,72,73,68,73,59,54,59,54,43,54,15,Luquinha,70,81,3600000,21,1732,RM,Brazil,Midfield,Rotation 70-77,Midfield / Rotation 70-77
F. Pereyra,Fabio Pereyra,70,70,1000000,CB,CB,Argentina,https://cdn.sofifa.net/players/251/138/23_60.png,32,185,76,1597,344,Club Atlético Central Córdoba,7000,1500000,CB,2022,2,2022,-,Right,2,2,1,-,https://cdn.sofifa.net/flags/ar.png,-,-,Medium,High,64,35,46,51,69,79,38,30,71,57,33,45,39,29,52,55,63,65,59,65,52,50,89,71,83,32,78,70,37,38,36,57,68,67,72,12,11,12,7,11,53,48,48,48,48,48,50,52,55,52,64,66,64,66,70,66,18,F. Pereyra,70,70,1000000,32,1597,CB,Argentina,Defender,Rotation 70-77,Defender / Rotation 70-77
D. Fisher,Darnell Fisher,70,70,1400000,"RWB,RB",RWB,England,https://cdn.sofifa.net/players/215/437/23_60.png,28,175,70,1639,364,Middlesbrough,15000,2700000,RES,2023,42,2021,-,Right,3,3,1,-,https://cdn.sofifa.net/flags/gb-eng.png,-,-,Medium,High,79,26,52,64,68,75,63,20,59,56,26,64,41,32,50,63,78,79,72,65,64,32,70,77,70,26,85,67,37,42,35,56,67,72,71,12,14,10,14,6,50,56,51,51,51,56,55,60,57,60,70,67,70,70,70,70,19,D. Fisher,70,70,1400000,28,1639,RWB,England,Defender,Rotation 70-77,Defender / Rotation 70-77
Marlion Rolim,Marlion Rômulo Rolim Nascimento,70,70,1500000,CAM,CAM,Brazil,https://cdn.sofifa.net/players/236/175/23_60.png,30,175,70,1760,370,RB Bragantino,10000,2900000,SUB,2025,25,2022,-,Right,3,3,1,-,https://cdn.sofifa.net/flags/br.png,-,-,Medium,Medium,67,66,65,69,49,54,58,70,54,68,59,64,62,41,65,73,62,71,72,75,78,58,44,52,54,68,60,65,74,71,55,76,34,52,46,12,12,16,7,8,69,68,69,69,69,68,70,69,69,69,62,62,62,60,56,60,19,Marlion Rolim,70,70,1500000,30,1760,CAM,Brazil,Midfield,Rotation 70-77,Midfield / Rotation 70-77
Juanma García,Juan Manuel García García,70,70,1600000,"ST,LM,RM",RW,Spain,https://cdn.sofifa.net/players/222/094/23_60.png,29,167,62,1784,370,Albacete BP,6000,2500000,RM,2025,7,2022,-,Right,3,3,1,-,https://cdn.sofifa.net/flags/es.png,-,-,Medium,Medium,85,71,64,71,28,51,65,73,68,65,66,69,68,63,59,71,86,84,80,68,91,70,52,74,46,69,35,30,72,65,75,58,23,22,16,12,13,10,14,10,70,70,70,70,70,70,70,70,65,70,55,49,55,52,41,52,20,Juanma García,70,70,1600000,29,1784,RW,Spain,Forward,Rotation 70-77,Forward / Rotation 70-77
M. Pearson,Matty Pearson,70,71,1500000,CB,CB,England,https://cdn.sofifa.net/players/208/014/23_60.png,28,190,78,1629,350,Huddersfield Town,11000,2900000,RES,2024,4,2021,-,Right,3,2,1,-,https://cdn.sofifa.net/flags/gb-eng.png,-,-,Medium,High,55,43,50,55,70,77,52,42,75,60,35,51,39,30,58,55,53,57,57,67,61,53,67,76,81,38,71,69,35,34,43,59,67,72,68,15,8,12,13,15,55,50,50,50,50,50,52,55,57,55,65,67,65,67,71,67,21,M. Pearson,70,71,1500000,28,1629,CB,England,Defender,Rotation 70-77,Defender / Rotation 70-77
José Crespo,José Ángel Crespo Rincón,70,70,425000,"CB,RB,LB",CB,Spain,https://cdn.sofifa.net/players/172/685/23_60.png,35,185,78,1727,368,APOEL Nicosia FC,500,935000,CB,2024,15,2022,-,Right,3,2,1,-,https://cdn.sofifa.net/flags/es.png,-,-,Low,Medium,62,40,63,61,71,71,62,32,62,70,33,54,60,27,65,66,63,62,63,70,65,53,70,71,69,40,78,72,57,62,41,67,72,71,72,13,5,11,5,11,57,58,58,58,58,58,62,63,66,63,70,70,70,70,70,70,17,José Crespo,70,70,425000,35,1727,CB,Spain,Defender,Rotation 70-77,Defender / Rotation 70-77
O. Kemen,Olivier Kemen,70,73,2100000,"CM,CAM,CDM",CAM,France,https://cdn.sofifa.net/players/220/175/23_60.png,25,177,76,1966,425,Yukatel Kayserispor,10000,4400000,SUB,2024,10,2021,-,Right,3,3,1,-,https://cdn.sofifa.net/flags/fr.png,-,-,High,Medium,76,67,65,72,65,80,55,68,64,68,51,72,52,53,69,71,77,76,75,72,76,74,88,79,82,66,75,64,61,71,57,70,62,68,69,16,9,6,11,9,71,69,70,70,70,69,72,71,72,71,70,71,70,70,71,70,20,O. Kemen,70,73,2100000,25,1966,CAM,France,Midfield,Rotation 70-77,Midfield / Rotation 70-77
Eugeni,Eugeni Valderrama Domènech,70,70,1700000,"CM,CDM,CAM",CAM,Spain,https://cdn.sofifa.net/players/209/695/23_60.png,27,182,73,1872,397,Real Zaragoza,6000,2700000,SUB,2024,8,2022,-,Right,3,3,1,-,https://cdn.sofifa.net/flags/es.png,-,-,Medium,Low,62,69,74,70,56,66,70,67,56,75,65,69,75,78,74,74,61,63,66,67,57,70,53,66,73,73,50,57,68,73,72,69,56,57,47,6,10,7,10,7,70,69,69,69,69,69,70,70,70,70,65,66,65,63,61,63,17,Eugeni,70,70,1700000,27,1872,CAM,Spain,Midfield,Rotation 70-77,Midfield / Rotation 70-77
Júnior Urso,Ocimar Almeida Júnior,70,70,800000,"CDM,CM",CDM,Brazil,https://cdn.sofifa.net/players/206/171/23_60.png,33,180,72,1860,404,Orlando City Soccer Club,5000,1200000,CDM,2022,11,2020,-,Right,3,3,1,-,https://cdn.sofifa.net/flags/br.png,-,-,High,High,64,64,65,70,66,75,51,62,69,74,31,70,42,58,70,73,62,66,60,68,72,74,72,77,75,71,74,64,60,65,48,75,68,65,64,9,11,14,9,12,69,66,68,68,68,66,70,69,70,69,68,70,68,68,70,68,19,Júnior Urso,70,70,800000,33,1860,CDM,Brazil,Midfield,Rotation 70-77,Midfield / Rotation 70-77
H. Cornick,Harry Cornick,70,71,1900000,"ST,RW",ST,England,https://cdn.sofifa.net/players/216/155/23_60.png,27,180,84,1685,379,Luton Town,20000,3800000,SUB,2023,7,2017,-,Right,3,3,1,-,https://cdn.sofifa.net/flags/gb-eng.png,-,-,Medium,Medium,86,68,58,70,36,61,63,70,64,64,58,72,42,48,45,70,85,87,70,68,68,69,44,74,68,65,33,38,68,61,58,60,35,31,24,10,6,6,9,12,71,70,70,70,70,70,70,71,63,71,58,52,58,55,47,55,18,H. Cornick,70,71,1900000,27,1685,ST,England,Forward,Rotation 70-77,Forward / Rotation 70-77
Víctor Gómez,Víctor Gómez Perea,70,80,3400000,RB,RWB,Spain,https://cdn.sofifa.net/players/245/597/23_60.png,22,169,68,1848,396,SC Braga,8000,0,SUB,2023,2,2017,TRUE,Right,4,3,1,-,https://cdn.sofifa.net/flags/es.png,-,-,High,Medium,77,50,68,69,64,68,73,40,60,68,35,66,71,50,65,70,79,76,76,67,76,65,65,80,64,60,65,64,64,67,40,61,65,64,63,11,9,12,12,6,63,66,65,65,65,66,68,70,69,70,71,69,71,70,67,70,18,Víctor Gómez,70,80,3400000,22,1848,RWB,Spain,Defender,Rotation 70-77,Defender / Rotation 70-77
Nico Serrano,Nicolás Serrano Galdeano,70,81,3400000,"LM,CAM,RM",CAM,Spain,https://cdn.sofifa.net/players/259/422/23_60.png,19,178,72,1645,350,CD Mirandés,8000,0,LM,2023,7,2020,TRUE,Left,2,3,1,-,https://cdn.sofifa.net/flags/es.png,-,-,Medium,Medium,74,65,64,75,24,48,68,70,47,70,48,77,62,60,59,76,77,72,76,63,78,62,64,56,47,66,38,22,62,56,56,64,20,22,20,14,8,10,11,8,67,70,69,69,69,70,71,71,63,71,52,48,52,48,39,48,18,Nico Serrano,70,81,3400000,19,1645,CAM,Spain,Midfield,Rotation 70-77,Midfield / Rotation 70-77
C. Groß,Christian Groß,70,70,800000,"CDM,CB",CDM,Germany,https://cdn.sofifa.net/players/193/631/23_60.png,33,183,75,1784,380,SV Werder Bremen,12000,1400000,CDM,2023,36,2019,-,Right,3,2,1,-,https://cdn.sofifa.net/flags/de.png,-,-,Low,Medium,57,55,62,65,70,71,52,54,65,72,35,65,40,53,62,67,55,59,55,70,64,57,72,69,70,55,78,67,59,64,63,74,69,73,71,7,8,6,16,12,63,62,63,63,63,62,66,65,68,65,68,70,68,69,70,69,19,C. Groß,70,70,800000,33,1784,CDM,Germany,Midfield,Rotation 70-77,Midfield / Rotation 70-77
Y. Cimignani,Yanis Cimignani,70,80,3500000,"LM,RM",RM,France,https://cdn.sofifa.net/players/258/393/23_60.png,20,176,68,1822,393,AC Ajaccio,8000,7700000,SUB,2023,22,2020,-,Right,3,2,1,-,https://cdn.sofifa.net/flags/fr.png,-,-,Medium,Medium,75,67,65,72,52,62,68,68,53,68,60,75,62,52,63,72,74,76,70,58,74,70,65,64,64,67,55,48,68,63,59,61,49,60,47,14,6,9,11,10,69,70,69,69,69,70,70,71,67,71,63,61,63,62,58,62,17,Y. Cimignani,70,80,3500000,20,1822,RM,France,Midfield,Rotation 70-77,Midfield / Rotation 70-77
M. Alphonse,Mickaël Alphonse,70,70,1100000,"RB,LB",RB,France,https://cdn.sofifa.net/players/228/897/23_60.png,32,182,79,1758,388,AC Ajaccio,10000,2200000,RB,2024,2,2022,-,Right,3,2,1,-,https://cdn.sofifa.net/flags/fr.png,-,-,Medium,Medium,73,53,60,64,68,70,64,54,70,68,32,64,40,41,60,67,72,73,57,65,62,55,88,72,69,55,65,68,59,54,43,63,69,66,65,10,9,8,7,7,64,63,63,63,63,63,64,66,65,66,69,68,69,70,70,70,16,M. Alphonse,70,70,1100000,32,1758,RB,France,Defender,Rotation 70-77,Defender / Rotation 70-77
J. Serra,Janni Serra,70,75,2400000,ST,ST,Germany,https://cdn.sofifa.net/players/232/225/23_60.png,24,193,87,1633,359,DSC Arminia Bielefeld,10000,4000000,ST,2025,23,2021,-,Left,4,2,1,-,https://cdn.sofifa.net/flags/de.png,-,-,Medium,High,61,71,53,60,37,77,46,72,74,62,70,61,43,38,39,68,49,70,47,65,37,78,66,71,87,63,60,23,74,60,60,55,35,38,33,8,8,9,13,6,72,63,66,66,66,63,65,64,60,64,52,52,52,51,52,51,17,J. Serra,70,75,2400000,24,1633,ST,Germany,Forward,Rotation 70-77,Forward / Rotation 70-77
T. Lees,Tom Lees,70,70,1100000,CB,CB,England,https://cdn.sofifa.net/players/193/569/23_60.png,31,185,75,1631,352,Huddersfield Town,11000,2000000,CB,2025,32,2021,-,Right,2,2,1,-,https://cdn.sofifa.net/flags/gb-eng.png,-,-,Low,Medium,54,36,55,62,71,74,53,36,71,62,20,59,33,20,59,62,55,53,61,70,67,38,80,67,80,35,66,70,38,57,42,73,71,71,70,13,14,14,9,15,54,54,53,53,53,54,57,58,62,58,66,69,66,67,70,67,21,T. Lees,70,70,1100000,31,1631,CB,England,Defender,Rotation 70-77,Defender / Rotation 70-77
Javi López,Javier López Rodríguez,70,70,350000,RB,RB,Spain,https://cdn.sofifa.net/players/195/361/23_60.png,36,180,78,1856,388,Adelaide United,2000,438000,RB,2023,21,2020,-,Right,3,3,1,-,https://cdn.sofifa.net/flags/es.png,-,-,Medium,Medium,60,52,68,67,66,75,67,54,64,74,49,65,67,52,63,68,57,62,65,73,70,56,80,73,73,43,83,71,55,65,56,79,62,68,68,10,8,7,12,16,63,63,63,63,63,63,66,67,69,67,70,70,70,70,70,70,20,Javi López,70,70,350000,36,1856,RB,Spain,Defender,Rotation 70-77,Defender / Rotation 70-77
H. Orzán,Horacio Orzán,70,70,725000,"CM,CDM,CB",CM,Argentina,https://cdn.sofifa.net/players/215/074/23_60.png,34,177,73,1954,417,FBC Melgar,550,1600000,CDM,2022,22,2021,-,Right,3,3,1,-,https://cdn.sofifa.net/flags/ar.png,-,-,High,Medium,84,56,70,70,64,73,63,47,65,73,43,68,65,68,69,70,82,85,76,70,77,71,63,80,72,61,69,62,61,75,70,68,60,68,65,10,8,15,15,8,67,68,68,68,68,68,70,70,70,70,70,70,70,70,69,70,19,H. Orzán,70,70,725000,34,1954,CM,Argentina,Midfield,Rotation 70-77,Midfield / Rotation 70-77
C. Austin,Charlie Austin,70,70,1300000,ST,ST,England,https://cdn.sofifa.net/players/195/671/23_60.png,32,188,84,1688,343,Brisbane Roar,4000,1600000,ST,2024,9,2022,-,Right,2,2,1,-,https://cdn.sofifa.net/flags/gb-eng.png,-,-,Medium,Low,48,73,56,65,36,65,56,73,77,60,72,62,59,49,46,71,47,49,60,70,52,80,74,34,80,65,66,44,75,58,81,75,20,37,22,9,11,7,9,13,70,63,66,66,66,63,65,62,60,62,49,51,49,47,52,47,19,C. Austin,70,70,1300000,32,1688,ST,England,Forward,Rotation 70-77,Forward / Rotation 70-77
Paolinho Leima,Paolo Marco Leima Donatelo,70,70,1700000,"RWB,RB",RWB,Brazil,https://cdn.sofifa.net/players/230/233/23_60.png,22,169,69,1838,394,Clube Atlético Mineiro,14000,3100000,SUB,2025,24,2022,-,Right,3,2,1,-,https://cdn.sofifa.net/flags/br.png,-,-,Medium,Medium,75,50,65,69,63,72,69,41,54,68,49,70,63,45,69,71,74,76,63,68,71,65,68,77,65,51,84,65,65,60,54,54,58,69,62,7,8,11,11,7,63,65,64,64,64,65,67,70,69,70,70,70,70,69,67,69,17,Paolinho Leima,70,70,1700000,22,1838,RWB,Brazil,Defender,Rotation 70-77,Defender / Rotation 70-77
Paris Adot,Paris Adot Barandiaran,70,70,1100000,RB,RB,Spain,https://cdn.sofifa.net/players/243/553/23_60.png,32,180,70,1868,402,SD Ponferradina,6000,1800000,RB,2023,22,2020,-,Right,5,2,1,-,https://cdn.sofifa.net/flags/es.png,-,-,High,High,74,58,63,69,65,73,67,56,64,63,30,71,62,59,57,66,76,73,72,64,72,66,73,86,66,64,74,68,61,64,44,69,59,67,69,15,9,13,7,11,65,66,65,65,65,66,67,69,67,69,70,68,70,70,68,70,19,Paris Adot,70,70,1100000,32,1868,RB,Spain,Defender,Rotation 70-77,Defender / Rotation 70-77
D. Loader,Danny Loader,70,81,3600000,ST,ST,England,https://cdn.sofifa.net/players/239/631/23_60.png,21,182,76,1684,362,FC Porto,6000,7900000,RES,2025,19,2020,-,Right,3,3,1,-,https://cdn.sofifa.net/flags/gb-eng.png,-,-,High,High,77,70,57,72,21,65,44,72,56,63,68,71,55,50,45,73,78,77,79,66,73,70,71,61,76,66,40,17,73,70,65,63,20,15,19,9,11,11,9,11,72,69,71,71,71,69,71,69,62,69,48,46,48,45,40,45,18,D. Loader,70,81,3600000,21,1684,ST,England,Forward,Rotation 70-77,Forward / Rotation 70-77
Sergio Tejera,Sergio Tejera Rodríguez,70,70,1100000,"CDM,CM",CDM,Spain,https://cdn.sofifa.net/players/184/417/23_60.png,32,180,75,1974,414,FC Cartagena,5000,1800000,CDM,2023,23,2021,-,Left,3,2,1,-,https://cdn.sofifa.net/flags/es.png,-,-,High,High,67,68,69,69,66,75,67,64,59,71,62,68,71,70,68,70,71,63,73,66,62,74,64,80,73,69,76,68,69,68,71,72,64,69,66,12,7,16,9,14,69,68,68,68,68,68,70,70,70,70,70,70,70,70,69,70,19,Sergio Tejera,70,70,1100000,32,1974,CDM,Spain,Midfield,Rotation 70-77,Midfield / Rotation 70-77
F. Pérez,Facundo Pérez,70,76,2500000,"CM,RM",CM,Argentina,https://cdn.sofifa.net/players/253/030/23_60.png,22,170,65,1863,397,Club Atlético Lanús,9000,4300000,SUB,2023,34,2019,-,Right,4,3,1,-,https://cdn.sofifa.net/flags/ar.png,-,-,Medium,Medium,70,61,68,69,65,64,61,57,57,74,45,68,45,55,71,70,69,70,78,67,77,75,65,75,55,65,72,65,58,73,49,56,64,67,69,9,7,14,9,8,66,67,67,67,67,67,71,70,72,70,70,71,70,70,67,70,17,F. Pérez,70,76,2500000,22,1863,CM,Argentina,Midfield,Rotation 70-77,Midfield / Rotation 70-77
J. Geis,Johannes Geis,70,70,1400000,CDM,CDM,Germany,https://cdn.sofifa.net/players/202/087/23_60.png,28,181,81,1959,378,1. FC Nürnberg,8000,2200000,CDM,2025,5,2019,-,Right,3,2,1,-,https://cdn.sofifa.net/flags/de.png,-,-,Low,High,38,63,77,64,67,69,82,50,63,74,64,58,90,78,76,68,43,34,65,67,73,85,79,64,71,73,66,68,57,73,65,75,67,66,72,15,15,14,16,8,64,62,62,62,62,62,67,65,70,65,69,70,69,68,69,68,21,J. Geis,70,70,1400000,28,1959,CDM,Germany,Midfield,Rotation 70-77,Midfield / Rotation 70-77
Álvaro Jiménez,Álvaro José Jiménez Guerrero,70,70,1700000,"RM,LM",RM,Spain,https://cdn.sofifa.net/players/235/623/23_60.png,27,175,71,1810,392,Unión Deportiva Las Palmas,16000,0,SUB,2023,15,2021,TRUE,Right,3,3,1,-,https://cdn.sofifa.net/flags/es.png,-,-,High,Medium,79,67,66,69,46,65,68,66,48,66,69,69,74,49,62,67,80,79,76,66,77,75,53,81,61,65,57,48,69,68,48,67,57,39,32,7,12,10,7,5,69,69,69,69,69,69,70,70,67,70,63,60,63,60,53,60,16,Álvaro Jiménez,70,70,1700000,27,1810,RM,Spain,Midfield,Rotation 70-77,Midfield / Rotation 70-77
K. McFadzean,Kyle McFadzean,70,70,425000,CB,CB,England,https://cdn.sofifa.net/players/173/671/23_60.png,35,185,85,1476,318,Coventry City,9000,808000,CB,2023,5,2019,-,Right,2,2,1,-,https://cdn.sofifa.net/flags/gb-eng.png,-,-,Medium,High,34,37,49,49,70,79,20,35,73,64,28,47,22,35,64,52,33,34,33,65,47,51,74,69,84,33,80,71,26,49,36,58,72,69,63,11,13,11,6,6,50,42,46,46,46,42,50,48,58,48,58,68,58,60,70,60,17,K. McFadzean,70,70,425000,35,1476,CB,England,Defender,Rotation 70-77,Defender / Rotation 70-77
B. Soppy,Brandon Soppy,70,81,3300000,"RWB,RM",RWB,France,https://cdn.sofifa.net/players/258/407/23_60.png,20,181,80,1827,398,Atalanta,15000,6300000,SUB,2026,93,2022,-,Right,3,2,1,-,https://cdn.sofifa.net/flags/fr.png,-,-,Medium,Medium,80,48,64,68,65,73,69,41,65,68,43,68,58,32,63,68,80,80,74,62,72,61,75,73,76,48,66,64,63,60,49,60,63,68,66,7,12,12,10,11,63,65,63,63,63,65,66,69,66,69,70,68,70,70,69,70,18,B. Soppy,70,81,3300000,20,1827,RWB,France,Defender,Rotation 70-77,Defender / Rotation 70-77
F. Klaus,Felix Klaus,70,70,1600000,"RM,LM",RW,Germany,https://cdn.sofifa.net/players/202/088/23_60.png,29,179,79,1795,390,Fortuna Düsseldorf,14000,2600000,RM,2023,11,2021,-,Right,3,3,1,-,https://cdn.sofifa.net/flags/de.png,-,-,Medium,Medium,83,66,64,72,39,66,65,65,45,70,60,73,68,65,45,72,76,89,75,68,73,74,67,65,67,62,63,39,68,67,62,67,43,36,33,7,6,13,6,8,70,70,70,70,70,70,70,70,65,70,60,56,60,57,52,57,16,F. Klaus,70,70,1600000,29,1795,RW,Germany,Forward,Rotation 70-77,Forward / Rotation 70-77
A. Lotti,Augusto Lotti,70,72,2000000,ST,ST,Argentina,https://cdn.sofifa.net/players/242/019/23_60.png,26,179,70,1666,364,Atlético Tucumán,8000,3200000,ST,2024,9,2019,-,Right,3,3,1,-,https://cdn.sofifa.net/flags/ar.png,-,-,Medium,High,78,68,56,70,26,66,49,69,67,66,53,70,55,42,41,73,72,82,72,64,68,70,58,70,74,66,45,19,70,60,66,63,19,23,26,9,13,11,13,11,72,68,69,69,69,68,69,68,61,68,51,47,51,49,44,49,19,A. Lotti,70,72,2000000,26,1666,ST,Argentina,Forward,Rotation 70-77,Forward / Rotation 70-77
J. Panzo,Jonathan Panzo,70,77,3000000,"CB,LB,LWB",CB,England,https://cdn.sofifa.net/players/252/001/23_60.png,21,185,72,1723,376,Coventry City,20000,0,CB,2023,2,2022,TRUE,Left,3,2,1,-,https://cdn.sofifa.net/flags/gb-eng.png,-,-,Medium,High,68,42,62,62,70,72,63,35,68,66,33,61,53,33,65,66,64,72,57,69,65,61,77,64,76,39,69,70,41,59,43,51,68,72,69,9,10,6,12,8,58,58,57,57,57,58,61,63,64,63,69,70,69,70,72,70,18,J. Panzo,70,77,3000000,21,1723,CB,England,Defender,Rotation 70-77,Defender / Rotation 70-77
O. Merlo,Omar Merlo,70,70,425000,CB,CB,Argentina,https://cdn.sofifa.net/players/186/977/23_60.png,35,185,80,1540,327,Club Sporting Cristal,500,914000,CB,2023,5,2018,-,Right,2,2,1,-,https://cdn.sofifa.net/flags/ar.png,-,-,Medium,High,52,35,51,45,69,75,43,35,80,65,27,29,45,38,46,62,52,52,53,64,46,35,68,61,81,36,78,71,21,43,49,57,62,71,66,14,14,11,16,6,49,45,45,45,45,45,49,49,55,49,62,66,62,65,70,65,20,O. Merlo,70,70,425000,35,1540,CB,Argentina,Defender,Rotation 70-77,Defender / Rotation 70-77
Carrillo,José Ángel Carrillo Casamayor,70,70,1600000,ST,ST,Spain,https://cdn.sofifa.net/players/221/539/23_60.png,28,181,82,1729,359,SD Huesca,7000,2600000,SUB,2024,18,2022,-,Right,3,3,1,-,https://cdn.sofifa.net/flags/es.png,-,-,High,Medium,64,73,63,68,34,57,63,73,74,72,65,72,45,50,51,70,68,61,60,65,59,75,85,72,50,72,47,25,69,63,75,55,44,19,23,11,12,14,13,12,70,68,70,70,70,68,70,70,64,70,54,51,54,51,46,51,20,Carrillo,70,70,1600000,28,1729,ST,Spain,Forward,Rotation 70-77,Forward / Rotation 70-77
Breno Bemposta,Breno Evandro Bemposta Dimas,70,70,1500000,"CDM,CM",CDM,Brazil,https://cdn.sofifa.net/players/230/243/23_60.png,26,176,78,1879,375,Ceará Sporting Club,7000,2900000,SUB,2025,22,2022,-,Right,3,2,1,-,https://cdn.sofifa.net/flags/br.png,-,-,Medium,Medium,44,57,66,69,71,68,56,41,66,69,46,67,74,75,65,74,45,44,66,71,70,72,60,78,71,76,51,66,61,67,74,69,74,77,60,14,8,15,8,18,63,62,63,63,63,62,67,65,70,65,68,70,68,68,70,68,21,Breno Bemposta,70,70,1500000,26,1879,CDM,Brazil,Midfield,Rotation 70-77,Midfield / Rotation 70-77
C. Spinelli,Claudio Spinelli,70,75,2400000,ST,ST,Argentina,https://cdn.sofifa.net/players/238/180/23_60.png,25,180,80,1605,350,Club Atlético Lanús,10000,3800000,SUB,2022,18,2022,-,Right,2,3,1,-,https://cdn.sofifa.net/flags/ar.png,-,-,Medium,Medium,67,68,57,69,26,63,51,74,68,66,62,68,47,34,52,73,68,66,69,65,53,69,74,63,74,59,31,17,74,57,52,66,28,17,19,13,9,13,7,13,72,67,68,68,68,67,69,67,61,67,49,47,49,46,42,46,19,C. Spinelli,70,75,2400000,25,1605,ST,Argentina,Forward,Rotation 70-77,Forward / Rotation 70-77
Farley,Farley Vieira Rosa,70,70,1600000,"LM,CM,LW",LM,Brazil,https://cdn.sofifa.net/players/245/348/23_60.png,28,177,65,1637,357,Tianjin Jinmen Tiger FC,6000,2500000,CM,2023,18,2022,-,Right,3,3,1,-,https://cdn.sofifa.net/flags/br.png,-,-,Medium,Low,83,64,65,71,22,52,67,67,41,67,60,73,66,67,63,71,80,86,73,61,71,64,47,59,56,62,36,20,62,62,52,59,18,21,22,14,6,8,7,8,66,69,68,68,68,69,70,70,63,70,52,47,52,48,37,48,16,Farley,70,70,1600000,28,1637,LM,Brazil,Midfield,Rotation 70-77,Midfield / Rotation 70-77
N. Ngoumou,Nathan Ngoumou,70,81,3600000,"RW,RM",RM,France,https://cdn.sofifa.net/players/250/724/23_60.png,22,182,70,1730,377,Borussia Mönchengladbach,14000,6800000,SUB,2027,19,2022,-,Right,2,3,1,-,https://cdn.sofifa.net/flags/fr.png,-,-,High,Medium,86,65,64,69,33,60,66,67,46,67,65,70,62,47,61,70,83,89,67,70,64,66,58,73,59,59,46,17,71,63,66,67,41,31,34,9,11,9,12,11,69,70,69,69,69,70,71,72,65,72,58,52,58,55,46,55,19,N. Ngoumou,70,81,3600000,22,1730,RM,France,Midfield,Rotation 70-77,Midfield / Rotation 70-77
Bustinza,Unai Bustinza Martínez,70,70,1300000,"CB,RB",CB,Spain,https://cdn.sofifa.net/players/224/869/23_60.png,30,175,73,1701,362,Málaga CF,6000,2100000,SUB,2025,4,2022,-,Right,3,2,1,-,https://cdn.sofifa.net/flags/es.png,-,-,Low,Medium,57,35,61,61,70,78,75,30,68,66,23,57,55,35,54,64,56,58,59,69,70,44,81,77,80,38,72,72,52,50,33,64,70,69,67,14,12,11,13,7,55,57,55,55,55,57,58,62,62,62,70,69,70,70,70,70,20,Bustinza,70,70,1300000,30,1701,CB,Spain,Defender,Rotation 70-77,Defender / Rotation 70-77
Jesús Vázquez,Jesús Vázquez Alcalde,70,81,3300000,"LB,LWB,LM",LB,Spain,https://cdn.sofifa.net/players/260/082/23_60.png,19,182,77,1766,375,Valencia CF,8000,7600000,SUB,2025,21,2020,-,Left,2,2,1,-,https://cdn.sofifa.net/flags/es.png,-,-,Medium,Medium,69,49,64,64,67,62,70,41,64,71,56,62,62,31,68,67,68,70,65,68,63,64,58,62,63,51,59,63,58,53,42,60,64,72,71,15,10,11,11,13,62,62,61,61,61,62,64,66,66,66,70,68,70,70,68,70,20,Jesús Vázquez,70,81,3300000,19,1766,LB,Spain,Defender,Rotation 70-77,Defender / Rotation 70-77
T. Pembélé,Timothée Pembélé,70,81,3300000,"RB,RWB,CB",RM,France,https://cdn.sofifa.net/players/257/270/23_60.png,19,182,76,1790,398,Paris Saint-Germain,16000,6800000,SUB,2024,32,2020,-,Right,3,3,1,-,https://cdn.sofifa.net/flags/fr.png,-,-,High,Medium,87,49,63,71,64,64,66,48,60,67,31,69,53,41,59,73,86,88,78,66,66,58,66,67,64,43,59,62,65,63,45,68,63,67,65,11,14,9,10,8,65,68,66,66,66,68,68,71,67,71,70,67,70,70,67,70,19,T. Pembélé,70,81,3300000,19,1790,RM,France,Midfield,Rotation 70-77,Midfield / Rotation 70-77
Patrick William,Patrick William Sá De Oliveira,70,76,2200000,CB,CB,Brazil,https://cdn.sofifa.net/players/252/150/23_60.png,25,185,78,1840,384,Rio Ave FC,5000,5100000,SUB,2025,4,2022,-,Right,3,2,1,-,https://cdn.sofifa.net/flags/br.png,-,-,High,High,57,64,63,56,69,75,64,54,67,66,56,52,60,77,57,60,53,60,49,67,50,85,87,73,77,75,71,69,33,60,57,73,68,70,69,12,10,13,9,10,62,57,58,58,58,57,60,60,63,60,68,69,68,68,72,68,19,Patrick William,70,76,2200000,25,1840,CB,Brazil,Defender,Rotation 70-77,Defender / Rotation 70-77
Waldo,Waldo Rubio Martin,70,70,1700000,"LM,RM",RW,Spain,https://cdn.sofifa.net/players/231/414/23_60.png,26,182,75,1828,384,CD Tenerife,6000,2700000,SUB,2024,17,2022,-,Right,4,4,1,-,https://cdn.sofifa.net/flags/es.png,-,-,High,Medium,83,70,62,74,35,60,68,66,64,63,71,75,69,60,55,70,87,79,83,69,81,78,79,58,60,73,60,40,67,58,70,67,31,30,26,10,6,7,7,8,70,70,70,70,70,70,70,70,63,70,57,53,57,54,49,54,16,Waldo,70,70,1700000,26,1828,RW,Spain,Forward,Rotation 70-77,Forward / Rotation 70-77
A. Lusamba,Arnaud Lusamba,70,74,2200000,"CM,RW",RM,France,https://cdn.sofifa.net/players/224/756/23_60.png,25,180,74,1964,414,Aytemiz Alanyaspor,12000,4600000,SUB,2025,97,2022,-,Right,3,4,1,-,https://cdn.sofifa.net/flags/fr.png,-,-,Medium,Medium,72,64,70,74,64,70,72,64,61,70,53,73,62,68,69,74,73,71,81,69,77,66,80,78,73,61,50,68,70,72,69,68,62,64,65,9,8,14,6,12,70,71,70,70,70,71,73,74,72,74,72,70,72,71,68,71,18,A. Lusamba,70,74,2200000,25,1964,RM,France,Midfield,Rotation 70-77,Midfield / Rotation 70-77
N. Pasquini,Nicolás Pasquini,70,70,1200000,"LB,LM,CM",LB,Argentina,https://cdn.sofifa.net/players/214/772/23_60.png,31,172,76,1927,406,Club Atlético Lanús,9000,1800000,LB,2022,21,2013,-,Left,2,3,1,-,https://cdn.sofifa.net/flags/ar.png,-,-,Medium,Medium,77,59,72,63,65,70,74,47,57,71,57,60,82,72,69,65,78,76,74,56,68,80,58,85,68,67,59,66,58,72,57,52,68,65,63,15,11,13,8,8,64,65,64,64,64,65,67,69,69,69,70,69,70,70,66,70,18,N. Pasquini,70,70,1200000,31,1927,LB,Argentina,Defender,Rotation 70-77,Defender / Rotation 70-77
E. Zenga,Erik Zenga,70,70,1400000,"CDM,CM",CDM,Germany,https://cdn.sofifa.net/players/208/370/23_60.png,29,181,78,1869,406,SV Sandhausen,5000,2200000,CDM,2023,17,2015,-,Right,3,3,1,-,https://cdn.sofifa.net/flags/de.png,-,-,High,Medium,78,56,67,70,66,69,60,56,59,72,47,70,59,48,68,72,79,77,72,70,69,58,75,65,68,55,76,66,63,69,45,63,65,68,66,8,8,13,12,11,66,68,67,67,67,68,70,70,70,70,70,70,70,70,70,70,19,E. Zenga,70,70,1400000,29,1869,CDM,Germany,Midfield,Rotation 70-77,Midfield / Rotation 70-77
R. Leonard,Ryan Leonard,70,70,1300000,"CDM,CM,RWB",CDM,England,https://cdn.sofifa.net/players/200/689/23_60.png,30,185,82,1959,419,Millwall,8000,2500000,SUB,2025,18,2019,-,Right,3,3,1,-,https://cdn.sofifa.net/flags/gb-eng.png,-,-,High,High,77,65,65,67,67,78,61,58,60,70,68,66,55,55,68,64,75,78,78,70,69,80,79,84,79,68,70,66,61,65,53,65,67,68,70,10,14,9,8,13,69,66,67,67,67,66,69,69,70,69,70,70,70,70,70,70,20,R. Leonard,70,70,1300000,30,1959,CDM,England,Midfield,Rotation 70-77,Midfield / Rotation 70-77
Q. Merlin,Quentin Merlin,70,84,3700000,"LB,LWB,LM",LM,France,https://cdn.sofifa.net/players/261/616/23_60.png,20,173,67,1900,395,FC Nantes,9000,9700000,LWB,2026,29,2020,-,Left,2,3,1,-,https://cdn.sofifa.net/flags/fr.png,-,-,High,Medium,70,59,69,75,64,58,77,49,50,70,67,78,63,71,65,76,72,68,71,61,80,69,62,74,50,66,55,61,71,64,55,66,63,72,67,11,11,12,10,9,65,70,68,68,68,70,71,72,71,72,72,68,72,70,64,70,18,Q. Merlin,70,84,3700000,20,1900,LM,France,Midfield,Rotation 70-77,Midfield / Rotation 70-77
F. Torrent,Fernando Torrent,70,70,1400000,RB,RB,Argentina,https://cdn.sofifa.net/players/251/127/23_60.png,30,173,72,1800,392,Rosario Central,9000,2100000,SUB,2022,20,2020,-,Right,3,3,1,-,https://cdn.sofifa.net/flags/ar.png,-,-,High,Medium,78,49,61,69,63,72,74,40,53,65,43,70,53,42,59,67,77,79,75,67,67,63,69,79,70,55,71,65,61,51,46,59,59,69,66,7,13,9,8,8,62,65,62,62,62,65,64,68,65,68,70,68,70,70,67,70,17,F. Torrent,70,70,1400000,30,1800,RB,Argentina,Defender,Rotation 70-77,Defender / Rotation 70-77
G. Hein,Gauthier Hein,70,71,1900000,"RM,CM,CAM",RM,France,https://cdn.sofifa.net/players/234/239/23_60.png,25,170,65,1783,376,AJ Auxerre,10000,3900000,RM,2025,7,2020,-,Left,3,4,1,-,https://cdn.sofifa.net/flags/fr.png,-,-,High,Medium,79,68,66,75,34,54,62,67,31,69,51,76,78,69,65,73,81,78,90,59,90,74,67,57,48,75,61,39,61,62,51,57,32,35,33,13,7,5,9,15,66,70,69,69,69,70,71,70,66,70,57,55,57,53,46,53,18,G. Hein,70,71,1900000,25,1783,RM,France,Midfield,Rotation 70-77,Midfield / Rotation 70-77
Eltson Marques,Elton Matheus Marques Paiva,70,70,1300000,CB,CB,Brazil,https://cdn.sofifa.net/players/230/398/23_60.png,30,188,88,1483,315,Internacional,13000,2500000,SUB,2025,18,2022,-,Right,3,2,1,-,https://cdn.sofifa.net/flags/br.png,-,-,Medium,Medium,40,43,43,49,70,70,35,37,77,48,43,36,33,45,53,68,44,36,35,75,36,57,36,44,88,42,66,74,28,39,51,60,67,68,73,8,9,11,11,10,54,45,47,47,47,45,48,48,54,48,59,65,59,63,70,63,19,Eltson Marques,70,70,1300000,30,1483,CB,Brazil,Defender,Rotation 70-77,Defender / Rotation 70-77
C. Menéndez,Cristian Menéndez,70,70,775000,ST,ST,Argentina,https://cdn.sofifa.net/players/215/294/23_60.png,34,185,83,1773,372,Atlético Tucumán,8000,1200000,SUB,2023,11,2021,-,Right,3,3,1,-,https://cdn.sofifa.net/flags/ar.png,-,-,High,High,65,69,59,68,38,73,50,68,75,63,65,66,51,47,56,71,65,65,74,70,57,73,80,64,84,65,56,47,72,69,70,68,32,28,35,14,12,9,13,7,70,66,68,68,68,66,69,67,65,67,55,56,55,54,54,54,20,C. Menéndez,70,70,775000,34,1773,ST,Argentina,Forward,Rotation 70-77,Forward / Rotation 70-77
Rober Correa,Roberto Antonio Correa Silva,70,70,1400000,RB,RB,Spain,https://cdn.sofifa.net/players/208/638/23_60.png,29,180,71,1768,383,SD Eibar,6000,2200000,SUB,2024,4,2019,-,Right,3,2,1,-,https://cdn.sofifa.net/flags/es.png,-,-,Medium,Medium,74,43,59,63,67,77,67,38,63,65,40,60,47,44,52,63,71,76,73,66,73,64,73,80,76,36,76,65,44,54,40,58,66,71,68,14,10,12,12,9,59,59,57,57,57,59,60,63,62,63,70,68,70,70,70,70,19,Rober Correa,70,70,1400000,29,1768,RB,Spain,Defender,Rotation 70-77,Defender / Rotation 70-77
Carlos Domínguez,Carlos Dominguez Cáceres,70,78,3300000,CB,CB,Spain,https://cdn.sofifa.net/players/262/140/23_60.png,21,187,71,1517,332,RC Celta de Vigo,8000,7600000,SUB,2026,26,2020,-,Left,3,2,1,-,https://cdn.sofifa.net/flags/es.png,-,-,Medium,Medium,67,28,53,50,71,63,50,29,74,72,18,38,26,32,53,64,64,69,46,68,56,36,74,56,63,15,70,71,40,33,38,54,69,73,72,5,14,5,9,15,51,50,49,49,49,50,52,55,57,55,67,68,67,69,72,69,19,Carlos Domínguez,70,78,3300000,21,1517,CB,Spain,Defender,Rotation 70-77,Defender / Rotation 70-77
Benito,Benito Ramírez del Toro,70,70,1600000,"LB,LM,RM",LB,Spain,https://cdn.sofifa.net/players/235/515/23_60.png,26,179,70,1904,415,Unión Deportiva Las Palmas,6000,2600000,SUB,2024,11,2015,-,Left,3,3,1,-,https://cdn.sofifa.net/flags/es.png,-,-,Medium,Medium,86,65,65,70,63,66,63,64,68,70,41,70,60,65,63,69,85,87,77,67,76,72,56,70,67,70,62,62,64,62,51,68,60,64,65,7,11,11,12,13,70,70,69,69,69,70,70,70,68,70,70,67,70,70,67,70,19,Benito,70,70,1600000,26,1904,LB,Spain,Defender,Rotation 70-77,Defender / Rotation 70-77
J. Hogg,Jonathan Hogg,70,70,800000,"CDM,CM,CB",CDM,England,https://cdn.sofifa.net/players/183/546/23_60.png,33,176,73,1796,383,Huddersfield Town,11000,1500000,CM,2024,6,2013,-,Right,3,2,1,-,https://cdn.sofifa.net/flags/gb-eng.png,-,-,Low,High,58,53,61,66,69,76,56,51,64,72,47,64,46,41,63,67,62,55,64,66,72,64,82,76,72,50,84,69,54,54,41,69,68,73,67,6,8,13,14,11,62,61,61,61,61,61,64,64,67,64,69,70,69,69,70,69,18,J. Hogg,70,70,800000,33,1796,CDM,England,Midfield,Rotation 70-77,Midfield / Rotation 70-77
Adrián López,Adrián López Álvarez,70,70,775000,"ST,LM,RM",CF,Spain,https://cdn.sofifa.net/players/173/818/23_60.png,34,183,73,1775,368,Málaga CF,7000,1200000,SUB,2023,7,2022,-,Right,4,3,1,-,https://cdn.sofifa.net/flags/es.png,-,-,Medium,Low,71,71,69,70,27,60,68,70,69,70,70,69,74,57,65,71,70,71,71,70,62,71,70,44,68,69,58,32,74,71,76,71,20,19,16,13,14,12,6,15,70,70,70,70,70,70,70,70,66,70,51,51,51,48,45,48,20,Adrián López,70,70,775000,34,1775,CF,Spain,Forward,Rotation 70-77,Forward / Rotation 70-77
Vitor Marlão,Vitor Marlon Bereitta Cortejo,70,70,1600000,"LB,CB",LB,Brazil,https://cdn.sofifa.net/players/233/978/23_60.png,26,178,71,1644,357,Fortaleza,7000,3000000,SUB,2025,3,2022,-,Left,3,2,1,-,https://cdn.sofifa.net/flags/br.png,-,-,Medium,Medium,66,45,61,54,70,61,75,51,60,72,50,49,43,45,54,53,61,70,66,73,44,46,42,59,68,34,51,67,38,43,42,70,76,67,72,17,10,17,10,19,56,57,53,53,53,57,56,60,58,60,69,66,69,70,68,70,23,Vitor Marlão,70,70,1600000,26,1644,LB,Brazil,Defender,Rotation 70-77,Defender / Rotation 70-77
Nuno Moldeiro,Nuno Jorgino Moldeiro Vaz,70,70,1700000,LM,LM,Brazil,https://cdn.sofifa.net/players/230/394/23_60.png,26,179,79,1759,380,Sport Club Corinthians Paulista,15000,3200000,SUB,2025,18,2022,-,Left,3,2,1,-,https://cdn.sofifa.net/flags/br.png,-,-,Medium,Medium,82,61,65,72,37,63,71,62,51,67,48,73,68,57,56,70,81,82,80,67,74,64,67,71,65,58,48,38,61,64,58,56,43,31,25,14,14,7,14,10,67,69,67,67,67,69,69,70,64,70,59,55,59,56,49,56,21,Nuno Moldeiro,70,70,1700000,26,1759,LM,Brazil,Midfield,Rotation 70-77,Midfield / Rotation 70-77
D. Srbeny,Dennis Srbeny,70,70,1600000,"ST,CAM",ST,Germany,https://cdn.sofifa.net/players/239/097/23_60.png,28,190,83,1700,369,SC Paderborn 07,13000,2600000,SUB,2023,18,2020,-,Right,3,3,1,-,https://cdn.sofifa.net/flags/de.png,-,-,High,Medium,68,68,59,69,33,72,49,70,68,68,60,68,56,35,50,72,67,69,69,74,44,74,77,71,77,57,58,30,72,66,65,73,29,28,26,15,9,11,6,10,70,67,70,70,70,67,70,69,65,69,54,53,54,51,50,51,19,D. Srbeny,70,70,1600000,28,1700,ST,Germany,Forward,Rotation 70-77,Forward / Rotation 70-77
M. Aké,Marley Aké,70,77,3200000,LW,RM,France,https://cdn.sofifa.net/players/251/341/23_60.png,21,177,68,1778,378,Juventus,36000,6100000,RES,2025,38,2021,-,Right,3,3,1,-,https://cdn.sofifa.net/flags/fr.png,-,-,Medium,Medium,82,63,63,76,39,55,65,60,55,68,57,78,56,56,60,76,79,85,79,70,78,70,62,69,51,64,48,36,58,60,63,58,34,39,40,14,15,10,13,10,68,70,69,69,69,70,71,72,66,72,61,56,61,58,50,58,21,M. Aké,70,77,3200000,21,1778,RM,France,Midfield,Rotation 70-77,Midfield / Rotation 70-77
K. Zenón,Kevin Zenón,70,80,3600000,"LM,RM,LW",CAM,Argentina,https://cdn.sofifa.net/players/259/789/23_60.png,21,177,70,1777,384,Unión de Santa Fe,6000,6100000,SUB,2023,34,2020,-,Left,4,4,1,-,https://cdn.sofifa.net/flags/ar.png,-,-,Medium,Medium,82,67,65,73,42,55,64,64,54,68,48,74,73,57,65,71,81,82,83,59,80,76,49,70,53,70,44,39,69,60,59,72,37,45,37,10,10,10,7,9,69,70,69,69,69,70,71,71,66,71,60,56,60,58,50,58,17,K. Zenón,70,80,3600000,21,1777,CAM,Argentina,Midfield,Rotation 70-77,Midfield / Rotation 70-77
Jefté,Jefté Betancor Sánchez,70,70,1600000,ST,ST,Spain,https://cdn.sofifa.net/players/206/031/23_60.png,28,186,79,1768,372,CFR Cluj,11000,2200000,ST,2023,17,2022,-,Right,3,3,1,-,https://cdn.sofifa.net/flags/es.png,-,-,Medium,Low,70,69,61,68,32,72,54,71,68,66,67,66,62,51,58,70,67,72,70,68,69,69,75,76,74,63,60,23,73,64,74,71,24,37,20,10,15,9,8,15,70,67,68,68,68,67,69,69,65,69,53,53,53,51,48,51,20,Jefté,70,70,1600000,28,1768,ST,Spain,Forward,Rotation 70-77,Forward / Rotation 70-77
R. Enrique,Ramiro Enrique,70,82,3900000,"ST,LW",ST,Argentina,https://cdn.sofifa.net/players/261/072/23_60.png,21,171,68,1738,369,Club Atlético Banfield,7000,6400000,ST,2023,18,2021,-,Right,3,3,1,-,https://cdn.sofifa.net/flags/ar.png,-,-,High,High,79,71,60,70,26,63,60,73,65,63,64,68,43,46,58,70,81,77,78,60,81,76,90,83,59,66,39,24,72,63,58,70,20,23,22,14,13,14,7,8,72,69,69,69,69,69,70,70,64,70,53,49,53,50,42,50,18,R. Enrique,70,82,3900000,21,1738,ST,Argentina,Forward,Rotation 70-77,Forward / Rotation 70-77
B. Luciatti,Brian Abel Luciatti,70,71,1500000,"CB,LB",CB,Argentina,https://cdn.sofifa.net/players/230/865/23_60.png,29,178,67,1674,361,Club Atlético Tigre,7000,2400000,CB,2022,6,2020,-,Left,2,2,1,-,https://cdn.sofifa.net/flags/ar.png,-,-,Low,Medium,65,50,45,53,71,77,43,51,72,61,35,44,48,34,45,51,64,66,70,70,74,59,83,75,83,46,65,68,25,22,52,68,71,72,69,10,15,14,12,5,56,49,49,49,49,49,50,52,53,52,65,65,65,67,71,67,19,B. Luciatti,70,71,1500000,29,1674,CB,Argentina,Defender,Rotation 70-77,Defender / Rotation 70-77
M. Capasso,Manuel Capasso,70,74,2000000,CB,CB,Argentina,https://cdn.sofifa.net/players/244/945/23_60.png,26,188,87,1486,323,Atlético Tucumán,8000,0,CB,2022,26,2020,TRUE,Right,2,2,1,-,https://cdn.sofifa.net/flags/ar.png,-,-,Medium,Medium,54,35,40,47,72,75,30,35,68,56,31,35,30,31,31,58,53,55,42,68,48,46,75,64,84,22,65,71,32,34,43,67,73,72,70,10,14,14,13,13,51,44,45,45,45,44,46,48,50,48,62,64,62,65,72,65,21,M. Capasso,70,74,2000000,26,1486,CB,Argentina,Defender,Rotation 70-77,Defender / Rotation 70-77
M. Barreto,Mickaël Barreto,70,70,1300000,"LM,RM",LM,France,https://cdn.sofifa.net/players/204/242/23_60.png,31,175,67,1765,370,AC Ajaccio,11000,2600000,SUB,2023,4,2020,-,Right,4,3,1,-,https://cdn.sofifa.net/flags/fr.png,-,-,High,Medium,79,62,67,71,27,64,70,60,47,70,52,71,60,66,69,69,80,79,88,60,76,68,78,72,62,64,53,45,61,59,67,59,21,17,18,14,10,15,15,9,66,68,66,66,66,68,69,70,65,70,56,53,56,51,43,51,19,M. Barreto,70,70,1300000,31,1765,LM,France,Midfield,Rotation 70-77,Midfield / Rotation 70-77
Álex Blanco,Alejandro Blanco Sánchez,70,75,2400000,"LM,RM",LM,Spain,https://cdn.sofifa.net/players/245/714/23_60.png,23,175,70,1686,371,Como,2000,4000000,LM,2024,19,2022,-,Left,3,3,1,-,https://cdn.sofifa.net/flags/es.png,-,-,Medium,Medium,80,63,66,72,37,53,69,68,45,71,44,70,54,45,65,72,81,80,81,62,80,66,46,60,56,58,40,42,61,62,56,64,38,32,28,6,8,12,14,14,67,69,68,68,68,69,70,71,65,71,58,55,58,55,46,55,18,Álex Blanco,70,75,2400000,23,1686,LM,Spain,Midfield,Rotation 70-77,Midfield / Rotation 70-77
D. Musto,Damián Musto,70,70,450000,"CDM,CM",CDM,Argentina,https://cdn.sofifa.net/players/216/019/23_60.png,35,183,80,1696,354,FC Cartagena,4000,720000,SUB,2023,18,2022,-,Right,3,2,1,-,https://cdn.sofifa.net/flags/ar.png,-,-,Low,Medium,41,49,60,58,71,75,54,34,68,62,32,57,35,50,74,61,33,48,44,67,55,69,68,66,78,65,81,74,59,59,39,68,69,75,63,11,14,9,14,9,58,54,56,56,56,54,59,58,66,58,65,70,65,65,70,65,20,D. Musto,70,70,450000,35,1696,CDM,Argentina,Midfield,Rotation 70-77,Midfield / Rotation 70-77
T. Handwerker,Tim Handwerker,70,74,2100000,LB,LWB,Germany,https://cdn.sofifa.net/players/239/571/23_60.png,24,182,74,1822,392,1. FC Nürnberg,6000,3500000,SUB,2024,29,2019,-,Left,3,2,1,-,https://cdn.sofifa.net/flags/de.png,-,-,High,Medium,81,50,60,67,62,72,65,42,52,60,43,66,71,59,58,66,84,79,74,65,71,63,67,93,66,59,61,68,56,55,36,61,53,69,67,11,11,15,7,10,61,63,61,61,61,63,64,67,65,67,71,67,71,70,65,70,18,T. Handwerker,70,74,2100000,24,1822,LWB,Germany,Defender,Rotation 70-77,Defender / Rotation 70-77
S. Pierotti,Santiago Pierotti,70,77,3200000,"RM,CM",CAM,Argentina,https://cdn.sofifa.net/players/253/139/23_60.png,21,189,83,1887,406,Club Atlético Colón,6000,5400000,CM,2022,30,2019,-,Right,3,3,1,-,https://cdn.sofifa.net/flags/ar.png,-,-,High,Medium,70,67,66,73,61,69,63,67,57,70,59,73,67,49,65,74,69,71,70,70,67,72,63,60,74,67,70,62,73,65,55,77,54,68,63,14,6,7,11,12,71,70,70,70,70,70,72,71,70,71,68,68,68,67,67,67,19,S. Pierotti,70,77,3200000,21,1887,CAM,Argentina,Midfield,Rotation 70-77,Midfield / Rotation 70-77
W. Montoya,Walter Montoya,70,70,1600000,"RM,CM",RM,Argentina,https://cdn.sofifa.net/players/224/461/23_60.png,28,173,72,1873,402,Rosario Central,10000,2400000,RM,2023,8,2018,-,Right,3,3,1,-,https://cdn.sofifa.net/flags/ar.png,-,-,Medium,Medium,76,63,67,71,54,71,65,54,46,70,48,72,65,60,64,69,76,76,75,68,76,78,63,74,71,72,71,52,67,69,51,65,54,58,50,9,10,12,15,13,67,69,68,68,68,69,70,70,69,70,66,65,66,64,61,64,20,W. Montoya,70,70,1600000,28,1873,RM,Argentina,Midfield,Rotation 70-77,Midfield / Rotation 70-77
J. Portillo,Juan Portillo,70,78,3400000,"CDM,CB,CM",CB,Argentina,https://cdn.sofifa.net/players/259/788/23_60.png,22,182,75,1871,409,Unión de Santa Fe,6000,5800000,CM,2024,28,2020,-,Right,4,2,1,-,https://cdn.sofifa.net/flags/ar.png,-,-,Medium,Medium,77,56,62,68,69,77,58,55,64,68,49,68,43,41,65,66,77,77,76,63,80,59,82,81,73,57,81,68,57,61,49,55,70,70,68,14,5,14,7,5,65,65,64,64,64,65,67,68,68,68,71,71,71,71,72,71,16,J. Portillo,70,78,3400000,22,1871,CB,Argentina,Defender,Rotation 70-77,Defender / Rotation 70-77
Serginho,Sérgio Antônio Soler Oliveira Jr,70,70,1600000,"CM,RM,ST",CAM,Brazil,https://cdn.sofifa.net/players/225/478/23_60.png,28,189,85,1909,407,Changchun Yatai FC,7000,2500000,SUB,2027,10,2020,-,Left,4,4,1,-,https://cdn.sofifa.net/flags/br.png,-,-,High,Medium,69,73,72,72,45,76,65,73,65,76,65,72,73,71,72,73,63,74,70,67,66,76,56,77,85,75,55,42,72,73,70,71,32,50,53,14,8,14,6,6,70,70,70,70,70,70,70,70,70,70,63,63,63,61,58,61,17,Serginho,70,70,1600000,28,1909,CAM,Brazil,Midfield,Rotation 70-77,Midfield / Rotation 70-77
Jonaldo Monteiro,Jonaldo Kauã Monteiro Moura,70,70,1700000,"LB,LWB,LM",LB,Brazil,https://cdn.sofifa.net/players/230/343/23_60.png,22,179,74,1836,387,Fortaleza,6000,3200000,LM,2025,17,2022,-,Left,3,2,1,-,https://cdn.sofifa.net/flags/br.png,-,-,Medium,Medium,74,51,66,61,64,71,66,51,61,71,53,55,54,55,67,61,75,74,71,72,73,52,56,81,67,45,71,63,55,61,61,62,64,66,65,14,16,12,13,15,61,62,60,60,60,62,64,66,66,66,70,69,70,70,67,70,23,Jonaldo Monteiro,70,70,1700000,22,1836,LB,Brazil,Defender,Rotation 70-77,Defender / Rotation 70-77
H. Wahl,Hauke Wahl,70,70,1400000,CB,CB,Germany,https://cdn.sofifa.net/players/230/855/23_60.png,28,189,85,1585,351,Holstein Kiel,11000,2200000,CB,2023,24,2018,-,Right,3,3,1,-,https://cdn.sofifa.net/flags/de.png,-,-,High,Medium,56,32,55,63,71,74,28,30,69,73,21,58,22,20,65,68,49,62,60,68,66,44,73,79,77,24,60,74,29,59,45,73,68,73,67,15,14,5,13,7,52,52,53,53,53,52,59,58,65,58,66,70,66,67,70,67,20,H. Wahl,70,70,1400000,28,1585,CB,Germany,Defender,Rotation 70-77,Defender / Rotation 70-77
G. Bergessio,Gonzalo Bergessio,70,70,550000,ST,ST,Argentina,https://cdn.sofifa.net/players/171/975/23_60.png,37,179,79,1694,345,Platense,7000,825000,SUB,2022,9,2022,-,Right,4,3,1,-,https://cdn.sofifa.net/flags/ar.png,-,-,Medium,Low,47,71,59,62,34,72,48,70,77,63,67,60,62,66,54,69,55,40,34,76,72,76,62,41,86,63,77,20,80,65,80,77,35,29,30,6,8,9,8,6,70,62,67,67,67,62,66,63,62,63,47,52,47,46,51,46,17,G. Bergessio,70,70,550000,37,1694,ST,Argentina,Forward,Rotation 70-77,Forward / Rotation 70-77
F. Girotti,Federico Girotti,70,77,3200000,ST,ST,Argentina,https://cdn.sofifa.net/players/246/471/23_60.png,23,190,84,1723,369,Club Atlético Talleres,9000,5400000,ST,2025,19,2022,-,Right,3,3,1,-,https://cdn.sofifa.net/flags/ar.png,-,-,High,Low,69,70,57,65,36,72,47,74,73,62,67,65,55,51,61,66,66,72,69,65,52,72,72,62,83,59,59,28,73,56,70,71,30,35,34,9,9,7,12,8,72,65,67,67,67,65,67,66,62,66,52,53,52,51,52,51,17,F. Girotti,70,77,3200000,23,1723,ST,Argentina,Forward,Rotation 70-77,Forward / Rotation 70-77
D. Diekmeier,Dennis Diekmeier,70,70,1100000,RB,RB,Germany,https://cdn.sofifa.net/players/189/388/23_60.png,32,188,79,1736,379,SV Sandhausen,5000,1800000,RB,2024,18,2019,-,Right,2,3,1,-,https://cdn.sofifa.net/flags/de.png,-,-,High,Medium,75,40,63,63,66,72,68,26,66,64,28,63,56,53,65,65,74,75,58,69,49,69,70,72,74,39,67,67,53,57,44,70,66,66,65,6,14,10,11,7,59,60,59,59,59,60,61,65,64,65,70,68,70,70,69,70,18,D. Diekmeier,70,70,1100000,32,1736,RB,Germany,Defender,Rotation 70-77,Defender / Rotation 70-77
G. Togni,Gastón Togni,70,71,2000000,"LM,LWB,LW",LM,Argentina,https://cdn.sofifa.net/players/237/512/23_60.png,24,180,76,1909,412,Defensa y Justicia,7000,0,LM,2023,11,2017,TRUE,Left,3,3,1,-,https://cdn.sofifa.net/flags/ar.png,-,-,High,Medium,77,66,65,71,63,70,69,65,63,67,55,71,59,55,57,70,78,77,76,70,72,73,59,69,71,64,70,61,69,67,64,70,59,67,63,8,8,11,13,9,71,70,69,69,69,70,71,71,68,71,69,67,69,69,67,69,18,G. Togni,70,71,2000000,24,1909,LM,Argentina,Midfield,Rotation 70-77,Midfield / Rotation 70-77
Robert Navarro,Robert Navarro Muñoz,70,80,3500000,"LW,CAM,CM",CAM,Spain,https://cdn.sofifa.net/players/253/130/23_60.png,20,178,69,1753,372,Real Sociedad,13000,8100000,SUB,2025,17,2019,-,Right,3,4,1,-,https://cdn.sofifa.net/flags/es.png,-,-,Medium,Medium,75,65,62,73,34,63,55,70,49,65,59,74,42,61,60,72,78,72,78,71,74,58,61,68,64,58,57,40,68,71,71,68,24,34,38,11,9,12,15,14,68,70,69,69,69,70,72,71,67,71,57,55,57,54,48,54,21,Robert Navarro,70,80,3500000,20,1753,CAM,Spain,Midfield,Rotation 70-77,Midfield / Rotation 70-77
F. Vera,Federico Vera,70,76,2400000,"RB,RWB,RW",RB,Argentina,https://cdn.sofifa.net/players/259/786/23_60.png,24,178,75,1706,379,Unión de Santa Fe,6000,4099999,RWB,2023,16,2020,-,Right,3,3,1,-,https://cdn.sofifa.net/flags/ar.png,-,-,High,Medium,83,37,55,72,65,67,65,29,54,57,27,74,44,37,55,70,82,84,78,61,73,52,65,84,62,38,59,62,64,47,36,69,64,70,66,11,8,10,9,9,58,63,60,60,60,63,62,67,62,67,70,65,70,70,66,70,17,F. Vera,70,76,2400000,24,1706,RB,Argentina,Defender,Rotation 70-77,Defender / Rotation 70-77
L. Colwill,Levi Colwill,70,84,3500000,CB,CB,England,https://cdn.sofifa.net/players/262/859/23_60.png,19,187,80,1687,365,Brighton & Hove Albion,22000,0,SUB,2023,6,2020,TRUE,Left,3,2,1,-,https://cdn.sofifa.net/flags/gb-eng.png,-,-,High,Medium,69,34,58,62,69,73,51,26,65,64,33,60,49,34,63,64,68,70,55,68,67,45,76,66,78,38,69,69,43,57,39,64,67,73,69,15,14,8,10,14,54,56,55,55,55,56,59,61,63,61,67,69,67,68,72,68,21,L. Colwill,70,84,3500000,19,1687,CB,England,Defender,Rotation 70-77,Defender / Rotation 70-77
F. Jara,Franco Jara,70,70,1000000,ST,ST,Argentina,https://cdn.sofifa.net/players/198/347/23_60.png,33,180,77,1794,379,FC Dallas,6000,1500000,SUB,2022,29,2020,-,Right,3,3,1,-,https://cdn.sofifa.net/flags/ar.png,-,-,Medium,Medium,73,71,65,71,29,70,64,71,64,70,70,72,70,50,59,70,72,74,75,67,61,74,69,64,76,69,65,28,69,64,72,67,19,29,29,13,16,10,9,10,70,70,70,70,70,70,70,70,65,70,54,53,54,52,48,52,20,F. Jara,70,70,1000000,33,1794,ST,Argentina,Forward,Rotation 70-77,Forward / Rotation 70-77
Pedro Díaz,Pedro Díaz Fanjul,70,79,3300000,"CDM,CM",CAM,Spain,https://cdn.sofifa.net/players/236/492/23_60.png,24,180,78,1975,414,Real Sporting de Gijón,5000,5900000,CDM,2025,8,2016,-,Right,4,3,1,-,https://cdn.sofifa.net/flags/es.png,-,-,High,High,66,74,72,71,64,67,70,70,42,72,65,69,80,82,71,72,68,64,80,70,69,80,45,75,69,81,59,67,66,72,68,67,66,68,66,7,14,8,13,7,70,70,70,70,70,70,73,72,73,72,71,71,71,70,66,70,19,Pedro Díaz,70,79,3300000,24,1975,CAM,Spain,Midfield,Rotation 70-77,Midfield / Rotation 70-77
Brenner,Brenner Souza da Silva,70,78,3600000,ST,ST,Brazil,https://cdn.sofifa.net/players/240/332/23_60.png,22,175,70,1704,364,FC Cincinnati,5000,5900000,ST,2022,9,2021,-,Right,3,3,1,-,https://cdn.sofifa.net/flags/br.png,-,-,High,Low,77,69,62,74,30,52,53,73,67,71,64,76,51,60,55,73,74,79,76,66,75,63,62,63,52,65,35,22,74,62,66,68,29,26,22,13,6,9,14,8,72,71,71,71,71,71,72,71,65,71,53,49,53,50,43,50,18,Brenner,70,78,3600000,22,1704,ST,Brazil,Forward,Rotation 70-77,Forward / Rotation 70-77
F. Calderón,Franco Calderón,70,75,2200000,CB,CB,Argentina,https://cdn.sofifa.net/players/253/951/23_60.png,24,187,80,1578,339,Unión de Santa Fe,6000,3500000,CB,2022,2,2019,-,Right,3,2,1,-,https://cdn.sofifa.net/flags/ar.png,-,-,Low,High,60,32,45,53,68,81,30,23,66,59,31,45,33,32,54,55,54,64,65,64,57,51,80,72,84,29,84,71,37,37,47,65,64,72,68,15,5,7,15,8,50,46,47,47,47,46,50,51,55,51,62,67,62,64,72,64,18,F. Calderón,70,75,2200000,24,1578,CB,Argentina,Defender,Rotation 70-77,Defender / Rotation 70-77
S. Prediger,Sebastián Prediger,70,70,450000,"CDM,CM",CDM,Argentina,https://cdn.sofifa.net/players/193/535/23_60.png,35,184,85,1720,374,Club Atlético Tigre,5000,675000,CDM,2022,5,2018,-,Right,3,3,1,-,https://cdn.sofifa.net/flags/ar.png,-,-,Medium,High,65,46,60,63,66,74,37,39,50,75,42,58,39,50,59,69,65,65,70,70,51,55,55,74,76,52,74,74,61,65,41,69,70,65,61,15,16,6,9,12,60,60,61,61,61,60,66,63,68,63,67,70,67,67,69,67,21,S. Prediger,70,70,450000,35,1720,CDM,Argentina,Midfield,Rotation 70-77,Midfield / Rotation 70-77
Luildo Simões,Luan Vágner Simões Eustáquio,70,70,1900000,CAM,CF,Brazil,https://cdn.sofifa.net/players/230/380/23_60.png,22,177,74,1821,385,Sport Club Corinthians Paulista,13000,3600000,CAM,2025,11,2022,-,Right,3,2,1,-,https://cdn.sofifa.net/flags/br.png,-,-,Medium,Medium,71,70,69,69,46,60,64,70,70,71,66,73,74,64,69,71,70,71,59,71,52,71,54,69,61,68,46,48,69,70,76,46,37,49,37,6,8,12,13,12,70,70,70,70,70,70,70,70,70,70,61,60,61,59,55,59,19,Luildo Simões,70,70,1900000,22,1821,CF,Brazil,Forward,Rotation 70-77,Forward / Rotation 70-77
J. Chabot,Julian Chabot,70,75,2200000,CB,CB,Germany,https://cdn.sofifa.net/players/239/340/23_60.png,24,195,85,1403,300,1. FC Köln,9000,0,SUB,2023,24,2019,TRUE,Left,2,2,1,-,https://cdn.sofifa.net/flags/de.png,-,-,Medium,Medium,34,27,43,48,70,78,33,21,75,55,36,47,31,30,48,52,33,34,34,66,33,40,73,54,90,23,79,70,23,35,38,64,69,70,67,9,13,7,8,7,46,40,41,41,41,40,44,45,51,45,58,64,58,60,72,60,17,J. Chabot,70,75,2200000,24,1403,CB,Germany,Defender,Rotation 70-77,Defender / Rotation 70-77
F. Krüger,Florian Krüger,70,78,3600000,"ST,LM",ST,Germany,https://cdn.sofifa.net/players/245/228/23_60.png,23,186,81,1682,372,FC Groningen,6000,5900000,SUB,2026,23,2022,-,Right,3,3,1,-,https://cdn.sofifa.net/flags/de.png,-,-,High,Medium,84,67,58,71,22,70,54,68,60,66,64,71,47,38,48,73,85,83,70,68,68,73,69,71,73,61,63,14,68,64,63,66,22,15,23,10,9,6,7,8,72,69,70,70,70,69,70,70,62,70,52,48,52,48,43,48,17,F. Krüger,70,78,3600000,23,1682,ST,Germany,Forward,Rotation 70-77,Forward / Rotation 70-77
R. Rodelin,Ronny Rodelin,70,70,1300000,"LM,ST,CAM",ST,France,https://cdn.sofifa.net/players/188/397/23_60.png,32,193,93,1864,384,Servette FC,11000,1900000,ST,2023,23,2021,-,Right,3,3,1,-,https://cdn.sofifa.net/flags/fr.png,-,-,High,Medium,54,72,69,70,42,77,71,73,72,71,72,69,70,62,62,72,55,54,71,72,59,73,85,84,87,71,43,53,71,72,71,64,43,30,19,8,13,10,16,10,70,69,70,70,70,69,70,70,70,70,60,60,60,56,54,56,20,R. Rodelin,70,70,1300000,32,1864,ST,France,Forward,Rotation 70-77,Forward / Rotation 70-77
Hervías,Pablo Hervías Ruiz,70,70,1600000,"RM,RB",RM,Spain,https://cdn.sofifa.net/players/204/526/23_60.png,29,174,71,1903,395,Málaga CF,6000,2600000,SUB,2023,14,2022,-,Right,3,4,1,-,https://cdn.sofifa.net/flags/es.png,-,-,High,Medium,78,66,67,73,59,52,69,65,56,68,51,72,79,74,64,70,78,78,85,69,73,72,68,71,35,66,65,63,66,61,58,73,65,53,57,7,12,13,12,8,68,70,69,69,69,70,70,70,68,70,69,65,69,67,61,67,18,Hervías,70,70,1600000,29,1903,RM,Spain,Midfield,Rotation 70-77,Midfield / Rotation 70-77
Milton Menceiros,Milton Boas Menceiros Cunha,70,70,1300000,CB,CB,Brazil,https://cdn.sofifa.net/players/230/382/23_60.png,30,182,84,1759,376,Ceará Sporting Club,7000,2500000,CB,2025,25,2022,-,Right,3,2,1,-,https://cdn.sofifa.net/flags/br.png,-,-,Medium,Medium,69,49,57,58,68,75,38,44,68,66,52,51,55,40,56,59,72,67,71,73,60,61,87,66,81,46,67,76,50,64,49,78,66,66,66,7,7,7,9,12,61,57,58,58,58,57,61,60,63,60,66,69,66,67,70,67,18,Milton Menceiros,70,70,1300000,30,1759,CB,Brazil,Defender,Rotation 70-77,Defender / Rotation 70-77
Arthur Gomes,Arthur Gomes Lourenço,70,75,2400000,"LW,RW",CAM,Brazil,https://cdn.sofifa.net/players/236/782/23_60.png,23,173,68,1631,345,Sporting CP,7000,5000000,SUB,2027,33,2022,-,Right,4,3,1,-,https://cdn.sofifa.net/flags/br.png,-,-,High,Low,75,64,66,70,23,47,69,66,59,63,61,73,59,56,64,68,77,74,73,68,65,64,49,59,47,60,32,17,69,74,68,65,21,21,13,6,13,6,10,7,68,70,69,69,69,70,71,71,64,71,50,46,50,47,37,47,17,Arthur Gomes,70,75,2400000,23,1631,CAM,Brazil,Midfield,Rotation 70-77,Midfield / Rotation 70-77
Juan Villar,Juan Villar Vázquez,70,70,775000,"ST,RM",RW,Spain,https://cdn.sofifa.net/players/192/490/23_60.png,34,182,72,1885,399,SD Huesca,7000,1200000,SUB,2024,9,2022,-,Right,4,3,1,-,https://cdn.sofifa.net/flags/es.png,-,-,Medium,Medium,86,68,67,70,36,72,67,67,64,65,69,69,77,73,57,67,85,86,84,70,70,70,86,72,72,65,68,35,71,74,68,70,41,26,29,6,6,7,7,12,70,70,70,70,70,70,70,70,65,70,58,55,58,56,52,56,17,Juan Villar,70,70,775000,34,1885,RW,Spain,Forward,Rotation 70-77,Forward / Rotation 70-77
Álvaro Lemos,Álvaro Lemos Collazo,70,70,1400000,"RB,RM",RB,Spain,https://cdn.sofifa.net/players/205/551/23_60.png,29,175,78,2009,423,Unión Deportiva Las Palmas,6000,2200000,SUB,2023,14,2018,-,Right,3,3,1,-,https://cdn.sofifa.net/flags/es.png,-,-,High,Medium,83,64,63,70,63,80,67,60,60,62,55,68,66,68,59,69,85,82,80,65,84,74,88,91,74,67,79,66,63,63,66,67,64,60,61,12,13,9,13,16,69,68,67,67,67,68,68,70,67,70,70,68,70,70,68,70,21,Álvaro Lemos,70,70,1400000,29,2009,RB,Spain,Defender,Rotation 70-77,Defender / Rotation 70-77
M. Bola,Marc Bola,70,75,2200000,"LWB,LB",LWB,England,https://cdn.sofifa.net/players/225/775/23_60.png,24,185,78,1652,367,Middlesbrough,13000,4300000,SUB,2024,27,2019,-,Left,3,2,1,-,https://cdn.sofifa.net/flags/gb-eng.png,-,-,High,Medium,75,35,54,65,67,71,64,33,56,60,26,66,46,26,49,65,76,74,64,66,67,39,64,81,71,31,61,66,51,44,36,53,68,70,68,10,16,6,16,16,55,59,56,56,56,59,58,63,60,63,70,66,70,70,68,70,22,M. Bola,70,75,2200000,24,1652,LWB,England,Defender,Rotation 70-77,Defender / Rotation 70-77
T. Edwards,Tom Edwards,70,77,3000000,"RWB,RB,CB",RWB,England,https://cdn.sofifa.net/players/238/319/23_60.png,23,175,76,1796,390,Barnsley,13000,0,SUB,2023,3,2016,TRUE,Right,3,2,1,-,https://cdn.sofifa.net/flags/gb-eng.png,-,-,Medium,High,76,46,63,63,64,78,74,43,62,64,34,62,54,46,63,64,78,75,63,64,67,55,86,78,75,44,81,64,53,58,46,60,62,66,65,10,14,13,6,7,60,62,59,59,59,62,62,66,64,66,70,68,70,70,69,70,17,T. Edwards,70,77,3000000,23,1796,RWB,England,Defender,Rotation 70-77,Defender / Rotation 70-77
Mollejo,Víctor Mollejo Carpintero,70,81,3600000,"RM,LM",LM,Spain,https://cdn.sofifa.net/players/245/999/23_60.png,21,176,63,1782,382,Real Zaragoza,18000,0,SUB,2023,28,2018,TRUE,Left,3,3,1,-,https://cdn.sofifa.net/flags/es.png,-,-,High,High,81,64,64,69,37,67,68,69,50,66,47,67,66,46,62,69,83,79,76,65,83,62,72,80,62,61,64,35,69,62,53,67,24,44,47,14,12,10,6,9,68,69,68,68,68,69,69,71,66,71,61,57,61,58,51,58,18,Mollejo,70,81,3600000,21,1782,LM,Spain,Midfield,Rotation 70-77,Midfield / Rotation 70-77
F. Passlack,Felix Passlack,70,74,2300000,"RM,RB,CM",RWB,Germany,https://cdn.sofifa.net/players/228/080/23_60.png,24,172,70,1960,410,Borussia Dortmund,19000,4099999,SUB,2023,30,2015,-,Right,4,3,1,-,https://cdn.sofifa.net/flags/de.png,-,-,High,High,69,62,67,71,66,75,69,61,44,70,53,70,69,63,64,71,76,64,75,70,86,73,74,78,71,55,83,62,63,62,66,64,69,70,73,10,11,10,16,9,66,68,67,67,67,68,69,71,69,71,72,71,72,71,70,71,20,F. Passlack,70,74,2300000,24,1960,RWB,Germany,Defender,Rotation 70-77,Defender / Rotation 70-77
Rubén Pardo,Rubén Pardo Gutiérrez,70,70,1600000,"CAM,CM,CDM",CAM,Spain,https://cdn.sofifa.net/players/204/523/23_60.png,29,181,69,1884,381,CD Leganés,8000,2600000,CAM,2023,18,2021,-,Right,4,3,2,-,https://cdn.sofifa.net/flags/es.png,-,-,Medium,Medium,51,68,72,70,69,51,62,67,48,75,42,69,78,81,71,72,54,49,70,71,72,70,70,30,58,74,57,70,69,73,69,69,69,75,73,7,13,8,11,7,67,67,68,68,68,67,70,68,70,68,66,70,66,66,69,66,18,Rubén Pardo,70,70,1600000,29,1884,CAM,Spain,Midfield,Rotation 70-77,Midfield / Rotation 70-77
Y. Magnin,Yohann Magnin,70,73,1900000,"CDM,CM",CDM,France,https://cdn.sofifa.net/players/244/970/23_60.png,25,183,71,1739,376,Clermont Foot 63,9000,3900000,SUB,2025,7,2018,-,Right,3,3,1,-,https://cdn.sofifa.net/flags/fr.png,-,-,Medium,Medium,68,49,62,70,68,59,38,50,62,75,42,69,58,35,69,74,67,68,70,67,56,54,69,66,55,42,59,65,56,64,52,68,66,73,72,14,8,6,13,5,62,63,64,64,64,63,68,66,69,66,68,71,68,68,69,68,18,Y. Magnin,70,73,1900000,25,1739,CDM,France,Midfield,Rotation 70-77,Midfield / Rotation 70-77
S. Appelkamp,Shinta Appelkamp,70,80,3600000,"CAM,LM,CM",CAM,Germany,https://cdn.sofifa.net/players/252/903/23_60.png,21,175,70,1661,351,Fortuna Düsseldorf,10000,6500000,CAM,2026,23,2019,-,Right,3,3,1,-,https://cdn.sofifa.net/flags/de.png,-,-,Medium,Medium,69,56,68,75,37,46,63,63,34,72,52,74,61,47,65,72,75,64,91,60,85,45,61,63,39,55,36,39,63,74,46,67,40,33,37,10,9,11,12,10,61,69,66,66,66,69,72,70,67,70,58,55,58,54,44,54,18,S. Appelkamp,70,80,3600000,21,1661,CAM,Germany,Midfield,Rotation 70-77,Midfield / Rotation 70-77
S. Bradley,Sonny Bradley,70,70,1300000,CB,CB,England,https://cdn.sofifa.net/players/203/749/23_60.png,30,196,90,1480,328,Luton Town,17000,2500000,CB,2023,5,2018,-,Left,3,2,1,-,https://cdn.sofifa.net/flags/gb-eng.png,-,-,Medium,High,54,31,47,51,69,76,36,28,71,62,26,44,20,22,53,56,55,54,61,66,34,40,69,67,81,29,75,69,41,40,19,62,70,69,68,13,15,9,9,9,51,47,48,48,48,47,51,52,56,52,62,66,62,65,70,65,19,S. Bradley,70,70,1300000,30,1480,CB,England,Defender,Rotation 70-77,Defender / Rotation 70-77
H. Fertoli,Héctor Fertoli,70,70,1700000,"LM,RM,CAM",LM,Argentina,https://cdn.sofifa.net/players/222/693/23_60.png,27,174,63,1812,389,Club Atlético Talleres,11000,0,LM,2022,10,2020,TRUE,Right,3,3,1,-,https://cdn.sofifa.net/flags/ar.png,-,-,Medium,Medium,86,63,65,72,42,61,68,65,49,66,56,72,61,68,62,70,87,85,84,59,77,69,72,66,59,54,57,33,68,62,57,64,41,45,43,7,13,16,12,9,68,70,68,68,68,70,70,70,64,70,60,56,60,58,52,58,18,H. Fertoli,70,70,1700000,27,1812,LM,Argentina,Midfield,Rotation 70-77,Midfield / Rotation 70-77
K. Naughton,Kyle Naughton,70,70,750000,"CB,RB",CB,England,https://cdn.sofifa.net/players/186/598/23_60.png,33,179,73,1784,378,Swansea City,15000,1400000,CB,2023,26,2015,-,Right,3,2,1,-,https://cdn.sofifa.net/flags/gb-eng.png,-,-,Medium,Medium,58,52,64,67,71,66,67,45,68,72,52,65,43,30,66,68,62,55,71,70,70,68,73,60,67,50,68,67,54,59,47,67,74,71,71,12,10,9,9,11,62,62,61,61,61,62,65,65,67,65,69,70,69,70,70,70,19,K. Naughton,70,70,750000,33,1784,CB,England,Defender,Rotation 70-77,Defender / Rotation 70-77
Juanfran,Juan Francisco Moreno Fuertes,70,70,825000,"RB,RWB",RB,Spain,https://cdn.sofifa.net/players/188/135/23_60.png,33,180,69,1949,409,Málaga CF,6000,1300000,RB,2023,2,2022,-,Right,3,3,2,-,https://cdn.sofifa.net/flags/es.png,-,-,High,Medium,66,66,67,72,67,71,68,57,65,69,53,71,64,62,67,75,66,66,73,68,67,78,74,74,70,78,68,66,67,63,59,68,64,69,69,13,9,13,10,14,69,68,68,68,68,68,70,70,70,70,70,70,70,70,70,70,20,Juanfran,70,70,825000,33,1949,RB,Spain,Defender,Rotation 70-77,Defender / Rotation 70-77
T. Leistner,Toni Leistner,70,70,1100000,CB,CB,Germany,https://cdn.sofifa.net/players/204/776/23_60.png,31,190,93,1594,338,Sint-Truidense VV,8000,1600000,CB,2026,37,2021,-,Right,3,2,1,-,https://cdn.sofifa.net/flags/de.png,-,-,Low,High,53,37,51,49,68,80,45,30,72,57,30,46,50,24,60,50,54,53,42,67,50,54,75,62,89,37,83,70,45,49,39,70,63,71,67,15,10,7,15,13,53,48,49,49,49,48,52,53,57,53,62,66,62,64,70,64,21,T. Leistner,70,70,1100000,31,1594,CB,Germany,Defender,Rotation 70-77,Defender / Rotation 70-77
L. Mühl,Lukas Mühl,70,74,2000000,CB,CB,Germany,https://cdn.sofifa.net/players/233/960/23_60.png,25,189,83,1631,360,FK Austria Wien,10000,3100000,CB,2023,20,2021,-,Right,3,2,1,-,https://cdn.sofifa.net/flags/de.png,-,-,Medium,Medium,70,37,54,56,69,74,45,25,69,65,39,51,39,22,63,63,61,78,54,67,53,59,75,63,81,45,69,71,30,51,26,58,68,70,68,14,14,11,12,10,54,52,52,52,52,52,56,57,61,57,66,69,66,68,72,68,20,L. Mühl,70,74,2000000,25,1631,CB,Germany,Defender,Rotation 70-77,Defender / Rotation 70-77
K. Théophile-Catherine,Kévin Théophile-Catherine,70,70,1000000,CB,CB,France,https://cdn.sofifa.net/players/190/868/23_60.png,32,183,86,1842,397,Dinamo Zagreb,550,2200000,SUB,2023,28,2018,-,Right,3,3,2,-,https://cdn.sofifa.net/flags/fr.png,-,-,Medium,High,72,49,64,65,69,78,57,43,66,72,37,60,66,51,70,68,77,68,70,66,72,60,84,78,78,57,77,67,48,57,45,64,65,74,68,9,6,6,9,11,61,61,60,60,60,61,64,65,68,65,70,70,70,70,70,70,17,K. Théophile-Catherine,70,70,1000000,32,1842,CB,France,Defender,Rotation 70-77,Defender / Rotation 70-77
Eltildo Bessa,Elton Matheus Bessa Acuna,70,70,1800000,"ST,CF,LW",CF,Brazil,https://cdn.sofifa.net/players/230/292/23_60.png,26,165,62,1762,361,Fortaleza,9000,3400000,ST,2025,28,2022,-,Left,3,3,1,-,https://cdn.sofifa.net/flags/br.png,-,-,High,Low,86,68,56,76,31,44,40,71,61,61,75,73,76,64,43,75,85,87,87,78,87,62,69,70,30,63,42,26,77,65,59,79,30,25,29,12,9,11,12,8,70,70,70,70,70,70,70,70,64,70,54,49,54,52,43,52,20,Eltildo Bessa,70,70,1800000,26,1762,CF,Brazil,Forward,Rotation 70-77,Forward / Rotation 70-77
S. Giordana,Santiago Giordana,70,70,1700000,ST,ST,Argentina,https://cdn.sofifa.net/players/224/404/23_60.png,27,179,78,1698,357,Mushuc Runa,500,3700000,ST,2022,32,2021,-,Right,3,3,1,-,https://cdn.sofifa.net/flags/ar.png,-,-,Medium,Low,67,71,58,66,29,66,59,75,70,66,72,65,50,47,59,66,66,67,72,66,71,66,60,70,70,65,52,27,76,47,69,60,17,29,29,8,15,10,7,10,70,66,67,67,67,66,67,67,62,67,52,50,52,50,46,50,18,S. Giordana,70,70,1700000,27,1698,ST,Argentina,Forward,Rotation 70-77,Forward / Rotation 70-77
Ryder Matos,Ryder Matos Santos Pinto,70,70,1600000,"RW,ST,CF",RW,Brazil,https://cdn.sofifa.net/players/201/363/23_60.png,29,182,70,1765,376,Perugia,3000,2500000,SUB,2024,10,2021,-,Right,3,4,1,-,https://cdn.sofifa.net/flags/br.png,-,-,Medium,Medium,77,64,61,75,34,65,60,63,59,68,62,76,64,60,52,77,74,80,77,63,76,68,88,71,64,62,54,24,70,58,57,68,40,28,26,12,7,7,7,11,70,70,69,69,69,70,70,70,64,70,56,52,56,53,48,53,17,Ryder Matos,70,70,1600000,29,1765,RW,Brazil,Forward,Rotation 70-77,Forward / Rotation 70-77
B. Mendy,Batista Mendy,70,80,3400000,"CDM,CB,CM",CB,France,https://cdn.sofifa.net/players/244/114/23_60.png,22,191,82,1728,381,Angers SCO,10000,7500000,CDM,2024,2,2021,-,Right,2,2,1,-,https://cdn.sofifa.net/flags/fr.png,-,-,Medium,High,60,50,63,60,70,78,56,44,71,73,43,61,58,42,67,69,55,64,32,62,50,70,69,68,88,48,68,66,50,58,39,59,69,74,69,8,12,6,6,13,62,58,60,60,60,58,62,63,66,63,68,71,68,69,73,69,17,B. Mendy,70,80,3400000,22,1728,CB,France,Defender,Rotation 70-77,Defender / Rotation 70-77
Chumi,Juan Brandáriz Movilla,70,78,3300000,"CB,RB",CB,Spain,https://cdn.sofifa.net/players/241/810/23_60.png,23,186,78,1568,335,Unión Deportiva Almería,11000,7900000,SUB,2025,21,2020,-,Right,3,2,1,-,https://cdn.sofifa.net/flags/es.png,-,-,Medium,Medium,52,36,50,56,71,70,38,30,66,67,33,51,34,36,50,65,49,54,39,68,57,47,82,58,73,36,72,69,34,41,50,62,71,73,70,7,14,9,11,14,52,49,50,50,50,49,53,53,58,53,64,68,64,65,72,65,20,Chumi,70,78,3300000,23,1568,CB,Spain,Defender,Rotation 70-77,Defender / Rotation 70-77
Jesús Imaz,Jesús Imaz Ballesté,70,70,1300000,"ST,CF,CAM",RW,Spain,https://cdn.sofifa.net/players/224/146/23_60.png,31,179,70,1789,382,Jagiellonia Białystok,7000,1800000,ST,2025,11,2019,-,Right,4,4,1,-,https://cdn.sofifa.net/flags/es.png,-,-,High,Medium,80,71,67,72,31,61,62,73,56,71,65,71,52,55,71,71,81,80,84,67,82,72,60,76,63,69,37,34,69,67,72,61,31,24,23,7,9,15,8,12,70,70,70,70,70,70,70,70,68,70,57,54,57,53,45,53,18,Jesús Imaz,70,70,1300000,31,1789,RW,Spain,Forward,Rotation 70-77,Forward / Rotation 70-77
S. Gallagher,Sam Gallagher,70,71,1900000,"ST,RW",ST,England,https://cdn.sofifa.net/players/213/905/23_60.png,26,193,75,1802,384,Blackburn Rovers,25000,3800000,ST,2024,9,2019,-,Right,3,3,1,-,https://cdn.sofifa.net/flags/gb-eng.png,-,-,High,High,70,69,58,67,45,75,64,70,74,59,71,69,54,45,53,67,65,74,64,69,54,76,75,73,78,64,71,44,68,57,60,59,40,41,43,12,11,16,13,8,71,66,67,67,67,66,66,68,63,68,60,57,60,58,58,58,20,S. Gallagher,70,71,1900000,26,1802,ST,England,Forward,Rotation 70-77,Forward / Rotation 70-77
D. Kinsombi,David Kinsombi,70,71,1900000,"CM,CDM",CM,Germany,https://cdn.sofifa.net/players/212/625/23_60.png,26,183,74,1882,407,SV Sandhausen,5000,3200000,LM,2023,10,2022,-,Right,3,3,1,-,https://cdn.sofifa.net/flags/de.png,-,-,High,Medium,68,64,63,72,66,74,47,68,59,73,45,71,50,33,69,72,75,63,73,66,75,67,84,74,75,58,71,66,68,68,58,73,64,69,66,11,11,7,12,14,69,67,69,69,69,67,71,70,71,70,68,71,68,68,70,68,20,D. Kinsombi,70,71,1900000,26,1882,CM,Germany,Midfield,Rotation 70-77,Midfield / Rotation 70-77
Rodrigo Muniz,Rodrigo Muniz Carvalho,70,81,3600000,ST,ST,Brazil,https://cdn.sofifa.net/players/264/337/23_60.png,21,185,79,1741,370,Middlesbrough,23000,0,ST,2023,9,2021,TRUE,Right,3,3,1,-,https://cdn.sofifa.net/flags/br.png,-,-,Medium,Medium,70,70,56,69,33,72,46,71,69,62,68,67,58,41,52,71,69,71,73,66,66,75,71,65,78,66,64,32,69,61,65,65,30,28,26,12,13,13,11,12,72,66,68,68,68,66,68,66,62,66,52,52,52,50,50,50,20,Rodrigo Muniz,70,81,3600000,21,1741,ST,Brazil,Forward,Rotation 70-77,Forward / Rotation 70-77
Iván Martín,Iván Martín Núñez,70,79,3500000,"RM,CM,LM",CAM,Spain,https://cdn.sofifa.net/players/246/928/23_60.png,23,178,70,1706,365,Girona FC,14000,0,SUB,2023,23,2018,TRUE,Left,3,3,1,-,https://cdn.sofifa.net/flags/es.png,-,-,High,Low,75,61,69,71,41,48,69,67,39,70,59,71,60,62,66,73,76,74,77,58,69,53,50,59,43,55,47,45,62,72,70,70,41,39,38,13,6,11,6,6,63,69,67,67,67,69,71,71,67,71,60,57,60,56,48,56,15,Iván Martín,70,79,3500000,23,1706,CAM,Spain,Midfield,Rotation 70-77,Midfield / Rotation 70-77
E. Laird,Ethan Laird,70,82,3700000,"RB,RWB",RM,England,https://cdn.sofifa.net/players/246/159/23_60.png,20,177,66,1825,407,Queens Park Rangers,31000,0,RB,2023,27,2018,TRUE,Right,3,3,1,-,https://cdn.sofifa.net/flags/gb-eng.png,-,-,High,Medium,83,54,64,73,64,69,69,54,63,68,31,74,61,32,57,71,84,82,78,67,70,63,76,62,71,53,72,60,60,65,35,69,63,68,65,9,12,10,5,15,66,69,67,67,67,69,69,71,67,71,70,67,70,70,69,70,18,E. Laird,70,82,3700000,20,1825,RM,England,Midfield,Rotation 70-77,Midfield / Rotation 70-77
T. Campbell,Tyrese Campbell,70,76,2600000,"ST,RM,RW",ST,England,https://cdn.sofifa.net/players/240/783/23_60.png,22,183,75,1758,381,Stoke City,15000,5500000,ST,2024,10,2017,-,Left,4,3,1,-,https://cdn.sofifa.net/flags/gb-eng.png,-,-,High,Medium,82,69,60,70,33,67,59,72,63,66,64,71,56,54,46,69,84,80,69,69,67,67,73,59,74,65,58,28,67,61,73,65,31,31,24,6,13,13,12,14,72,69,69,69,69,69,70,69,62,69,54,51,54,52,49,52,20,T. Campbell,70,76,2600000,22,1758,ST,England,Forward,Rotation 70-77,Forward / Rotation 70-77
R. Camacho,Rudy Camacho,70,70,1100000,CB,CB,France,https://cdn.sofifa.net/players/206/485/23_60.png,31,185,79,1704,356,Club de Foot Montréal,5000,1700000,CB,2023,4,2022,-,Right,1,2,1,-,https://cdn.sofifa.net/flags/fr.png,-,-,Medium,High,43,44,62,59,68,80,49,39,69,73,40,57,60,30,70,66,39,46,42,65,57,60,74,76,81,36,83,71,48,60,64,69,69,66,65,8,6,6,15,14,57,54,56,56,56,54,60,60,66,60,66,70,66,66,70,66,18,R. Camacho,70,70,1100000,31,1704,CB,France,Defender,Rotation 70-77,Defender / Rotation 70-77
David Ferreiro,David Ferreiro Quiroga,70,70,750000,"LM,RM,CM",RW,Spain,https://cdn.sofifa.net/players/205/212/23_60.png,34,170,63,1782,370,FC Cartagena,6000,1200000,RM,2024,7,2022,-,Right,3,4,1,-,https://cdn.sofifa.net/flags/es.png,-,-,High,Low,82,67,70,73,37,41,71,68,32,71,46,72,76,72,70,70,83,82,86,65,90,66,70,36,31,69,64,28,66,64,70,63,59,23,36,6,11,7,7,15,65,70,69,69,69,70,70,70,64,70,56,53,56,53,46,53,18,David Ferreiro,70,70,750000,34,1782,RW,Spain,Forward,Rotation 70-77,Forward / Rotation 70-77
Arthur Silbeira,Douglas Arthur Silbeira Martins,70,70,1800000,ST,ST,Brazil,https://cdn.sofifa.net/players/230/299/23_60.png,26,178,78,1673,351,Santos,16000,3400000,SUB,2025,33,2022,-,Right,3,3,1,-,https://cdn.sofifa.net/flags/br.png,-,-,Medium,Medium,64,73,59,68,29,58,58,74,75,66,64,75,59,53,42,66,65,63,42,69,68,71,65,35,72,77,52,23,62,60,75,73,14,33,30,11,14,15,12,13,70,66,68,68,68,66,67,66,60,66,49,47,49,47,46,47,21,Arthur Silbeira,70,70,1800000,26,1673,ST,Brazil,Forward,Rotation 70-77,Forward / Rotation 70-77
F. Dabo,Fankaty Dabo,70,73,1900000,"RWB,RB,CB",RWB,England,https://cdn.sofifa.net/players/213/659/23_60.png,26,181,76,1821,398,Coventry City,12000,3800000,RWB,2023,23,2019,-,Right,3,3,1,-,https://cdn.sofifa.net/flags/gb-eng.png,-,-,High,Medium,76,49,63,68,66,76,66,44,61,67,39,70,60,40,59,67,77,75,64,65,65,59,77,77,74,48,80,65,68,62,42,66,66,69,65,8,13,8,7,14,64,65,64,64,64,65,66,69,67,69,70,69,70,70,70,70,18,F. Dabo,70,73,1900000,26,1821,RWB,England,Defender,Rotation 70-77,Defender / Rotation 70-77
P. Jagielka,Phil Jagielka,70,70,275000,CB,CB,England,https://cdn.sofifa.net/players/053/914/23_60.png,39,180,87,1698,319,Stoke City,10000,523000,SUB,2022,6,2022,-,Right,3,2,2,-,https://cdn.sofifa.net/flags/gb-eng.png,-,-,Low,Medium,32,45,55,52,72,63,48,32,73,66,44,44,55,31,68,62,32,32,31,70,61,64,66,32,74,52,73,71,44,39,51,74,73,72,69,32,33,38,32,34,54,48,50,50,50,48,53,51,59,51,60,68,60,62,70,62,39,P. Jagielka,70,70,275000,39,1698,CB,England,Defender,Rotation 70-77,Defender / Rotation 70-77
Roberto López,Roberto López Alcaide,70,81,3600000,"CM,CAM,RM",CAM,Spain,https://cdn.sofifa.net/players/246/169/23_60.png,22,180,70,1734,366,CD Mirandés,14000,0,CAM,2023,21,2021,TRUE,Left,2,3,1,-,https://cdn.sofifa.net/flags/es.png,-,-,Medium,Medium,57,69,71,71,40,58,63,70,21,76,48,72,62,75,72,73,55,59,67,65,74,69,40,59,68,74,35,57,68,72,68,69,15,58,45,13,11,10,13,7,66,69,69,69,69,69,73,70,72,70,60,61,60,56,50,56,19,Roberto López,70,81,3600000,22,1734,CAM,Spain,Midfield,Rotation 70-77,Midfield / Rotation 70-77
F. Klos,Fabian Klos,70,70,775000,ST,ST,Germany,https://cdn.sofifa.net/players/192/663/23_60.png,34,194,93,1725,366,DSC Arminia Bielefeld,12000,1200000,SUB,2023,9,2011,-,Right,4,2,1,-,https://cdn.sofifa.net/flags/de.png,-,-,High,High,53,72,61,60,39,81,46,71,75,67,72,59,56,45,60,66,51,55,41,75,43,78,71,64,91,65,78,29,71,70,80,78,45,32,24,7,11,7,7,13,70,62,67,67,67,62,67,65,65,65,51,57,51,50,55,50,19,F. Klos,70,70,775000,34,1725,ST,Germany,Forward,Rotation 70-77,Forward / Rotation 70-77
Juan Cala,Juan Torres Ruiz,70,70,1000000,CB,CB,Spain,https://cdn.sofifa.net/players/186/519/23_60.png,32,185,78,1768,369,Cádiz CF,14000,2100000,RES,2024,16,2019,-,Right,3,2,1,-,https://cdn.sofifa.net/flags/es.png,-,-,Medium,High,50,53,60,59,69,78,59,46,72,69,47,56,66,40,65,62,45,54,60,65,53,72,80,75,80,59,78,70,36,47,46,59,69,69,66,15,8,14,15,10,59,55,55,55,55,55,58,59,63,59,67,70,67,67,70,67,20,Juan Cala,70,70,1000000,32,1768,CB,Spain,Defender,Rotation 70-77,Defender / Rotation 70-77
F. Nürnberger,Fabian Nürnberger,70,76,2500000,"CM,CDM,LM",CAM,Germany,https://cdn.sofifa.net/players/251/287/23_60.png,22,178,72,1869,406,1. FC Nürnberg,7000,4500000,SUB,2023,15,2019,-,Left,2,3,1,-,https://cdn.sofifa.net/flags/de.png,-,-,High,Medium,74,60,67,73,66,66,64,59,56,73,55,72,63,39,66,74,77,71,79,68,73,66,49,81,58,62,71,65,67,66,44,63,65,70,71,6,13,10,8,8,68,69,69,69,69,69,72,72,72,72,72,71,72,72,68,72,17,F. Nürnberger,70,76,2500000,22,1869,CAM,Germany,Midfield,Rotation 70-77,Midfield / Rotation 70-77
G. Biancone,Giulian Biancone,70,78,3300000,"CB,RWB,LWB",CB,France,https://cdn.sofifa.net/players/246/679/23_60.png,22,187,79,1783,385,Nottingham Forest,23000,6900000,SUB,2025,2,2022,-,Right,4,3,1,-,https://cdn.sofifa.net/flags/fr.png,-,-,High,Medium,68,45,62,66,69,75,70,29,68,67,35,66,66,44,58,70,64,72,54,66,56,62,67,75,78,59,70,65,62,51,48,66,68,72,71,8,14,11,8,9,61,62,61,61,61,62,63,66,65,66,71,69,71,71,72,71,18,G. Biancone,70,78,3300000,22,1783,CB,France,Defender,Rotation 70-77,Defender / Rotation 70-77
Flavio,Flavio Medeiros da Silva,70,71,1700000,"CDM,CM,CAM",CDM,Brazil,https://cdn.sofifa.net/players/234/134/23_60.png,26,177,73,1813,388,Al Taawoun,17000,0,CM,2023,24,2020,TRUE,Right,3,2,1,-,https://cdn.sofifa.net/flags/br.png,-,-,Medium,Medium,66,54,62,64,68,74,53,51,57,69,38,61,60,52,65,68,66,66,64,63,72,64,78,83,68,60,76,71,45,60,48,63,69,69,65,13,10,6,10,13,61,60,60,60,60,60,64,64,67,64,69,71,69,69,70,69,19,Flavio,70,71,1700000,26,1813,CDM,Brazil,Midfield,Rotation 70-77,Midfield / Rotation 70-77
V. Henry,Valentin Henry,70,70,1400000,RB,RB,France,https://cdn.sofifa.net/players/233/366/23_60.png,28,178,73,1883,409,FC Sochaux-Montbéliard,5000,2500000,SUB,2023,29,2021,-,Right,3,3,1,-,https://cdn.sofifa.net/flags/fr.png,-,-,High,Medium,79,61,64,71,63,71,71,59,59,68,53,70,67,47,65,72,81,78,81,62,75,68,48,81,72,64,63,59,55,53,55,59,62,67,66,11,13,12,12,14,67,68,65,65,65,68,67,70,67,70,70,68,70,70,66,70,20,V. Henry,70,70,1400000,28,1883,RB,France,Defender,Rotation 70-77,Defender / Rotation 70-77
Josep Señé,Josep Señé Escudero,70,70,1500000,CM,CAM,Spain,https://cdn.sofifa.net/players/227/990/23_60.png,30,184,77,1842,388,CD Lugo,6000,2300000,CM,2023,8,2021,-,Right,4,3,1,-,https://cdn.sofifa.net/flags/es.png,-,-,Medium,Medium,68,63,70,72,50,65,66,63,61,74,59,72,63,60,73,77,65,70,70,69,62,58,60,69,71,66,46,59,69,70,65,66,35,54,56,14,16,7,13,10,69,70,70,70,70,70,70,70,70,70,66,65,66,64,59,64,21,Josep Señé,70,70,1500000,30,1842,CAM,Spain,Midfield,Rotation 70-77,Midfield / Rotation 70-77
Wanderson,Wanderson Carvalho Oliveira,70,70,1000000,"RM,CAM,LM",RM,Brazil,https://cdn.sofifa.net/players/229/343/23_60.png,33,172,60,1862,406,Pohang Steelers,5000,1300000,RM,2027,77,2022,-,Left,3,4,1,-,https://cdn.sofifa.net/flags/br.png,-,-,High,Medium,89,63,61,69,54,70,62,62,53,63,53,70,45,58,55,66,87,90,78,64,78,64,80,74,69,64,67,56,72,64,60,62,52,55,54,12,10,7,10,8,68,69,68,68,68,69,69,70,66,70,66,62,66,65,61,65,18,Wanderson,70,70,1000000,33,1862,RM,Brazil,Midfield,Rotation 70-77,Midfield / Rotation 70-77
J. Sánchez Miño,Juan Sánchez Miño,70,70,1100000,"LB,LM,CM",LB,Argentina,https://cdn.sofifa.net/players/201/953/23_60.png,32,177,76,1991,418,Club Atlético Colón,7000,1700000,SUB,2023,15,2022,-,Left,2,4,1,-,https://cdn.sofifa.net/flags/ar.png,-,-,Medium,Medium,72,70,73,70,66,67,75,65,63,72,55,68,74,71,73,71,73,72,73,66,69,78,63,68,68,78,65,65,69,71,68,73,64,70,65,12,13,11,14,9,70,70,70,70,70,70,70,70,70,70,70,70,70,70,69,70,20,J. Sánchez Miño,70,70,1100000,32,1991,LB,Argentina,Defender,Rotation 70-77,Defender / Rotation 70-77
Sergi Palencia,Sergi Palencia Hurtado,70,72,1800000,"RB,RWB,RM",RWB,Spain,https://cdn.sofifa.net/players/228/321/23_60.png,26,172,68,1826,400,AS Saint-Étienne,5000,3400000,RWB,2023,13,2019,-,Right,3,3,1,-,https://cdn.sofifa.net/flags/es.png,-,-,Medium,Medium,73,56,60,69,67,75,69,51,57,68,34,70,58,44,59,67,74,73,72,65,74,68,59,79,72,59,80,66,65,44,45,71,68,69,66,9,14,6,11,11,65,65,64,64,64,65,65,68,65,68,71,69,71,70,69,70,19,Sergi Palencia,70,72,1800000,26,1826,RWB,Spain,Defender,Rotation 70-77,Defender / Rotation 70-77
F. Downes,Flynn Downes,70,76,2300000,"CDM,CM",CDM,England,https://cdn.sofifa.net/players/240/097/23_60.png,23,177,70,1832,392,West Ham United,25000,4800000,SUB,2027,12,2022,-,Right,3,2,1,-,https://cdn.sofifa.net/flags/gb-eng.png,-,-,Medium,High,66,53,67,68,66,72,61,52,58,73,32,67,49,55,70,68,67,66,75,64,77,59,65,77,69,55,76,65,56,69,48,67,68,68,67,13,12,14,11,6,62,64,63,63,63,64,68,68,70,68,70,71,70,69,69,69,19,F. Downes,70,76,2300000,23,1832,CDM,England,Midfield,Rotation 70-77,Midfield / Rotation 70-77
J. Laurent,Josh Laurent,70,73,1800000,"CDM,CM,CAM",CB,England,https://cdn.sofifa.net/players/217/826/23_60.png,27,188,76,1919,417,Stoke City,15000,3600000,SUB,2025,28,2022,-,Right,3,3,1,-,https://cdn.sofifa.net/flags/gb-eng.png,-,-,Medium,High,77,60,61,68,67,84,59,59,66,64,53,68,56,45,63,67,75,79,70,65,64,65,75,90,84,63,78,67,62,63,51,68,64,70,70,14,8,12,14,16,68,66,66,66,66,66,67,69,68,69,71,71,71,71,72,71,21,J. Laurent,70,73,1800000,27,1919,CB,England,Defender,Rotation 70-77,Defender / Rotation 70-77
Luismi,Luis Miguel Sánchez Benítez,70,70,1300000,"CDM,CM",CDM,Spain,https://cdn.sofifa.net/players/220/638/23_60.png,30,180,73,1683,363,Real Oviedo,6000,2100000,CM,2023,5,2021,-,Right,3,2,1,-,https://cdn.sofifa.net/flags/es.png,-,-,Low,High,59,40,59,62,68,75,44,26,59,67,33,59,34,32,70,64,58,60,60,68,65,65,80,73,76,48,72,71,40,64,38,63,66,70,68,6,11,12,11,13,55,55,55,55,55,55,60,60,66,60,66,70,66,67,70,67,19,Luismi,70,70,1300000,30,1683,CDM,Spain,Midfield,Rotation 70-77,Midfield / Rotation 70-77
J. Giraudon,Jimmy Giraudon,70,70,1300000,CB,CB,France,https://cdn.sofifa.net/players/208/862/23_60.png,30,184,66,1627,348,AS Saint-Étienne,5000,2300000,CB,2024,5,2022,-,Right,3,2,1,-,https://cdn.sofifa.net/flags/fr.png,-,-,Medium,Medium,50,36,58,58,72,74,50,29,72,71,34,54,46,33,70,64,60,42,60,62,43,54,76,77,74,34,72,67,39,45,40,61,73,74,70,8,8,9,7,10,53,52,52,52,52,52,56,58,63,58,67,70,67,68,70,68,16,J. Giraudon,70,70,1300000,30,1627,CB,France,Defender,Rotation 70-77,Defender / Rotation 70-77
Kike Pérez,Enrique Pérez Muñoz,70,75,2300000,"CM,CAM,CDM",CAM,Spain,https://cdn.sofifa.net/players/236/760/23_60.png,25,184,74,1801,375,Real Valladolid CF,12000,5000000,CM,2025,4,2019,-,Left,3,3,1,-,https://cdn.sofifa.net/flags/es.png,-,-,High,Low,57,59,68,74,60,57,53,59,57,75,49,76,68,58,71,74,55,59,74,70,69,56,66,52,57,66,59,63,62,71,43,66,54,65,59,9,14,13,15,10,65,67,67,67,67,67,72,68,72,68,64,68,64,63,64,63,20,Kike Pérez,70,75,2300000,25,1801,CAM,Spain,Midfield,Rotation 70-77,Midfield / Rotation 70-77
D. Drexler,Dominick Drexler,70,70,1300000,"CAM,CM,RM",CAM,Germany,https://cdn.sofifa.net/players/198/617/23_60.png,32,182,71,1801,383,FC Schalke 04,13000,2300000,SUB,2023,24,2021,-,Right,3,3,1,-,https://cdn.sofifa.net/flags/de.png,-,-,Medium,High,69,62,69,73,50,60,66,63,52,73,64,73,68,52,65,72,73,65,75,72,75,61,59,68,54,58,63,38,68,72,58,72,58,51,42,7,9,7,6,14,67,70,69,69,69,70,70,70,69,70,63,62,63,60,56,60,18,D. Drexler,70,70,1300000,32,1801,CAM,Germany,Midfield,Rotation 70-77,Midfield / Rotation 70-77
C. Zimmermann,Christoph Zimmermann,70,70,1300000,CB,CB,Germany,https://cdn.sofifa.net/players/239/322/23_60.png,29,194,92,1407,300,SV Darmstadt 98,11000,2100000,CB,2025,4,2022,-,Right,3,2,1,-,https://cdn.sofifa.net/flags/de.png,-,-,Low,High,39,30,42,42,70,77,20,25,71,57,33,35,26,20,64,47,31,45,33,65,39,50,72,65,85,22,74,68,22,33,37,68,71,70,72,11,9,9,12,14,46,37,40,40,40,37,43,43,52,43,58,66,58,61,70,61,19,C. Zimmermann,70,70,1300000,29,1407,CB,Germany,Defender,Rotation 70-77,Defender / Rotation 70-77
C. Medina,Cristian Medina,70,80,3500000,CM,CM,Argentina,https://cdn.sofifa.net/players/261/082/23_60.png,20,178,70,1849,400,Boca Juniors,7000,5600000,SUB,2025,36,2020,-,Right,3,3,1,-,https://cdn.sofifa.net/flags/ar.png,-,-,Medium,High,69,59,68,72,64,68,65,60,51,71,49,72,62,52,68,72,70,68,71,69,72,57,57,84,60,59,72,64,67,69,54,69,65,67,62,8,8,12,6,6,66,68,67,67,67,68,71,72,72,72,71,71,71,69,66,69,16,C. Medina,70,80,3500000,20,1849,CM,Argentina,Midfield,Rotation 70-77,Midfield / Rotation 70-77
Ademilson,Ademilson Braga Bispo Júnior,70,70,1600000,"ST,LM",RW,Brazil,https://cdn.sofifa.net/players/207/835/23_60.png,28,176,74,1837,396,Wuhan Three Towns,12000,2500000,SUB,2023,7,2021,-,Right,2,4,1,-,https://cdn.sofifa.net/flags/br.png,-,-,Medium,Medium,92,69,62,71,31,71,57,68,63,70,66,69,63,49,50,69,90,93,90,67,72,70,91,79,71,68,57,29,68,67,72,65,24,31,22,13,11,6,14,8,70,70,70,70,70,70,70,70,65,70,57,53,57,54,48,54,19,Ademilson,70,70,1600000,28,1837,RW,Brazil,Forward,Rotation 70-77,Forward / Rotation 70-77
M. Cho,Mohamed-Ali Cho,70,85,3700000,ST,ST,France,https://cdn.sofifa.net/players/256/476/23_60.png,18,182,73,1640,367,Real Sociedad,7000,10100000,RES,2027,11,2022,-,Left,3,3,1,-,https://cdn.sofifa.net/flags/fr.png,-,-,High,Medium,81,68,60,76,26,56,61,70,65,69,52,81,43,50,45,74,83,79,71,65,68,70,59,60,63,65,33,21,69,60,64,63,23,22,20,9,6,6,7,7,72,72,71,71,71,72,72,72,63,72,53,47,53,49,42,49,16,M. Cho,70,85,3700000,18,1640,ST,France,Forward,Rotation 70-77,Forward / Rotation 70-77
Fontàs,Andreu Fontàs Prat,70,70,1000000,CB,CDM,Spain,https://cdn.sofifa.net/players/192/476/23_60.png,32,185,89,1712,351,Sporting Kansas City,5000,1500000,CB,2022,3,2018,-,Left,3,2,1,-,https://cdn.sofifa.net/flags/es.png,-,-,Low,Medium,30,48,68,61,71,73,60,45,69,76,46,58,58,52,75,67,30,30,54,70,38,58,57,67,78,47,74,72,43,62,52,71,70,72,66,16,14,11,16,9,57,55,56,56,56,55,61,60,68,60,66,70,66,66,70,66,22,Fontàs,70,70,1000000,32,1712,CDM,Spain,Midfield,Rotation 70-77,Midfield / Rotation 70-77
M. Roberts,Marc Roberts,70,70,1100000,CB,CB,England,https://cdn.sofifa.net/players/228/829/23_60.png,31,193,81,1438,305,Birmingham City,17000,2100000,CB,2024,4,2017,-,Right,2,2,1,-,https://cdn.sofifa.net/flags/gb-eng.png,-,-,Low,Medium,52,24,41,44,71,73,23,21,74,52,23,33,24,29,58,55,50,54,41,69,51,33,83,64,80,20,65,73,25,32,34,52,71,69,67,7,12,16,16,14,45,40,41,41,41,40,44,45,52,45,59,65,59,63,70,63,21,M. Roberts,70,70,1100000,31,1438,CB,England,Defender,Rotation 70-77,Defender / Rotation 70-77
Vigaray,Carlos Martín Vigaray,70,70,1500000,RB,RB,Spain,https://cdn.sofifa.net/players/221/923/23_60.png,27,182,80,1787,391,Real Zaragoza,6000,2400000,SUB,2023,22,2019,-,Right,2,3,1,-,https://cdn.sofifa.net/flags/es.png,-,-,High,Medium,75,49,59,66,66,76,67,53,63,64,40,67,58,45,52,66,74,75,70,62,67,48,70,81,78,39,66,66,70,52,45,61,64,69,66,7,13,6,9,15,64,64,62,62,62,64,64,67,64,67,70,67,70,70,69,70,18,Vigaray,70,70,1500000,27,1787,RB,Spain,Defender,Rotation 70-77,Defender / Rotation 70-77
R. Amalfitano,Romain Amalfitano,70,70,1300000,"CAM,CDM",CM,France,https://cdn.sofifa.net/players/198/817/23_60.png,32,173,68,1817,382,Western Sydney Wanderers,6000,1600000,CDM,2023,17,2022,-,Right,4,3,1,-,https://cdn.sofifa.net/flags/fr.png,-,-,Medium,High,53,59,70,72,64,64,62,64,26,73,49,72,61,62,71,72,62,45,66,76,72,56,46,74,57,50,73,72,70,75,61,71,67,67,65,10,6,15,8,12,63,67,67,67,67,67,70,70,70,70,70,70,70,67,65,67,19,R. Amalfitano,70,70,1300000,32,1817,CM,France,Midfield,Rotation 70-77,Midfield / Rotation 70-77
C. Aquino,Claudio Aquino,70,70,1500000,"LM,RM,CAM",LM,Argentina,https://cdn.sofifa.net/players/219/553/23_60.png,30,172,75,1834,384,Club Cerro Porteño,600,3300000,RM,2023,22,2020,-,Right,3,4,1,-,https://cdn.sofifa.net/flags/ar.png,-,-,Medium,Low,69,70,69,72,37,67,68,70,58,70,65,73,64,68,66,72,66,72,76,60,73,70,72,70,74,70,45,49,70,70,70,65,32,29,26,10,15,16,15,10,70,70,69,69,69,70,70,70,68,70,58,57,58,54,50,54,20,C. Aquino,70,70,1500000,30,1834,LM,Argentina,Midfield,Rotation 70-77,Midfield / Rotation 70-77
M. Debuchy,Mathieu Debuchy,70,70,275000,"CB,RB",CB,France,https://cdn.sofifa.net/players/158/626/23_60.png,36,176,76,1947,402,Valenciennes FC,3000,481000,CB,2023,26,2021,-,Right,3,3,3,-,https://cdn.sofifa.net/flags/fr.png,-,-,Medium,Medium,61,65,67,68,71,70,68,62,68,68,61,65,72,61,66,70,62,61,70,73,69,69,80,67,70,66,73,73,69,64,63,75,74,68,66,8,9,7,15,10,70,67,67,67,67,67,70,70,70,70,70,70,70,70,70,70,20,M. Debuchy,70,70,275000,36,1947,CB,France,Defender,Rotation 70-77,Defender / Rotation 70-77
S. Ernst,Sebastian Ernst,70,71,1800000,"CAM,CM",CAM,Germany,https://cdn.sofifa.net/players/223/652/23_60.png,27,179,68,1861,392,Hannover 96,15000,3000000,SUB,2024,10,2021,-,Left,3,3,1,-,https://cdn.sofifa.net/flags/de.png,-,-,Medium,High,68,60,66,74,56,68,61,62,65,71,46,71,53,55,68,75,77,60,81,70,82,65,82,85,64,54,52,59,69,68,54,69,51,56,59,11,7,8,11,9,69,69,69,69,69,69,71,71,71,71,68,67,68,66,62,66,18,S. Ernst,70,71,1800000,27,1861,CAM,Germany,Midfield,Rotation 70-77,Midfield / Rotation 70-77
F. Russo,Franco Russo,70,73,1800000,CB,CB,Argentina,https://cdn.sofifa.net/players/245/156/23_60.png,27,185,78,1541,337,RCD Mallorca,13000,4099999,SUB,2024,5,2018,-,Right,3,2,1,-,https://cdn.sofifa.net/flags/ar.png,-,-,Medium,Medium,62,33,52,48,72,70,41,31,62,68,32,37,37,29,57,65,55,67,33,64,49,44,91,73,73,25,55,76,24,39,50,55,73,72,70,11,8,11,14,5,50,47,47,47,47,47,50,53,58,53,67,69,67,69,72,69,18,F. Russo,70,73,1800000,27,1541,CB,Argentina,Defender,Rotation 70-77,Defender / Rotation 70-77
R. Dugimont,Rémy Dugimont,70,70,525000,"LM,CAM,ST",ST,France,https://cdn.sofifa.net/players/216/229/23_60.png,36,182,75,1881,389,AJ Auxerre,8000,1100000,SUB,2023,21,2018,-,Right,3,3,1,-,https://cdn.sofifa.net/flags/fr.png,-,-,High,Low,55,73,70,69,40,82,72,73,73,72,69,70,68,69,67,69,53,57,77,58,61,74,78,91,83,74,70,39,77,68,70,68,46,29,26,6,7,11,12,12,70,69,69,69,69,69,70,70,69,70,59,59,59,55,54,55,17,R. Dugimont,70,70,525000,36,1881,ST,France,Forward,Rotation 70-77,Forward / Rotation 70-77
A. Rinomhota,Andy Rinomhota,70,74,2000000,"CDM,CM",CB,England,https://cdn.sofifa.net/players/228/517/23_60.png,25,175,72,1890,412,Cardiff City,16000,3900000,CM,2025,35,2022,-,Right,3,3,1,-,https://cdn.sofifa.net/flags/gb-eng.png,-,-,High,High,80,54,59,68,71,80,56,53,66,66,57,69,59,35,57,65,76,84,66,68,83,58,72,83,80,53,80,71,57,59,45,65,69,74,74,13,8,12,13,9,65,64,64,64,64,64,66,68,66,68,73,71,73,73,74,73,19,A. Rinomhota,70,74,2000000,25,1890,CB,England,Defender,Rotation 70-77,Defender / Rotation 70-77
C. Ferreira,Cristian Ferreira,70,76,2500000,"CM,CAM",CAM,Argentina,https://cdn.sofifa.net/players/241/568/23_60.png,22,175,69,1982,413,Newell's Old Boys,8000,0,CAM,2023,30,2017,TRUE,Right,3,3,1,-,https://cdn.sofifa.net/flags/ar.png,-,-,Medium,Low,76,71,74,73,57,62,75,63,55,72,71,73,80,80,75,72,75,76,79,67,75,86,61,65,59,75,65,55,68,75,67,75,57,60,58,10,11,5,8,9,71,72,71,71,71,72,74,74,72,74,68,67,68,67,62,67,18,C. Ferreira,70,76,2500000,22,1982,CAM,Argentina,Midfield,Rotation 70-77,Midfield / Rotation 70-77
Copete,José Manuel Arias Copete,70,80,3300000,CB,CB,Spain,https://cdn.sofifa.net/players/263/396/23_60.png,22,192,73,1550,339,RCD Mallorca,11000,7900000,CB,2026,6,2022,-,Left,2,2,1,-,https://cdn.sofifa.net/flags/es.png,-,-,Medium,Medium,60,33,51,54,71,70,36,32,74,64,36,50,35,29,60,61,62,58,40,62,50,43,68,66,70,22,75,73,31,44,45,62,69,73,68,11,13,9,13,8,52,48,49,49,49,48,52,54,58,54,64,68,64,66,72,66,19,Copete,70,80,3300000,22,1550,CB,Spain,Defender,Rotation 70-77,Defender / Rotation 70-77
B. Locko,Bradley Locko,70,79,3300000,"LB,LWB,LM",LB,France,https://cdn.sofifa.net/players/263/908/23_60.png,20,180,65,1769,387,Stade de Reims,9000,7300000,LWB,2023,28,2020,-,Left,2,2,1,-,https://cdn.sofifa.net/flags/fr.png,-,-,Medium,Medium,75,51,60,68,67,66,61,48,68,66,28,69,60,42,58,69,74,76,64,65,69,59,64,68,67,55,62,67,56,52,49,61,65,68,68,13,11,7,9,12,63,64,63,63,63,64,64,66,65,66,69,67,69,70,69,70,19,B. Locko,70,79,3300000,20,1769,LB,France,Defender,Rotation 70-77,Defender / Rotation 70-77
J. Eggestein,Johannes Eggestein,70,76,2500000,"ST,RW",CAM,Germany,https://cdn.sofifa.net/players/234/399/23_60.png,24,183,75,1805,378,FC St. Pauli,10000,4500000,ST,2025,11,2022,-,Right,4,3,1,-,https://cdn.sofifa.net/flags/de.png,-,-,High,High,70,68,70,74,36,60,69,68,65,72,70,74,73,52,69,76,73,68,74,70,71,71,71,67,64,65,37,37,68,73,66,71,44,24,20,14,10,8,7,15,72,71,71,71,71,71,74,73,69,73,57,56,57,54,48,54,20,J. Eggestein,70,76,2500000,24,1805,CAM,Germany,Midfield,Rotation 70-77,Midfield / Rotation 70-77
B. Gibson,Ben Gibson,70,70,1300000,CB,CB,England,https://cdn.sofifa.net/players/200/408/23_60.png,29,185,78,1502,318,Norwich City,22000,2500000,SUB,2024,6,2021,-,Left,3,2,1,-,https://cdn.sofifa.net/flags/gb-eng.png,-,-,Low,Medium,50,27,48,46,71,76,29,24,72,62,20,40,38,22,57,50,52,48,47,58,60,35,78,67,82,22,73,70,27,44,48,55,70,73,71,12,8,16,16,11,46,42,43,43,43,42,47,48,54,48,61,67,61,63,70,63,19,B. Gibson,70,70,1300000,29,1502,CB,England,Defender,Rotation 70-77,Defender / Rotation 70-77
P. Neumann,Phil Neumann,70,75,2200000,"CB,RB",RB,Germany,https://cdn.sofifa.net/players/236/217/23_60.png,24,192,82,1717,394,Hannover 96,12000,3700000,CB,2022,5,2022,-,Right,3,2,1,-,https://cdn.sofifa.net/flags/de.png,-,-,Medium,High,88,33,61,66,69,77,68,28,65,67,28,65,45,22,60,70,84,92,65,62,63,36,57,80,81,38,66,69,48,56,38,52,70,70,69,14,12,12,10,7,57,62,58,58,58,62,62,67,64,67,73,70,73,74,72,74,18,P. Neumann,70,75,2200000,24,1717,RB,Germany,Defender,Rotation 70-77,Defender / Rotation 70-77
L. Tempelmann,Lino Tempelmann,70,75,2400000,"CM,CDM",CAM,Germany,https://cdn.sofifa.net/players/241/085/23_60.png,23,174,74,1876,404,1. FC Nürnberg,13000,0,CDM,2023,6,2018,TRUE,Right,3,3,1,-,https://cdn.sofifa.net/flags/de.png,-,-,High,Medium,81,53,65,73,66,66,54,52,67,71,47,73,53,43,66,72,83,80,78,72,84,52,83,80,59,58,64,68,70,71,36,65,64,69,61,9,8,13,10,6,67,69,69,69,69,69,72,72,72,72,71,71,71,71,69,71,18,L. Tempelmann,70,75,2400000,23,1876,CAM,Germany,Midfield,Rotation 70-77,Midfield / Rotation 70-77
Antônio Carlos,Antônio Carlos Cunha Capocasali Jr,70,70,1300000,CB,CB,Brazil,https://cdn.sofifa.net/players/209/597/23_60.png,29,191,79,1516,330,Orlando City Soccer Club,5000,2000000,CB,2023,25,2021,-,Right,2,2,1,-,https://cdn.sofifa.net/flags/br.png,-,-,Medium,High,58,34,43,44,71,80,30,28,73,56,36,33,32,35,50,52,61,55,59,65,32,48,65,69,89,29,74,70,30,33,45,60,68,73,69,13,6,10,12,16,50,43,44,44,44,43,46,47,52,47,61,65,61,64,70,64,20,Antônio Carlos,70,70,1300000,29,1516,CB,Brazil,Defender,Rotation 70-77,Defender / Rotation 70-77
J. Elías,Jalil Elías,70,72,2000000,"CM,RM,RWB",CDM,Argentina,https://cdn.sofifa.net/players/231/360/23_60.png,26,175,69,1903,402,San Lorenzo de Almagro,9000,3200000,CM,2023,27,2021,-,Right,2,3,1,-,https://cdn.sofifa.net/flags/ar.png,-,-,Medium,Medium,68,57,68,69,68,72,67,50,61,72,47,66,58,53,69,71,70,67,70,70,74,65,70,82,66,63,75,70,66,69,57,71,67,68,70,9,6,13,9,13,65,67,66,66,66,67,70,70,72,70,72,72,72,72,70,72,18,J. Elías,70,72,2000000,26,1903,CDM,Argentina,Midfield,Rotation 70-77,Midfield / Rotation 70-77
Mikel Rico,Mikel Rico Moreno,70,70,500000,"CM,CDM",CDM,Spain,https://cdn.sofifa.net/players/146/111/23_60.png,37,179,75,1858,375,FC Cartagena,4000,800000,CDM,2023,17,2022,-,Right,3,2,1,-,https://cdn.sofifa.net/flags/es.png,-,-,Medium,Medium,32,68,66,66,71,72,55,67,58,71,53,63,52,63,70,68,35,29,66,75,70,78,71,65,75,65,72,76,69,71,60,74,69,73,69,15,7,10,9,9,67,62,65,65,65,62,68,64,70,64,67,70,67,66,70,66,19,Mikel Rico,70,70,500000,37,1858,CDM,Spain,Midfield,Rotation 70-77,Midfield / Rotation 70-77
José Rodríguez,José Rodríguez Martínez,70,71,1800000,"CM,CDM,CAM",CM,Spain,https://cdn.sofifa.net/players/210/111/23_60.png,27,181,75,1898,397,Royale Union Saint-Gilloise,10000,2800000,SUB,2024,4,2022,-,Right,3,3,1,-,https://cdn.sofifa.net/flags/es.png,-,-,Medium,Medium,56,64,69,70,67,71,68,61,62,71,54,70,63,63,70,72,55,56,66,69,66,70,57,73,71,66,72,71,64,68,68,65,67,68,64,9,13,9,15,7,67,66,67,67,67,66,70,69,71,69,70,71,70,69,70,69,19,José Rodríguez,70,71,1800000,27,1898,CM,Spain,Midfield,Rotation 70-77,Midfield / Rotation 70-77
M. Perrone,Máximo Perrone,70,85,3800000,"CM,CDM",CM,Argentina,https://cdn.sofifa.net/players/267/991/23_60.png,19,178,64,1742,381,Vélez Sarsfield,5000,8100000,CM,2023,16,2022,-,Left,3,2,1,-,https://cdn.sofifa.net/flags/ar.png,-,-,Medium,Medium,62,54,63,73,69,60,47,54,53,74,47,75,52,35,70,76,64,60,66,61,63,56,47,75,60,52,44,75,64,65,44,63,70,69,68,11,10,15,9,11,63,65,66,66,66,65,70,68,72,68,70,71,70,69,67,69,18,M. Perrone,70,85,3800000,19,1742,CM,Argentina,Midfield,Rotation 70-77,Midfield / Rotation 70-77
M. Le Bihan,Mickaël Le Bihan,70,70,1300000,"ST,CAM",ST,France,https://cdn.sofifa.net/players/201/145/23_60.png,32,185,85,1819,370,Dijon FCO,5000,2300000,ST,2024,8,2021,-,Right,3,3,1,-,https://cdn.sofifa.net/flags/fr.png,-,-,High,High,49,72,60,69,46,74,56,71,71,62,68,69,59,63,55,71,58,42,64,70,64,78,82,64,80,69,67,52,75,62,69,71,41,40,39,13,16,8,8,13,70,65,68,68,68,65,68,66,65,66,57,59,57,55,58,55,21,M. Le Bihan,70,70,1300000,32,1819,ST,France,Forward,Rotation 70-77,Forward / Rotation 70-77
C. Davies,Curtis Davies,70,70,275000,CB,CB,England,https://cdn.sofifa.net/players/163/761/23_60.png,37,188,76,1491,316,Derby County,3000,481000,SUB,2023,33,2017,-,Right,3,2,2,-,https://cdn.sofifa.net/flags/gb-eng.png,-,-,Medium,High,43,36,46,52,73,66,25,32,73,61,33,42,26,25,58,63,44,42,52,67,50,49,75,45,75,34,65,75,42,40,33,71,74,71,69,7,9,10,15,10,52,46,49,49,49,46,52,49,57,49,59,67,59,62,70,62,18,C. Davies,70,70,275000,37,1491,CB,England,Defender,Rotation 70-77,Defender / Rotation 70-77
S. Moreira,Steven Moreira,70,70,1500000,"RB,RWB",RB,France,https://cdn.sofifa.net/players/212/401/23_60.png,27,179,75,1687,366,Columbus Crew,5000,2300000,RB,2022,31,2021,-,Right,2,3,1,-,https://cdn.sofifa.net/flags/fr.png,-,-,Medium,Medium,68,32,65,65,66,70,68,26,55,71,35,63,43,29,65,63,70,66,76,66,68,43,47,81,65,28,74,69,56,67,37,62,68,66,65,10,14,9,15,9,54,60,57,57,57,60,63,66,66,66,70,70,70,70,67,70,20,S. Moreira,70,70,1500000,27,1687,RB,France,Defender,Rotation 70-77,Defender / Rotation 70-77
F. Colidio,Facundo Colidio,70,80,3600000,"LM,CAM,RM",ST,Argentina,https://cdn.sofifa.net/players/245/461/23_60.png,22,179,68,1756,367,Club Atlético Tigre,25000,0,LM,2022,11,2017,TRUE,Right,4,3,1,-,https://cdn.sofifa.net/flags/ar.png,-,-,High,Medium,71,70,66,72,35,53,61,71,71,70,65,72,60,55,63,73,72,70,75,68,73,71,68,70,50,70,34,40,70,68,67,65,40,21,16,6,9,13,12,12,72,70,71,71,71,70,72,71,67,71,56,53,56,52,46,52,18,F. Colidio,70,80,3600000,22,1756,ST,Argentina,Forward,Rotation 70-77,Forward / Rotation 70-77
Nono,Jose Antonio Delgado Villar,70,70,1600000,"CM,CDM",CM,Spain,https://cdn.sofifa.net/players/208/818/23_60.png,29,178,72,1886,397,Damac FC,13000,2600000,SUB,2023,10,2022,-,Right,3,3,1,-,https://cdn.sofifa.net/flags/es.png,-,-,Medium,Medium,69,63,70,72,60,63,61,59,49,75,48,71,72,72,72,76,68,69,76,62,74,71,59,71,63,69,55,60,63,68,65,59,62,64,56,8,11,11,15,11,66,68,68,68,68,68,70,70,70,70,67,68,67,66,63,66,19,Nono,70,70,1600000,29,1886,CM,Spain,Midfield,Rotation 70-77,Midfield / Rotation 70-77
B. Brahimi,Billal Brahimi,70,79,3600000,"LM,ST",LM,France,https://cdn.sofifa.net/players/257/975/23_60.png,22,183,73,1700,371,OGC Nice,18000,7600000,SUB,2026,14,2022,-,Left,3,3,1,-,https://cdn.sofifa.net/flags/fr.png,-,-,High,Medium,77,63,65,73,29,64,69,62,58,66,56,77,64,64,58,72,76,77,69,60,68,69,64,63,76,62,36,22,67,63,54,59,19,34,31,15,6,10,6,7,69,69,68,68,68,69,70,71,64,71,55,50,55,51,45,51,16,B. Brahimi,70,79,3600000,22,1700,LM,France,Midfield,Rotation 70-77,Midfield / Rotation 70-77
Brugui,Roger Brugué Ayguade,70,73,2100000,"RM,LM",CAM,Spain,https://cdn.sofifa.net/players/241/591/23_60.png,25,174,68,1822,391,Levante Unión Deportiva,7000,3500000,SUB,2025,17,2021,-,Left,3,3,1,-,https://cdn.sofifa.net/flags/es.png,-,-,High,Medium,88,62,63,73,40,65,60,64,52,66,54,73,62,72,58,71,90,86,89,64,79,59,70,74,63,61,55,40,64,64,69,62,29,46,44,12,5,14,7,6,68,70,68,68,68,70,71,71,66,71,61,57,61,59,52,59,16,Brugui,70,73,2100000,25,1822,CAM,Spain,Midfield,Rotation 70-77,Midfield / Rotation 70-77
C. Bordacahar,Cristian Bordacahar,70,70,1500000,"RW,ST,RM",RW,Argentina,https://cdn.sofifa.net/players/219/575/23_60.png,30,179,81,1705,365,FBC Melgar,600,3300000,RM,2022,7,2021,-,Right,3,4,1,-,https://cdn.sofifa.net/flags/ar.png,-,-,High,Medium,81,66,62,72,27,57,70,70,67,65,53,79,53,56,51,67,82,80,70,70,64,66,81,70,59,60,31,16,62,60,66,59,23,27,22,14,12,15,9,15,70,70,69,69,69,70,69,70,62,70,54,47,54,51,42,51,21,C. Bordacahar,70,70,1500000,30,1705,RW,Argentina,Forward,Rotation 70-77,Forward / Rotation 70-77
A. Reach,Adam Reach,70,70,1400000,"LWB,LW,CM",LWB,England,https://cdn.sofifa.net/players/204/215/23_60.png,29,185,73,1913,409,West Bromwich Albion,18000,2700000,SUB,2024,20,2021,-,Left,4,3,1,-,https://cdn.sofifa.net/flags/gb-eng.png,-,-,High,Medium,73,66,68,71,62,69,70,62,57,69,67,70,66,51,67,71,69,77,73,69,71,74,77,81,74,72,39,57,65,69,55,69,66,64,62,8,11,8,16,6,69,69,69,69,69,69,70,70,70,70,70,68,70,69,65,69,19,A. Reach,70,70,1400000,29,1913,LWB,England,Defender,Rotation 70-77,Defender / Rotation 70-77
Aitor Buñuel,Aitor Buñuel Redrado,70,77,3000000,"RB,CB",RWB,Spain,https://cdn.sofifa.net/players/228/790/23_60.png,24,173,70,1732,382,CD Tenerife,5000,5400000,SUB,2024,2,2022,-,Right,3,2,1,-,https://cdn.sofifa.net/flags/es.png,-,-,High,Medium,84,38,59,68,62,71,69,36,53,65,31,66,45,36,56,68,83,84,77,64,88,44,60,86,65,35,72,65,54,51,43,60,62,63,65,8,7,14,7,10,57,63,59,59,59,63,62,67,63,67,71,67,71,70,66,70,16,Aitor Buñuel,70,77,3000000,24,1732,RWB,Spain,Defender,Rotation 70-77,Defender / Rotation 70-77
R. Aabid,Rayane Aabid,70,70,1500000,"CM,CDM",CM,France,https://cdn.sofifa.net/players/240/053/23_60.png,30,178,71,1889,405,Atakaş Hatayspor,9000,3000000,CM,2024,10,2022,-,Right,3,3,1,-,https://cdn.sofifa.net/flags/fr.png,-,-,Medium,Medium,70,60,71,73,63,68,67,58,48,74,52,72,70,60,72,73,71,69,75,68,76,65,54,78,64,64,67,71,60,70,53,75,64,64,59,9,12,8,8,14,65,69,67,67,67,69,70,70,70,70,70,70,70,69,66,69,19,R. Aabid,70,70,1500000,30,1889,CM,France,Midfield,Rotation 70-77,Midfield / Rotation 70-77
C. Okoroji,Chima Okoroji,70,75,2200000,LB,LB,England,https://cdn.sofifa.net/players/245/428/23_60.png,25,178,73,1732,374,SV Sandhausen,5000,3700000,LB,2024,36,2021,-,Left,3,2,1,-,https://cdn.sofifa.net/flags/gb-eng.png,-,-,High,Medium,82,34,64,70,63,61,70,31,50,68,21,68,76,58,62,71,79,85,79,64,76,42,60,70,56,33,64,61,52,49,35,60,64,68,64,13,14,10,8,11,56,63,59,59,59,63,63,67,64,67,70,67,70,70,65,70,19,C. Okoroji,70,75,2200000,25,1732,LB,England,Defender,Rotation 70-77,Defender / Rotation 70-77
José Mari,José María Martín Bejarano,70,70,550000,"CDM,CM",CDM,Spain,https://cdn.sofifa.net/players/210/868/23_60.png,34,180,69,1866,383,Cádiz CF,14000,1200000,SUB,2024,6,2016,-,Right,3,2,1,-,https://cdn.sofifa.net/flags/es.png,-,-,Medium,High,58,59,66,64,68,68,58,49,57,71,66,59,71,56,65,70,63,54,62,71,66,74,79,60,68,65,75,71,57,68,53,60,64,74,66,8,14,12,6,14,64,62,63,63,63,62,66,65,69,65,68,70,68,68,70,68,19,José Mari,70,70,550000,34,1866,CDM,Spain,Midfield,Rotation 70-77,Midfield / Rotation 70-77
V. Pajot,Vincent Pajot,70,70,1300000,"CM,CDM",CM,France,https://cdn.sofifa.net/players/198/836/23_60.png,31,180,70,1871,382,FC Annecy,4000,2300000,CM,2022,17,2022,-,Right,3,2,1,-,https://cdn.sofifa.net/flags/fr.png,-,-,Medium,Medium,50,56,69,69,66,72,65,52,67,74,47,67,56,54,68,70,63,40,69,71,71,60,73,77,71,62,70,62,65,73,59,68,65,70,67,9,11,16,16,11,64,65,65,65,65,65,69,68,70,68,69,70,69,68,70,68,20,V. Pajot,70,70,1300000,31,1871,CM,France,Midfield,Rotation 70-77,Midfield / Rotation 70-77
M. Hartel,Marcel Hartel,70,73,2100000,CM,CAM,Germany,https://cdn.sofifa.net/players/233/125/23_60.png,26,177,68,1806,377,FC St. Pauli,11000,3500000,LM,2024,10,2021,-,Right,4,3,1,-,https://cdn.sofifa.net/flags/de.png,-,-,High,High,71,64,69,76,36,61,62,61,45,72,67,76,67,60,69,75,74,69,84,72,81,69,56,92,47,66,56,50,67,72,48,64,31,32,27,14,15,8,10,12,67,71,70,70,70,71,73,73,72,73,61,60,61,57,47,57,21,M. Hartel,70,73,2100000,26,1806,CAM,Germany,Midfield,Rotation 70-77,Midfield / Rotation 70-77
M. Beier,Maximilian Beier,70,82,3800000,"ST,RM",ST,Germany,https://cdn.sofifa.net/players/254/117/23_60.png,19,183,72,1686,368,Hannover 96,12000,0,ST,2023,14,2019,TRUE,Right,3,3,1,-,https://cdn.sofifa.net/flags/de.png,-,-,Medium,Medium,86,68,61,71,25,57,55,72,61,67,58,70,50,41,55,70,81,90,80,69,74,66,61,78,50,65,47,22,75,67,61,57,22,21,17,6,8,8,6,13,72,71,71,71,71,71,72,72,65,72,53,49,53,50,41,50,17,M. Beier,70,82,3800000,19,1686,ST,Germany,Forward,Rotation 70-77,Forward / Rotation 70-77
T. Dingomé,Tristan Dingomé,70,70,1300000,"CM,CAM",CM,France,https://cdn.sofifa.net/players/206/506/23_60.png,31,174,71,1899,397,ESTAC Troyes,11000,2600000,SUB,2023,5,2020,-,Left,3,3,1,-,https://cdn.sofifa.net/flags/fr.png,-,-,Medium,Medium,58,64,71,72,66,66,70,60,51,72,59,71,66,64,70,73,58,58,78,70,76,69,43,71,65,68,70,69,67,72,61,70,67,67,65,6,11,11,11,10,67,68,68,68,68,68,70,70,70,70,70,70,70,69,67,69,18,T. Dingomé,70,70,1300000,31,1899,CM,France,Midfield,Rotation 70-77,Midfield / Rotation 70-77
V. Marchetti,Vincent Marchetti,70,75,2200000,"CDM,CM,LB",CDM,France,https://cdn.sofifa.net/players/228/774/23_60.png,24,181,71,1882,396,AC Ajaccio,9000,4600000,CDM,2024,8,2020,-,Left,3,3,1,-,https://cdn.sofifa.net/flags/fr.png,-,-,Medium,High,68,55,66,70,67,70,62,48,62,71,59,69,61,58,67,70,68,68,78,68,68,63,61,73,71,60,68,66,60,66,57,68,68,68,68,12,10,10,15,9,64,65,65,65,65,65,68,68,69,68,70,71,70,70,69,70,20,V. Marchetti,70,75,2200000,24,1882,CDM,France,Midfield,Rotation 70-77,Midfield / Rotation 70-77
J. Ralls,Joe Ralls,70,70,1600000,"CM,CDM,CAM",CM,England,https://cdn.sofifa.net/players/204/464/23_60.png,28,178,70,1954,400,Cardiff City,20000,3000000,SUB,2024,8,2011,-,Left,2,3,1,-,https://cdn.sofifa.net/flags/gb-eng.png,-,-,Medium,High,61,68,71,68,66,66,71,66,50,72,63,66,71,70,72,71,64,59,69,70,68,71,59,75,58,69,76,67,67,71,74,70,67,70,68,9,16,13,11,11,67,68,68,68,68,68,70,70,70,70,70,70,70,70,68,70,20,J. Ralls,70,70,1600000,28,1954,CM,England,Midfield,Rotation 70-77,Midfield / Rotation 70-77
D. Gosling,Dan Gosling,70,70,1300000,CM,CM,England,https://cdn.sofifa.net/players/184/749/23_60.png,32,183,79,1894,389,Watford,23000,2500000,SUB,2023,16,2021,-,Right,3,3,1,-,https://cdn.sofifa.net/flags/gb-eng.png,-,-,Medium,Medium,50,67,70,68,70,64,66,64,65,73,62,65,63,57,71,73,51,49,62,73,67,71,64,54,65,70,73,71,69,71,61,76,70,70,68,6,15,14,15,6,69,66,68,68,68,66,70,68,70,68,68,70,68,68,70,68,20,D. Gosling,70,70,1300000,32,1894,CM,England,Midfield,Rotation 70-77,Midfield / Rotation 70-77
G. Ávila,Gastón Ávila,70,81,3300000,CB,CB,Argentina,https://cdn.sofifa.net/players/247/467/23_60.png,20,182,75,1734,376,Royal Antwerp FC,8000,5600000,RES,2027,22,2022,-,Left,3,2,1,-,https://cdn.sofifa.net/flags/ar.png,-,-,Medium,Medium,73,36,60,64,70,73,38,32,69,70,28,61,56,55,64,65,70,75,67,65,69,49,77,71,74,32,70,70,41,63,45,71,70,70,68,14,11,10,9,6,56,56,57,57,57,56,61,61,65,61,67,70,67,68,72,68,18,G. Ávila,70,81,3300000,20,1734,CB,Argentina,Defender,Rotation 70-77,Defender / Rotation 70-77
H. Marcelin,Harisson Marcelin,70,80,3300000,CB,CB,France,https://cdn.sofifa.net/players/242/603/23_60.png,22,197,82,1536,341,KSV Cercle Brugge,19000,0,CB,2023,24,2020,TRUE,Right,3,2,1,-,https://cdn.sofifa.net/flags/fr.png,-,-,Medium,Medium,60,35,49,51,71,75,24,30,69,64,32,49,28,32,58,55,54,64,40,68,35,59,67,66,83,27,69,68,27,52,35,65,70,73,72,15,11,12,14,14,52,47,49,49,49,47,52,52,58,52,62,68,62,65,72,65,21,H. Marcelin,70,80,3300000,22,1536,CB,France,Defender,Rotation 70-77,Defender / Rotation 70-77
K. Gutiérrez,Kevin Gutiérrez,70,75,2100000,"CDM,CM",CAM,Argentina,https://cdn.sofifa.net/players/241/833/23_60.png,25,168,65,1901,407,Defensa y Justicia,9000,0,CDM,2022,5,2018,TRUE,Right,2,2,1,-,https://cdn.sofifa.net/flags/ar.png,-,-,Medium,Medium,76,59,66,72,62,72,53,60,47,77,45,69,51,59,68,73,80,72,80,65,87,61,81,81,65,58,75,66,60,66,53,63,63,64,64,9,10,14,14,11,65,68,67,67,67,68,71,71,71,71,70,71,70,69,67,69,19,K. Gutiérrez,70,75,2100000,25,1901,CAM,Argentina,Midfield,Rotation 70-77,Midfield / Rotation 70-77
E. Isnaldo,Eugenio Isnaldo,70,70,1600000,LM,LM,Argentina,https://cdn.sofifa.net/players/215/208/23_60.png,28,180,72,1844,396,Atlético Tucumán,8000,2400000,SUB,2022,19,2022,-,Left,3,3,1,-,https://cdn.sofifa.net/flags/ar.png,-,-,High,Medium,76,65,66,74,48,67,70,63,47,68,59,73,73,49,55,73,75,76,80,66,79,70,60,67,67,65,67,45,68,67,63,79,45,51,53,10,15,9,9,7,68,70,69,69,69,70,70,70,67,70,64,61,64,62,57,62,18,E. Isnaldo,70,70,1600000,28,1844,LM,Argentina,Midfield,Rotation 70-77,Midfield / Rotation 70-77
E. Cañete,Ezequiel Cañete,70,78,3500000,CM,CAM,Argentina,https://cdn.sofifa.net/players/256/167/23_60.png,23,175,74,1899,399,Unión de Santa Fe,7000,6000000,SUB,2025,10,2020,-,Right,3,3,1,-,https://cdn.sofifa.net/flags/ar.png,-,-,High,Medium,71,69,71,70,50,68,57,65,53,74,63,72,78,72,75,70,69,72,68,59,80,79,63,83,66,69,56,49,73,75,64,57,47,53,49,11,12,7,8,8,70,69,70,70,70,69,73,72,72,72,64,64,64,62,57,62,17,E. Cañete,70,78,3500000,23,1899,CAM,Argentina,Midfield,Rotation 70-77,Midfield / Rotation 70-77
G. Kilota,Gérald Kilota,70,70,1600000,"LM,LWB,CDM",LM,France,https://cdn.sofifa.net/players/216/232/23_60.png,28,171,66,1891,406,Seraing,10000,2300000,RES,2023,8,2016,-,Left,2,3,1,-,https://cdn.sofifa.net/flags/fr.png,-,-,High,High,80,60,62,75,64,65,63,59,57,65,33,79,56,56,61,69,82,79,81,67,85,67,72,75,56,64,71,68,60,60,59,65,64,64,64,12,10,10,10,13,66,69,67,67,67,69,69,70,68,70,70,68,70,70,66,70,19,G. Kilota,70,70,1600000,28,1891,LM,France,Midfield,Rotation 70-77,Midfield / Rotation 70-77
Q. Boisgard,Quentin Boisgard,70,73,2100000,"CM,LW,LM",CM,France,https://cdn.sofifa.net/players/231/848/23_60.png,25,174,75,1824,384,FC Lorient,10000,4400000,SUB,2023,17,2020,-,Right,4,3,1,-,https://cdn.sofifa.net/flags/fr.png,-,-,Medium,Medium,56,63,72,71,55,67,68,63,48,76,60,74,64,69,73,71,60,53,61,63,72,61,54,71,69,61,62,52,68,71,70,65,53,62,53,13,5,8,9,7,66,67,67,67,67,67,71,71,72,71,65,67,65,62,61,62,16,Q. Boisgard,70,73,2100000,25,1824,CM,France,Midfield,Rotation 70-77,Midfield / Rotation 70-77
